TransactionID,Date,CustomerID,CustomerName,Branch,ProductCategory,ProductName,Quantity,UnitPrice,TotalAmount,PaymentMethod,CustomerNameWasMissing,ProductCategoryWasMissing,UnitPriceWasMissing,PaymentMethodWasMissing,Year,Month,MonthName,YearMonth,DayOfWeek,DayNumber,IsWeekend,City,CalculatedTotal,TotalDifference
TXN103539,2025-10-05,CUST1130,Alina Rai,Bhaktapur - Suryabinayak,Apparel,Winter Jacket,4,2794.25,11177.0,Khalti,False,False,False,False,2025,10,October,2025-10,Sunday,6,True,Bhaktapur,11177.0,0.0
TXN104948,2025-11-01,CUST1098,Bijay Khadka,Bhaktapur - Suryabinayak,Electronics,USB Cable Type-C,4,1630.72,6522.88,Cash,False,True,False,False,2025,11,November,2025-11,Saturday,5,True,Bhaktapur,6522.88,0.0
TXN104760,2025-09-20,CUST1052,Aashish Poudel,Lalitpur - Pulchowk,Electronics,Extension Board,3,3200.73,9602.19,Cash,False,False,False,False,2025,9,September,2025-09,Saturday,5,True,Lalitpur,9602.19,0.0
TXN100920,2025-06-22,CUST1088,Deepak Lama,Kathmandu - Kupondole,Electronics,USB Cable Type-C,3,1701.43,5104.29,Cash,False,False,False,False,2025,6,June,2025-06,Sunday,6,True,Kathmandu,5104.29,0.0
TXN102943,2025-10-05,CUST1044,Puja Magar,Butwal - Traffic Chowk,Apparel,Formal Shirt,4,1943.16,7772.64,eSewa,False,False,False,False,2025,10,October,2025-10,Sunday,6,True,Butwal,7772.64,0.0
TXN101645,2025-12-21,CUST1013,Kiran Shrestha,Biratnagar - Main Road,Apparel,Socks (3-pair pack),2,2977.06,5954.12,eSewa,False,False,False,False,2025,12,December,2025-12,Sunday,6,True,Biratnagar,5954.12,0.0
TXN101948,2025-06-09,CUST1025,Kiran Poudel,Kathmandu - Kupondole,Apparel,Winter Jacket,4,1541.58,6166.32,Cash,False,False,False,False,2025,6,June,2025-06,Monday,0,False,Kathmandu,6166.32,0.0
TXN104729,2025-01-22,CUST1075,Deepak Magar,Butwal - Traffic Chowk,Electronics,USB Cable Type-C,4,1688.29,6753.16,Cash,False,False,True,False,2025,1,January,2025-01,Wednesday,2,False,Butwal,6753.16,0.0
TXN101094,2025-08-22,CUST1127,Sunita Adhikari,Kathmandu - New Road,Apparel,Formal Shirt,4,2322.97,9291.88,Khalti,False,False,False,False,2025,8,August,2025-08,Friday,4,False,Kathmandu,9291.88,0.0
TXN101880,2025-03-26,CUST1145,Manisha Adhikari,Biratnagar - Main Road,Electronics,Wall Clock,3,3087.93,9263.79,Debit/Credit Card,False,False,False,False,2025,3,March,2025-03,Wednesday,2,False,Biratnagar,9263.79,0.0
TXN103843,2025-09-24,CUST1002,Kritika Bhattarai,Butwal - Traffic Chowk,Apparel,Winter Jacket,4,1942.93,7771.72,Cash,False,False,False,False,2025,9,September,2025-09,Wednesday,2,False,Butwal,7771.72,0.0
TXN103960,2025-03-30,CUST1118,Alina Shrestha,Bhaktapur - Suryabinayak,Apparel,Cotton T-Shirt,4,1482.8,5931.2,Khalti,False,False,False,False,2025,3,March,2025-03,Sunday,6,True,Bhaktapur,5931.2,0.0
TXN104575,2025-09-21,CUST1015,Sushma Bhattarai,Kathmandu - Kupondole,Electronics,Bluetooth Earphones,3,3212.05,9636.15,eSewa,False,False,False,False,2025,9,September,2025-09,Sunday,6,True,Kathmandu,9636.15,0.0
TXN105287,2025-10-19,CUST1149,Sarita Poudel,Butwal - Traffic Chowk,Electronics,Power Bank 10000mAh,3,1617.87,4853.61,Khalti,False,False,False,False,2025,10,October,2025-10,Sunday,6,True,Butwal,4853.61,0.0
TXN105302,2025-04-07,CUST1050,Manisha Rai,Pokhara - Lakeside,Electronics,Wall Clock,2,3140.63,6281.26,Debit/Credit Card,False,False,False,False,2025,4,April,2025-04,Monday,0,False,Pokhara,6281.26,0.0
TXN105492,2025-09-02,CUST1003,Kiran Adhikari,Kathmandu - Kupondole,Electronics,Wall Clock,3,3108.76,9326.28,Debit/Credit Card,False,False,False,False,2025,9,September,2025-09,Tuesday,1,False,Kathmandu,9326.28,0.0
TXN105528,2025-04-12,CUST1143,Kritika Shrestha,Bhaktapur - Suryabinayak,Electronics,Wall Clock,4,3021.98,12087.92,Bank Transfer,False,False,False,False,2025,4,April,2025-04,Saturday,5,True,Bhaktapur,12087.92,0.0
TXN103982,2025-10-23,CUST1066,Kritika Khadka,Kathmandu - New Road,Electronics,USB Cable Type-C,2,3360.84,6721.68,Cash,False,False,False,False,2025,10,October,2025-10,Thursday,3,False,Kathmandu,6721.68,0.0
TXN102013,2025-11-15,CUST1016,Neha Poudel,Chitwan - Bharatpur,Apparel,Kids Frock,3,2135.37,6406.11,Debit/Credit Card,True,False,False,False,2025,11,November,2025-11,Saturday,5,True,Chitwan,6406.11,0.0
TXN103866,2025-05-23,CUST1078,Bijay Magar,Kathmandu - Kupondole,Electronics,Wall Clock,4,2352.41,9409.64,Cash,False,False,False,False,2025,5,May,2025-05,Friday,4,False,Kathmandu,9409.64,0.0
TXN104619,2025-05-08,CUST1100,Sujan Shrestha,Pokhara - Lakeside,Apparel,Socks (3-pair pack),3,1908.95,5726.85,Cash,False,False,False,False,2025,5,May,2025-05,Thursday,3,False,Pokhara,5726.85,0.0
TXN104473,2025-10-28,CUST1148,Sarita Basnet,Biratnagar - Main Road,Apparel,Socks (3-pair pack),4,1911.51,7646.04,Cash,False,False,False,False,2025,10,October,2025-10,Tuesday,1,False,Biratnagar,7646.04,0.0
TXN101013,2025-10-10,CUST1003,Kiran Adhikari,Kathmandu - Kupondole,Apparel,Formal Shirt,4,2479.1,9916.4,Cash,False,False,False,False,2025,10,October,2025-10,Friday,4,False,Kathmandu,9916.4,0.0
TXN104560,2025-09-21,CUST1110,Sushma Karki,Kathmandu - New Road,Apparel,Winter Jacket,4,2757.72,11030.88,eSewa,False,False,False,False,2025,9,September,2025-09,Sunday,6,True,Kathmandu,11030.88,0.0
TXN103019,2025-10-14,CUST1100,Sujan Shrestha,Pokhara - Lakeside,Electronics,Wall Clock,2,3006.53,6013.06,Cash,False,False,False,False,2025,10,October,2025-10,Tuesday,1,False,Pokhara,6013.06,0.0
TXN101238,2025-09-24,CUST1016,Neha Poudel,Chitwan - Bharatpur,Electronics,Bluetooth Earphones,3,2371.08,7113.24,Debit/Credit Card,False,False,False,False,2025,9,September,2025-09,Wednesday,2,False,Chitwan,7113.24,0.0
TXN104494,2025-02-17,CUST1002,Kritika Bhattarai,Butwal - Traffic Chowk,Apparel,Socks (3-pair pack),3,2689.38,8068.14,Cash,False,False,False,False,2025,2,February,2025-02,Monday,0,False,Butwal,8068.14,0.0
TXN101671,2025-08-11,CUST1045,Sunita Magar,Kathmandu - Kupondole,Apparel,Kids Frock,3,2240.44,6721.32,Khalti,False,False,False,False,2025,8,August,2025-08,Monday,0,False,Kathmandu,6721.32,0.0
TXN104169,2025-11-15,CUST1009,Sushma Rai,Kathmandu - New Road,Electronics,Wall Clock,3,3069.23,9207.69,Khalti,False,True,False,False,2025,11,November,2025-11,Saturday,5,True,Kathmandu,9207.69,0.0
TXN105879,2025-08-16,CUST1138,Bikash Tamang,Bhaktapur - Suryabinayak,Electronics,Wall Clock,3,2173.55,6520.65,Cash,False,False,False,False,2025,8,August,2025-08,Saturday,5,True,Bhaktapur,6520.65,0.0
TXN105746,2025-04-14,CUST1067,Anita Shrestha,Kathmandu - Kupondole,Electronics,Extension Board,4,1679.21,6716.84,Cash,False,False,False,False,2025,4,April,2025-04,Monday,0,False,Kathmandu,6716.84,0.0
TXN102229,2025-07-31,CUST1078,Bijay Magar,Pokhara - Lakeside,Apparel,Socks (3-pair pack),3,2233.01,6699.03,eSewa,False,False,False,False,2025,7,July,2025-07,Thursday,3,False,Pokhara,6699.03,0.0
TXN101408,2025-10-13,CUST1045,Sunita Magar,Chitwan - Bharatpur,Apparel,Winter Jacket,3,2504.53,7513.59,Khalti,False,False,False,False,2025,10,October,2025-10,Monday,0,False,Chitwan,7513.59,0.0
TXN100174,2025-03-27,CUST1000,Rohit Gurung,Pokhara - Lakeside,Apparel,Cotton T-Shirt,3,2067.28,6201.84,eSewa,False,False,False,False,2025,3,March,2025-03,Thursday,3,False,Pokhara,6201.84,0.0
TXN102144,2025-12-27,CUST1059,Rajesh Shrestha,Kathmandu - Kupondole,Apparel,Kids Frock,4,1767.57,7070.28,eSewa,False,False,False,False,2025,12,December,2025-12,Saturday,5,True,Kathmandu,7070.28,0.0
TXN103197,2025-09-12,CUST1127,Sunita Adhikari,Kathmandu - New Road,Apparel,Winter Jacket,4,2206.49,8825.96,eSewa,False,False,False,False,2025,9,September,2025-09,Friday,4,False,Kathmandu,8825.96,0.0
TXN102251,2025-05-13,CUST1100,Sujan Shrestha,Pokhara - Lakeside,Apparel,Socks (3-pair pack),2,2976.18,5952.36,Cash,False,False,False,False,2025,5,May,2025-05,Tuesday,1,False,Pokhara,5952.36,0.0
TXN105216,2025-10-22,CUST1025,Kiran Poudel,Butwal - Traffic Chowk,Apparel,Socks (3-pair pack),4,2543.65,10174.6,Cash,False,False,False,False,2025,10,October,2025-10,Wednesday,2,False,Butwal,10174.6,0.0
TXN105608,2025-08-08,CUST1044,Puja Magar,Bhaktapur - Suryabinayak,Apparel,Winter Jacket,3,2725.73,8177.19,Cash,False,False,False,False,2025,8,August,2025-08,Friday,4,False,Bhaktapur,8177.19,0.0
TXN105985,2025-10-05,CUST1012,Sabina Maharjan,Bhaktapur - Suryabinayak,Apparel,Socks (3-pair pack),2,2947.4,5894.8,Debit/Credit Card,False,False,False,False,2025,10,October,2025-10,Sunday,6,True,Bhaktapur,5894.8,0.0
TXN102957,2025-10-26,CUST1069,Bijay Magar,Lalitpur - Pulchowk,Apparel,Socks (3-pair pack),4,2139.54,8558.16,Khalti,False,False,False,False,2025,10,October,2025-10,Sunday,6,True,Lalitpur,8558.16,0.0
TXN103578,2025-09-23,CUST1063,Rohit Basnet,Pokhara - Lakeside,Apparel,Winter Jacket,3,1681.46,5044.38,Cash,False,False,False,False,2025,9,September,2025-09,Tuesday,1,False,Pokhara,5044.38,0.0
TXN102445,2025-12-11,CUST1114,Sabnam Khadka,Biratnagar - Main Road,Apparel,Formal Shirt,3,1759.45,5278.35,Cash,False,False,False,False,2025,12,December,2025-12,Thursday,3,False,Biratnagar,5278.35,0.0
TXN101067,2025-08-29,CUST1096,Sabnam Magar,Pokhara - Lakeside,Electronics,Power Bank 10000mAh,4,1844.96,7379.84,Khalti,False,True,False,False,2025,8,August,2025-08,Friday,4,False,Pokhara,7379.84,0.0
TXN105680,2025-09-16,CUST1133,Milan Shrestha,Chitwan - Bharatpur,Apparel,Kids Frock,4,1400.94,5603.76,Khalti,False,False,False,False,2025,9,September,2025-09,Tuesday,1,False,Chitwan,5603.76,0.0
TXN101360,2025-02-10,CUST1005,Milan Lama,Butwal - Traffic Chowk,Electronics,Extension Board,3,3363.35,10090.05,Cash,False,False,False,False,2025,2,February,2025-02,Monday,0,False,Butwal,10090.05,0.0
TXN104234,2025-11-23,CUST1102,Sandip Tamang,Butwal - Traffic Chowk,Electronics,Wall Clock,4,1606.82,6427.28,Cash,False,False,False,False,2025,11,November,2025-11,Sunday,6,True,Butwal,6427.28,0.0
TXN102136,2025-07-20,CUST1012,Sabina Maharjan,Pokhara - Lakeside,Electronics,USB Cable Type-C,3,3148.52,9445.56,eSewa,False,False,False,False,2025,7,July,2025-07,Sunday,6,True,Pokhara,9445.56,0.0
TXN105423,2025-09-02,CUST1052,Aashish Poudel,Butwal - Traffic Chowk,Apparel,Winter Jacket,4,1292.09,5168.36,Debit/Credit Card,False,False,False,False,2025,9,September,2025-09,Tuesday,1,False,Butwal,5168.36,0.0
TXN103671,2025-10-08,CUST1149,Sarita Poudel,Chitwan - Bharatpur,Electronics,Power Bank 10000mAh,3,2297.68,6893.04,eSewa,False,False,True,False,2025,10,October,2025-10,Wednesday,2,False,Chitwan,6893.04,0.0
TXN101229,2025-07-26,CUST1119,Nabin Maharjan,Kathmandu - New Road,Electronics,Extension Board,3,3166.19,9498.57,Cash,False,False,False,False,2025,7,July,2025-07,Saturday,5,True,Kathmandu,9498.57,0.0
TXN101380,2025-04-15,CUST1057,Neha Karki,Kathmandu - New Road,Electronics,Wall Clock,2,3365.03,6730.06,eSewa,False,False,False,False,2025,4,April,2025-04,Tuesday,1,False,Kathmandu,6730.06,0.0
TXN102744,2025-09-08,CUST1002,Kritika Bhattarai,Butwal - Traffic Chowk,Electronics,Wall Clock,2,2455.37,4910.74,Cash,False,False,False,False,2025,9,September,2025-09,Monday,0,False,Butwal,4910.74,0.0
TXN100697,2025-12-07,CUST1058,Alina Lama,Butwal - Traffic Chowk,Apparel,Winter Jacket,3,2003.13,6009.39,eSewa,False,False,False,False,2025,12,December,2025-12,Sunday,6,True,Butwal,6009.39,0.0
TXN102035,2025-02-15,CUST1045,Sunita Magar,Kathmandu - Kupondole,Electronics,Extension Board,4,2114.77,8459.08,Debit/Credit Card,False,False,False,False,2025,2,February,2025-02,Saturday,5,True,Kathmandu,8459.08,0.0
TXN100531,2025-01-06,CUST1097,Milan Basnet,Lalitpur - Pulchowk,Electronics,Power Bank 10000mAh,3,2898.74,8696.22,Cash,False,False,False,False,2025,1,January,2025-01,Monday,0,False,Lalitpur,8696.22,0.0
TXN102472,2025-04-10,CUST1135,Sabina Bhattarai,Lalitpur - Pulchowk,Apparel,Cotton T-Shirt,3,2114.27,6342.81,Cash,False,False,False,False,2025,4,April,2025-04,Thursday,3,False,Lalitpur,6342.81,0.0
TXN104810,2025-02-23,CUST1013,Kiran Shrestha,Biratnagar - Main Road,Apparel,Kids Frock,4,1536.88,6147.52,Khalti,False,False,False,False,2025,2,February,2025-02,Sunday,6,True,Biratnagar,6147.52,0.0
TXN102114,2025-09-03,CUST1057,Neha Karki,Kathmandu - New Road,Electronics,Power Bank 10000mAh,4,3405.08,13620.32,eSewa,False,False,False,False,2025,9,September,2025-09,Wednesday,2,False,Kathmandu,13620.32,0.0
TXN105811,2025-10-07,CUST1138,Bikash Tamang,Bhaktapur - Suryabinayak,Electronics,Power Bank 10000mAh,2,2808.39,5616.78,Cash,False,False,False,False,2025,10,October,2025-10,Tuesday,1,False,Bhaktapur,5616.78,0.0
TXN101562,2025-08-25,CUST1009,Sushma Rai,Kathmandu - New Road,Apparel,Formal Shirt,4,2517.71,10070.84,eSewa,False,False,False,False,2025,8,August,2025-08,Monday,0,False,Kathmandu,10070.84,0.0
TXN102117,2025-09-15,CUST1070,Alina Rai,Kathmandu - Kupondole,Apparel,Formal Shirt,3,1924.42,5773.26,Khalti,False,False,False,False,2025,9,September,2025-09,Monday,0,False,Kathmandu,5773.26,0.0
TXN100782,2025-11-10,CUST1057,Neha Karki,Kathmandu - New Road,Electronics,Wall Clock,3,2148.9,6446.7,Cash,False,False,False,False,2025,11,November,2025-11,Monday,0,False,Kathmandu,6446.7,0.0
TXN101101,2025-05-19,CUST1002,Kritika Bhattarai,Butwal - Traffic Chowk,Apparel,Socks (3-pair pack),4,1179.7,4718.8,Cash,False,False,False,False,2025,5,May,2025-05,Monday,0,False,Butwal,4718.8,0.0
TXN105133,2025-11-19,CUST1052,Aashish Poudel,Lalitpur - Pulchowk,Electronics,USB Cable Type-C,2,2365.85,4731.7,Bank Transfer,False,False,False,False,2025,11,November,2025-11,Wednesday,2,False,Lalitpur,4731.7,0.0
TXN103580,2025-01-18,CUST1015,Sushma Bhattarai,Butwal - Traffic Chowk,Electronics,Extension Board,4,1415.72,5662.88,Bank Transfer,True,False,False,False,2025,1,January,2025-01,Saturday,5,True,Butwal,5662.88,0.0
TXN100547,2025-07-04,CUST1019,Sarita Magar,Biratnagar - Main Road,Apparel,Winter Jacket,2,2396.53,4793.06,eSewa,False,False,False,False,2025,7,July,2025-07,Friday,4,False,Biratnagar,4793.06,0.0
TXN103823,2025-09-17,CUST1049,Sarita Bhattarai,Kathmandu - New Road,Electronics,Bluetooth Earphones,3,2433.59,7300.77,eSewa,False,False,False,False,2025,9,September,2025-09,Wednesday,2,False,Kathmandu,7300.77,0.0
TXN100270,2025-09-29,CUST1122,Prakash Shrestha,Biratnagar - Main Road,Apparel,Winter Jacket,3,2641.35,7924.05,Cash,False,False,False,False,2025,9,September,2025-09,Monday,0,False,Biratnagar,7924.05,0.0
TXN105953,2025-09-30,CUST1118,Alina Shrestha,Bhaktapur - Suryabinayak,Electronics,Wall Clock,2,2544.78,5089.56,eSewa,False,False,False,False,2025,9,September,2025-09,Tuesday,1,False,Bhaktapur,5089.56,0.0
TXN104497,2025-09-15,CUST1020,Deepak Magar,Bhaktapur - Suryabinayak,Apparel,Formal Shirt,3,2743.34,8230.02,Khalti,False,False,False,False,2025,9,September,2025-09,Monday,0,False,Bhaktapur,8230.02,0.0
TXN102664,2025-06-03,CUST1025,Kiran Poudel,Kathmandu - Kupondole,Apparel,Kids Frock,4,2458.47,9833.88,Cash,False,False,False,False,2025,6,June,2025-06,Tuesday,1,False,Kathmandu,9833.88,0.0
TXN101373,2025-06-19,CUST1041,Sushma Bhattarai,Lalitpur - Pulchowk,Apparel,Socks (3-pair pack),3,1695.86,5087.58,eSewa,False,False,False,False,2025,6,June,2025-06,Thursday,3,False,Lalitpur,5087.58,0.0
TXN103346,2025-11-12,CUST1097,Milan Basnet,Kathmandu - New Road,Apparel,Kids Frock,4,2824.66,11298.64,Khalti,False,False,False,False,2025,11,November,2025-11,Wednesday,2,False,Kathmandu,11298.64,0.0
TXN102307,2025-09-20,CUST1005,Milan Lama,Butwal - Traffic Chowk,Electronics,Wall Clock,2,3228.71,6457.42,Cash,False,False,False,False,2025,9,September,2025-09,Saturday,5,True,Butwal,6457.42,0.0
TXN103839,2025-09-23,CUST1034,Kritika Tamang,Butwal - Traffic Chowk,Apparel,Cotton T-Shirt,3,2836.31,8508.93,Khalti,True,False,False,False,2025,9,September,2025-09,Tuesday,1,False,Butwal,8508.93,0.0
TXN104808,2025-10-15,CUST1052,Aashish Poudel,Lalitpur - Pulchowk,Apparel,Winter Jacket,4,1207.67,4830.68,Debit/Credit Card,False,False,False,False,2025,10,October,2025-10,Wednesday,2,False,Lalitpur,4830.68,0.0
TXN100272,2025-11-14,CUST1149,Sarita Poudel,Butwal - Traffic Chowk,Electronics,Bluetooth Earphones,3,1676.59,5029.77,eSewa,False,False,False,False,2025,11,November,2025-11,Friday,4,False,Butwal,5029.77,0.0
TXN105505,2025-03-24,CUST1005,Milan Lama,Butwal - Traffic Chowk,Apparel,Cotton T-Shirt,4,2678.22,10712.88,eSewa,False,False,False,False,2025,3,March,2025-03,Monday,0,False,Butwal,10712.88,0.0
TXN100397,2025-11-18,CUST1123,Sujan Tamang,Kathmandu - Kupondole,Electronics,Power Bank 10000mAh,4,1660.22,6640.88,Khalti,False,True,False,False,2025,11,November,2025-11,Tuesday,1,False,Kathmandu,6640.88,0.0
TXN104067,2025-11-20,CUST1023,Bikash Rai,Kathmandu - Kupondole,Electronics,Extension Board,4,3081.19,12324.76,eSewa,False,False,False,False,2025,11,November,2025-11,Thursday,3,False,Kathmandu,12324.76,0.0
TXN105291,2025-10-22,CUST1056,Alina Shrestha,Kathmandu - New Road,Apparel,Formal Shirt,3,2801.95,8405.85,Bank Transfer,False,False,False,False,2025,10,October,2025-10,Wednesday,2,False,Kathmandu,8405.85,0.0
TXN100965,2025-10-31,CUST1070,Alina Rai,Kathmandu - Kupondole,Electronics,Wall Clock,3,3309.96,9929.88,Cash,False,False,False,False,2025,10,October,2025-10,Friday,4,False,Kathmandu,9929.88,0.0
TXN104946,2025-01-30,CUST1045,Sunita Magar,Kathmandu - Kupondole,Electronics,Wall Clock,4,1165.41,4661.64,eSewa,False,False,False,False,2025,1,January,2025-01,Thursday,3,False,Kathmandu,4661.64,0.0
TXN104883,2025-02-09,CUST1078,Bijay Magar,Kathmandu - Kupondole,Apparel,Formal Shirt,2,2881.95,5763.9,eSewa,False,False,False,False,2025,2,February,2025-02,Sunday,6,True,Kathmandu,5763.9,0.0
TXN100301,2025-02-13,CUST1128,Milan Karki,Kathmandu - New Road,Electronics,Extension Board,3,2224.4,6673.2,Cash,False,False,False,False,2025,2,February,2025-02,Thursday,3,False,Kathmandu,6673.2,0.0
TXN103392,2025-06-16,CUST1020,Deepak Magar,Bhaktapur - Suryabinayak,Apparel,Formal Shirt,4,1676.96,6707.84,Khalti,False,False,False,False,2025,6,June,2025-06,Monday,0,False,Bhaktapur,6707.84,0.0
TXN104472,2025-11-10,CUST1056,Alina Shrestha,Kathmandu - New Road,Electronics,Bluetooth Earphones,4,1356.48,5425.92,Cash,False,False,False,False,2025,11,November,2025-11,Monday,0,False,Kathmandu,5425.92,0.0
TXN103592,2025-04-13,CUST1101,Sabnam Bhattarai,Biratnagar - Main Road,Electronics,Wall Clock,2,2453.2,4906.4,Khalti,False,False,False,False,2025,4,April,2025-04,Sunday,6,True,Biratnagar,4906.4,0.0
TXN103998,2025-10-04,CUST1078,Bijay Magar,Kathmandu - Kupondole,Apparel,Socks (3-pair pack),4,2307.81,9231.24,Bank Transfer,True,False,False,False,2025,10,October,2025-10,Saturday,5,True,Kathmandu,9231.24,0.0
TXN105324,2025-09-12,CUST1025,Kiran Poudel,Kathmandu - Kupondole,Electronics,Bluetooth Earphones,3,2915.95,8747.85,Khalti,False,False,False,False,2025,9,September,2025-09,Friday,4,False,Kathmandu,8747.85,0.0
TXN103161,2025-03-05,CUST1048,Kritika Rai,Kathmandu - New Road,Electronics,USB Cable Type-C,4,3292.15,13168.6,Cash,False,False,False,False,2025,3,March,2025-03,Wednesday,2,False,Kathmandu,13168.6,0.0
TXN102674,2025-05-02,CUST1003,Kiran Adhikari,Kathmandu - Kupondole,Electronics,Bluetooth Earphones,3,2020.27,6060.81,Debit/Credit Card,False,False,False,False,2025,5,May,2025-05,Friday,4,False,Kathmandu,6060.81,0.0
TXN104044,2025-02-27,CUST1041,Sushma Bhattarai,Lalitpur - Pulchowk,Apparel,Formal Shirt,3,2509.36,7528.08,eSewa,False,False,False,False,2025,2,February,2025-02,Thursday,3,False,Lalitpur,7528.08,0.0
TXN102535,2025-12-26,CUST1005,Milan Lama,Butwal - Traffic Chowk,Electronics,Wall Clock,3,3426.43,10279.29,eSewa,False,False,False,False,2025,12,December,2025-12,Friday,4,False,Butwal,10279.29,0.0
TXN100823,2025-03-22,CUST1096,Sabnam Magar,Biratnagar - Main Road,Apparel,Formal Shirt,3,1684.37,5053.11,Cash,False,False,False,False,2025,3,March,2025-03,Saturday,5,True,Biratnagar,5053.11,0.0
TXN101900,2025-01-10,CUST1135,Sabina Bhattarai,Lalitpur - Pulchowk,Electronics,USB Cable Type-C,3,3430.25,10290.75,Cash,False,False,False,False,2025,1,January,2025-01,Friday,4,False,Lalitpur,10290.75,0.0
TXN103062,2025-12-25,CUST1005,Milan Lama,Pokhara - Lakeside,Electronics,Wall Clock,3,2871.85,8615.55,eSewa,False,False,False,False,2025,12,December,2025-12,Thursday,3,False,Pokhara,8615.55,0.0
TXN105168,2025-12-23,CUST1035,Rita Shrestha,Biratnagar - Main Road,Electronics,Extension Board,4,2981.35,11925.4,Debit/Credit Card,False,False,False,False,2025,12,December,2025-12,Tuesday,1,False,Biratnagar,11925.4,0.0
TXN104567,2025-06-30,CUST1127,Sunita Adhikari,Kathmandu - New Road,Electronics,Extension Board,4,2347.11,9388.44,Debit/Credit Card,True,False,False,False,2025,6,June,2025-06,Monday,0,False,Kathmandu,9388.44,0.0
TXN103803,2025-04-25,CUST1061,Bikash Shrestha,Bhaktapur - Suryabinayak,Electronics,Extension Board,4,3028.61,12114.44,Cash,False,False,False,False,2025,4,April,2025-04,Friday,4,False,Bhaktapur,12114.44,0.0
TXN104944,2025-12-14,CUST1057,Neha Karki,Kathmandu - New Road,Apparel,Cotton T-Shirt,4,2734.92,10939.68,Cash,False,False,False,False,2025,12,December,2025-12,Sunday,6,True,Kathmandu,10939.68,0.0
TXN101030,2025-11-18,CUST1044,Puja Magar,Bhaktapur - Suryabinayak,Electronics,Power Bank 10000mAh,3,1880.9,5642.7,eSewa,False,False,False,False,2025,11,November,2025-11,Tuesday,1,False,Bhaktapur,5642.7,0.0
TXN104212,2025-08-28,CUST1040,Puja Gurung,Butwal - Traffic Chowk,Electronics,USB Cable Type-C,4,1997.77,7991.08,Cash,False,False,False,False,2025,8,August,2025-08,Thursday,3,False,Butwal,7991.08,0.0
TXN102966,2025-11-14,CUST1020,Deepak Magar,Bhaktapur - Suryabinayak,Electronics,Bluetooth Earphones,2,3003.94,6007.88,Cash,False,False,False,False,2025,11,November,2025-11,Friday,4,False,Bhaktapur,6007.88,0.0
TXN103174,2025-02-13,CUST1013,Kiran Shrestha,Biratnagar - Main Road,Electronics,USB Cable Type-C,4,2651.16,10604.64,Khalti,False,False,False,False,2025,2,February,2025-02,Thursday,3,False,Biratnagar,10604.64,0.0
TXN104885,2025-10-09,CUST1052,Aashish Poudel,Lalitpur - Pulchowk,Apparel,Kids Frock,3,2702.93,8108.79,eSewa,False,False,False,False,2025,10,October,2025-10,Thursday,3,False,Lalitpur,8108.79,0.0
TXN105829,2025-04-13,CUST1112,Nabin Magar,Butwal - Traffic Chowk,Electronics,Power Bank 10000mAh,3,2280.33,6840.99,Unknown,False,False,False,True,2025,4,April,2025-04,Sunday,6,True,Butwal,6840.99,0.0
TXN100474,2025-11-08,CUST1139,Sabnam Adhikari,Bhaktapur - Suryabinayak,Electronics,Wall Clock,3,3198.47,9595.41,Khalti,False,False,False,False,2025,11,November,2025-11,Saturday,5,True,Bhaktapur,9595.41,0.0
TXN105323,2025-12-30,CUST1055,Rohit Poudel,Biratnagar - Main Road,Apparel,Cotton T-Shirt,4,2717.18,10868.72,Khalti,False,False,False,False,2025,12,December,2025-12,Tuesday,1,False,Biratnagar,10868.72,0.0
TXN104992,2025-07-24,CUST1031,Sabnam Khadka,Bhaktapur - Suryabinayak,Electronics,USB Cable Type-C,2,2994.93,5989.86,Cash,False,False,False,False,2025,7,July,2025-07,Thursday,3,False,Bhaktapur,5989.86,0.0
TXN101092,2025-08-07,CUST1100,Sujan Shrestha,Pokhara - Lakeside,Electronics,USB Cable Type-C,4,2706.43,10825.72,Unknown,False,False,False,True,2025,8,August,2025-08,Thursday,3,False,Pokhara,10825.72,0.0
TXN100453,2025-11-30,CUST1149,Sarita Poudel,Butwal - Traffic Chowk,Electronics,Bluetooth Earphones,3,2899.58,8698.74,Khalti,False,False,False,False,2025,11,November,2025-11,Sunday,6,True,Butwal,8698.74,0.0
TXN101427,2025-11-15,CUST1010,Anita Karki,Bhaktapur - Suryabinayak,Apparel,Socks (3-pair pack),2,2577.07,5154.14,eSewa,False,False,False,False,2025,11,November,2025-11,Saturday,5,True,Bhaktapur,5154.14,0.0
TXN105536,2025-04-03,CUST1118,Alina Shrestha,Bhaktapur - Suryabinayak,Apparel,Kids Frock,2,2985.5,5971.0,Khalti,False,False,False,False,2025,4,April,2025-04,Thursday,3,False,Bhaktapur,5971.0,0.0
TXN104138,2025-11-19,CUST1034,Kritika Tamang,Butwal - Traffic Chowk,Apparel,Cotton T-Shirt,4,1741.05,6964.2,Cash,False,False,False,False,2025,11,November,2025-11,Wednesday,2,False,Butwal,6964.2,0.0
TXN102828,2025-11-18,CUST1147,Rohit Khadka,Chitwan - Bharatpur,Electronics,Bluetooth Earphones,4,3461.41,13845.64,Cash,False,False,False,False,2025,11,November,2025-11,Tuesday,1,False,Chitwan,13845.64,0.0
TXN102553,2025-08-06,CUST1036,Sunita Maharjan,Kathmandu - Kupondole,Electronics,Bluetooth Earphones,3,3393.23,10179.69,Cash,False,False,False,False,2025,8,August,2025-08,Wednesday,2,False,Kathmandu,10179.69,0.0
TXN105518,2025-08-10,CUST1130,Alina Rai,Bhaktapur - Suryabinayak,Apparel,Winter Jacket,2,2441.98,4883.96,Cash,False,False,True,False,2025,8,August,2025-08,Sunday,6,True,Bhaktapur,4883.96,0.0
TXN102263,2025-09-10,CUST1002,Kritika Bhattarai,Butwal - Traffic Chowk,Apparel,Winter Jacket,3,2759.05,8277.15,Cash,False,False,False,False,2025,9,September,2025-09,Wednesday,2,False,Butwal,8277.15,0.0
TXN101912,2025-06-10,CUST1025,Kiran Poudel,Kathmandu - Kupondole,Apparel,Winter Jacket,2,2684.95,5369.9,eSewa,False,False,False,False,2025,6,June,2025-06,Tuesday,1,False,Kathmandu,5369.9,0.0
TXN101381,2025-04-07,CUST1100,Sujan Shrestha,Pokhara - Lakeside,Electronics,Power Bank 10000mAh,3,2189.78,6569.34,eSewa,False,False,False,False,2025,4,April,2025-04,Monday,0,False,Pokhara,6569.34,0.0
TXN102786,2025-10-09,CUST1014,Neha Basnet,Kathmandu - Kupondole,Electronics,USB Cable Type-C,4,3343.36,13373.44,Debit/Credit Card,False,False,False,False,2025,10,October,2025-10,Thursday,3,False,Kathmandu,13373.44,0.0
TXN105834,2025-12-04,CUST1061,Bikash Shrestha,Bhaktapur - Suryabinayak,Apparel,Winter Jacket,4,2086.38,8345.52,Cash,False,False,False,False,2025,12,December,2025-12,Thursday,3,False,Bhaktapur,8345.52,0.0
TXN100896,2025-10-11,CUST1013,Kiran Shrestha,Biratnagar - Main Road,Apparel,Cotton T-Shirt,4,2075.06,8300.24,Khalti,False,False,False,False,2025,10,October,2025-10,Saturday,5,True,Biratnagar,8300.24,0.0
TXN103717,2025-02-22,CUST1102,Sandip Tamang,Butwal - Traffic Chowk,Electronics,Power Bank 10000mAh,4,2548.14,10192.56,Cash,False,False,False,False,2025,2,February,2025-02,Saturday,5,True,Butwal,10192.56,0.0
TXN104295,2025-11-07,CUST1130,Alina Rai,Bhaktapur - Suryabinayak,Apparel,Winter Jacket,3,2548.8,7646.4,Khalti,False,False,False,False,2025,11,November,2025-11,Friday,4,False,Bhaktapur,7646.4,0.0
TXN103173,2025-11-27,CUST1002,Kritika Bhattarai,Chitwan - Bharatpur,Apparel,Formal Shirt,4,1958.48,7833.92,Bank Transfer,False,False,False,False,2025,11,November,2025-11,Thursday,3,False,Chitwan,7833.92,0.0
TXN104369,2025-11-07,CUST1069,Bijay Magar,Lalitpur - Pulchowk,Apparel,Cotton T-Shirt,3,2667.4,8002.2,Khalti,False,False,False,False,2025,11,November,2025-11,Friday,4,False,Lalitpur,8002.2,0.0
TXN103766,2025-08-12,CUST1008,Alina Tamang,Bhaktapur - Suryabinayak,Apparel,Kids Frock,4,1674.04,6696.16,eSewa,False,False,False,False,2025,8,August,2025-08,Tuesday,1,False,Bhaktapur,6696.16,0.0
TXN103078,2025-03-28,CUST1055,Rohit Poudel,Chitwan - Bharatpur,Apparel,Socks (3-pair pack),3,2232.64,6697.92,eSewa,False,False,False,False,2025,3,March,2025-03,Friday,4,False,Chitwan,6697.92,0.0
TXN103662,2025-04-22,CUST1127,Sunita Adhikari,Kathmandu - New Road,Apparel,Formal Shirt,2,2826.54,5653.08,Cash,False,False,False,False,2025,4,April,2025-04,Tuesday,1,False,Kathmandu,5653.08,0.0
TXN104924,2025-08-23,CUST1005,Milan Lama,Butwal - Traffic Chowk,Electronics,USB Cable Type-C,4,2196.83,8787.32,eSewa,False,False,False,False,2025,8,August,2025-08,Saturday,5,True,Butwal,8787.32,0.0
TXN101858,2025-05-13,CUST1069,Bijay Magar,Lalitpur - Pulchowk,Apparel,Formal Shirt,3,2799.15,8397.45,Cash,False,False,False,False,2025,5,May,2025-05,Tuesday,1,False,Lalitpur,8397.45,0.0
TXN102431,2025-09-26,CUST1102,Sandip Tamang,Butwal - Traffic Chowk,Electronics,Bluetooth Earphones,2,2354.07,4708.14,eSewa,False,False,False,False,2025,9,September,2025-09,Friday,4,False,Butwal,4708.14,0.0
TXN102774,2025-08-06,CUST1073,Bikash Shrestha,Kathmandu - New Road,Apparel,Winter Jacket,4,1576.02,6304.08,Unknown,False,False,False,True,2025,8,August,2025-08,Wednesday,2,False,Kathmandu,6304.08,0.0
TXN101035,2025-11-23,CUST1014,Neha Basnet,Kathmandu - Kupondole,Electronics,Bluetooth Earphones,4,1401.33,5605.32,Cash,False,False,False,False,2025,11,November,2025-11,Sunday,6,True,Kathmandu,5605.32,0.0
TXN100941,2025-06-20,CUST1049,Sarita Bhattarai,Kathmandu - New Road,Electronics,Bluetooth Earphones,3,2607.6,7822.8,eSewa,False,False,False,False,2025,6,June,2025-06,Friday,4,False,Kathmandu,7822.8,0.0
TXN103788,2025-12-13,CUST1012,Sabina Maharjan,Pokhara - Lakeside,Apparel,Kids Frock,4,2585.16,10340.64,Cash,False,False,False,False,2025,12,December,2025-12,Saturday,5,True,Pokhara,10340.64,0.0
TXN104946,2025-01-30,CUST1045,Sunita Magar,Kathmandu - Kupondole,Apparel,Winter Jacket,4,2951.53,11806.12,Debit/Credit Card,False,False,False,False,2025,1,January,2025-01,Thursday,3,False,Kathmandu,11806.12,0.0
TXN105075,2025-08-07,CUST1100,Sujan Shrestha,Pokhara - Lakeside,Apparel,Kids Frock,2,2661.65,5323.3,eSewa,False,False,False,False,2025,8,August,2025-08,Thursday,3,False,Pokhara,5323.3,0.0
TXN105779,2025-05-25,CUST1065,Rohit Poudel,Biratnagar - Main Road,Apparel,Kids Frock,3,2316.74,6950.22,Cash,False,True,False,False,2025,5,May,2025-05,Sunday,6,True,Biratnagar,6950.22,0.0
TXN100252,2025-09-15,CUST1019,Sarita Magar,Kathmandu - Kupondole,Apparel,Socks (3-pair pack),4,1919.3,7677.2,Cash,False,False,False,False,2025,9,September,2025-09,Monday,0,False,Kathmandu,7677.2,0.0
TXN104143,2025-09-16,CUST1100,Sujan Shrestha,Pokhara - Lakeside,Apparel,Formal Shirt,4,2451.91,9807.64,eSewa,True,False,False,False,2025,9,September,2025-09,Tuesday,1,False,Pokhara,9807.64,0.0
TXN103676,2025-10-06,CUST1002,Kritika Bhattarai,Lalitpur - Pulchowk,Electronics,USB Cable Type-C,2,2408.37,4816.74,Debit/Credit Card,False,False,False,False,2025,10,October,2025-10,Monday,0,False,Lalitpur,4816.74,0.0
TXN102659,2025-10-05,CUST1020,Deepak Magar,Bhaktapur - Suryabinayak,Apparel,Socks (3-pair pack),3,2782.65,8347.95,Cash,False,False,False,False,2025,10,October,2025-10,Sunday,6,True,Bhaktapur,8347.95,0.0
TXN105121,2025-02-10,CUST1110,Sushma Karki,Kathmandu - New Road,Electronics,USB Cable Type-C,2,2561.52,5123.04,Debit/Credit Card,False,False,False,False,2025,2,February,2025-02,Monday,0,False,Kathmandu,5123.04,0.0
TXN105299,2025-10-03,CUST1093,Aashish Magar,Bhaktapur - Suryabinayak,Household,Surf Excel 1kg,4,1165.88,4663.52,Debit/Credit Card,False,False,True,False,2025,10,October,2025-10,Friday,4,False,Bhaktapur,4663.52,0.0
TXN102392,2025-04-10,CUST1080,Sandip Basnet,Biratnagar - Main Road,Electronics,Bluetooth Earphones,4,2014.24,8056.96,Cash,False,False,False,False,2025,4,April,2025-04,Thursday,3,False,Biratnagar,8056.96,0.0
TXN105092,2025-11-28,CUST1078,Bijay Magar,Kathmandu - Kupondole,Apparel,Kids Frock,3,2268.13,6804.39,Cash,False,False,False,False,2025,11,November,2025-11,Friday,4,False,Kathmandu,6804.39,0.0
TXN100049,2025-12-20,CUST1019,Sarita Magar,Kathmandu - Kupondole,Apparel,Cotton T-Shirt,3,1653.62,4960.86,eSewa,False,False,False,False,2025,12,December,2025-12,Saturday,5,True,Kathmandu,4960.86,0.0
TXN102818,2025-08-19,CUST1039,Sabina Thapa,Butwal - Traffic Chowk,Electronics,Bluetooth Earphones,4,3354.78,13419.12,Cash,False,False,False,False,2025,8,August,2025-08,Tuesday,1,False,Butwal,13419.12,0.0
TXN105779,2025-05-25,CUST1065,Rohit Poudel,Biratnagar - Main Road,Electronics,Power Bank 10000mAh,2,3395.83,6791.66,eSewa,False,False,False,False,2025,5,May,2025-05,Sunday,6,True,Biratnagar,6791.66,0.0
TXN103798,2025-09-09,CUST1101,Sabnam Bhattarai,Kathmandu - New Road,Apparel,Kids Frock,4,1632.36,6529.44,eSewa,False,False,False,False,2025,9,September,2025-09,Tuesday,1,False,Kathmandu,6529.44,0.0
TXN101416,2025-12-20,CUST1078,Bijay Magar,Kathmandu - Kupondole,Electronics,Wall Clock,4,2207.72,8830.88,eSewa,False,False,False,False,2025,12,December,2025-12,Saturday,5,True,Kathmandu,8830.88,0.0
TXN103694,2025-09-01,CUST1136,Bikash Gurung,Lalitpur - Pulchowk,Electronics,Bluetooth Earphones,2,2682.97,5365.94,eSewa,False,False,False,False,2025,9,September,2025-09,Monday,0,False,Lalitpur,5365.94,0.0
TXN105465,2025-11-08,CUST1138,Bikash Tamang,Bhaktapur - Suryabinayak,Electronics,USB Cable Type-C,2,2832.67,5665.34,Debit/Credit Card,False,False,False,False,2025,11,November,2025-11,Saturday,5,True,Bhaktapur,5665.34,0.0
TXN100471,2025-08-03,CUST1101,Sabnam Bhattarai,Kathmandu - New Road,Electronics,USB Cable Type-C,3,2067.03,6201.09,Cash,False,False,False,False,2025,8,August,2025-08,Sunday,6,True,Kathmandu,6201.09,0.0
TXN104894,2025-08-03,CUST1137,Sunita Tamang,Kathmandu - New Road,Electronics,Power Bank 10000mAh,4,3367.88,13471.52,Cash,False,False,False,False,2025,8,August,2025-08,Sunday,6,True,Kathmandu,13471.52,0.0
TXN103165,2025-10-14,CUST1025,Kiran Poudel,Kathmandu - Kupondole,Apparel,Cotton T-Shirt,3,1715.52,5146.56,eSewa,False,False,False,False,2025,10,October,2025-10,Tuesday,1,False,Kathmandu,5146.56,0.0
TXN100280,2025-06-30,CUST1110,Sushma Karki,Kathmandu - New Road,Apparel,Cotton T-Shirt,2,2424.04,4848.08,Cash,False,False,False,False,2025,6,June,2025-06,Monday,0,False,Kathmandu,4848.08,0.0
TXN100698,2025-12-25,CUST1050,Manisha Rai,Pokhara - Lakeside,Electronics,Extension Board,2,2400.24,4800.48,Khalti,False,False,False,False,2025,12,December,2025-12,Thursday,3,False,Pokhara,4800.48,0.0
TXN103667,2025-04-04,CUST1003,Kiran Adhikari,Pokhara - Lakeside,Electronics,Wall Clock,4,2838.66,11354.64,Cash,False,False,False,False,2025,4,April,2025-04,Friday,4,False,Pokhara,11354.64,0.0
TXN100119,2025-07-23,CUST1015,Sushma Bhattarai,Kathmandu - Kupondole,Apparel,Socks (3-pair pack),2,2586.1,5172.2,Cash,False,False,False,False,2025,7,July,2025-07,Wednesday,2,False,Kathmandu,5172.2,0.0
TXN101641,2025-07-28,CUST1039,Sabina Thapa,Butwal - Traffic Chowk,Electronics,Extension Board,4,3198.96,12795.84,Khalti,False,False,False,False,2025,7,July,2025-07,Monday,0,False,Butwal,12795.84,0.0
TXN100773,2025-02-02,CUST1100,Sujan Shrestha,Pokhara - Lakeside,Apparel,Formal Shirt,3,1683.37,5050.11,eSewa,False,False,False,False,2025,2,February,2025-02,Sunday,6,True,Pokhara,5050.11,0.0
TXN103506,2025-10-21,CUST1115,Rohit Maharjan,Chitwan - Bharatpur,Apparel,Winter Jacket,3,2881.63,8644.89,eSewa,False,False,False,False,2025,10,October,2025-10,Tuesday,1,False,Chitwan,8644.89,0.0
TXN104364,2025-10-19,CUST1042,Manisha Basnet,Bhaktapur - Suryabinayak,Apparel,Formal Shirt,3,1688.97,5066.91,Unknown,False,False,False,True,2025,10,October,2025-10,Sunday,6,True,Bhaktapur,5066.91,0.0
TXN100152,2025-08-29,CUST1149,Sarita Poudel,Butwal - Traffic Chowk,Apparel,Cotton T-Shirt,2,2909.29,5818.58,Cash,False,False,False,False,2025,8,August,2025-08,Friday,4,False,Butwal,5818.58,0.0
TXN104622,2025-11-14,CUST1077,Prakash Basnet,Chitwan - Bharatpur,Electronics,Extension Board,3,1987.59,5962.77,Cash,False,False,False,False,2025,11,November,2025-11,Friday,4,False,Chitwan,5962.77,0.0
TXN101420,2025-01-12,CUST1010,Anita Karki,Chitwan - Bharatpur,Apparel,Cotton T-Shirt,4,2888.71,11554.84,Khalti,True,False,False,False,2025,1,January,2025-01,Sunday,6,True,Chitwan,11554.84,0.0
TXN104188,2025-04-21,CUST1032,Deepak Khadka,Butwal - Traffic Chowk,Apparel,Kids Frock,2,2365.32,4730.64,eSewa,False,False,False,False,2025,4,April,2025-04,Monday,0,False,Butwal,4730.64,0.0
TXN102281,2025-10-07,CUST1019,Sarita Magar,Kathmandu - Kupondole,Electronics,Power Bank 10000mAh,2,3132.99,6265.98,eSewa,False,False,False,False,2025,10,October,2025-10,Tuesday,1,False,Kathmandu,6265.98,0.0
TXN102706,2025-07-31,CUST1009,Sushma Rai,Pokhara - Lakeside,Electronics,Power Bank 10000mAh,4,2111.05,8444.2,eSewa,False,False,False,False,2025,7,July,2025-07,Thursday,3,False,Pokhara,8444.2,0.0
TXN101120,2025-12-03,CUST1128,Milan Karki,Butwal - Traffic Chowk,Electronics,USB Cable Type-C,4,2544.07,10176.28,Khalti,False,False,False,False,2025,12,December,2025-12,Wednesday,2,False,Butwal,10176.28,0.0
TXN103260,2025-11-03,CUST1055,Rohit Poudel,Lalitpur - Pulchowk,Electronics,USB Cable Type-C,2,2689.25,5378.5,Cash,False,False,False,False,2025,11,November,2025-11,Monday,0,False,Lalitpur,5378.5,0.0
TXN104173,2025-06-15,CUST1149,Sarita Poudel,Lalitpur - Pulchowk,Apparel,Winter Jacket,3,2371.68,7115.04,eSewa,False,False,False,False,2025,6,June,2025-06,Sunday,6,True,Lalitpur,7115.04,0.0
TXN104981,2025-04-14,CUST1015,Sushma Bhattarai,Chitwan - Bharatpur,Apparel,Kids Frock,4,1652.76,6611.04,eSewa,False,False,False,False,2025,4,April,2025-04,Monday,0,False,Chitwan,6611.04,0.0
TXN103467,2025-11-25,CUST1025,Kiran Poudel,Kathmandu - Kupondole,Electronics,USB Cable Type-C,2,3223.24,6446.48,Khalti,False,False,False,False,2025,11,November,2025-11,Tuesday,1,False,Kathmandu,6446.48,0.0
TXN103087,2025-08-07,CUST1055,Rohit Poudel,Lalitpur - Pulchowk,Electronics,USB Cable Type-C,2,3108.83,6217.66,eSewa,False,False,False,False,2025,8,August,2025-08,Thursday,3,False,Lalitpur,6217.66,0.0
TXN103842,2025-02-08,CUST1020,Deepak Magar,Bhaktapur - Suryabinayak,Apparel,Kids Frock,3,2228.89,6686.67,Khalti,False,False,False,False,2025,2,February,2025-02,Saturday,5,True,Bhaktapur,6686.67,0.0
TXN103959,2025-10-19,CUST1002,Kritika Bhattarai,Butwal - Traffic Chowk,Electronics,USB Cable Type-C,4,3093.25,12373.0,Debit/Credit Card,False,False,False,False,2025,10,October,2025-10,Sunday,6,True,Butwal,12373.0,0.0
TXN101318,2025-09-23,CUST1003,Kiran Adhikari,Kathmandu - Kupondole,Apparel,Winter Jacket,4,1424.19,5696.76,Cash,False,False,False,False,2025,9,September,2025-09,Tuesday,1,False,Kathmandu,5696.76,0.0
TXN103665,2025-11-11,CUST1112,Nabin Magar,Butwal - Traffic Chowk,Apparel,Formal Shirt,3,2747.6,8242.8,Debit/Credit Card,False,False,False,False,2025,11,November,2025-11,Tuesday,1,False,Butwal,8242.8,0.0
TXN103514,2025-08-17,CUST1106,Prakash Shrestha,Lalitpur - Pulchowk,Apparel,Socks (3-pair pack),4,2774.19,11096.76,Unknown,False,False,False,True,2025,8,August,2025-08,Sunday,6,True,Lalitpur,11096.76,0.0
TXN105167,2025-06-16,CUST1130,Alina Rai,Bhaktapur - Suryabinayak,Apparel,Kids Frock,3,2110.64,6331.92,eSewa,False,False,False,False,2025,6,June,2025-06,Monday,0,False,Bhaktapur,6331.92,0.0
TXN101968,2025-10-20,CUST1143,Kritika Shrestha,Bhaktapur - Suryabinayak,Apparel,Formal Shirt,3,1981.28,5943.84,Cash,False,False,False,False,2025,10,October,2025-10,Monday,0,False,Bhaktapur,5943.84,0.0
TXN102846,2025-03-03,CUST1003,Kiran Adhikari,Kathmandu - Kupondole,Electronics,Wall Clock,3,2875.56,8626.68,eSewa,False,False,False,False,2025,3,March,2025-03,Monday,0,False,Kathmandu,8626.68,0.0
TXN100043,2025-11-24,CUST1048,Kritika Rai,Kathmandu - New Road,Electronics,Bluetooth Earphones,4,2678.22,10712.88,Cash,False,False,False,False,2025,11,November,2025-11,Monday,0,False,Kathmandu,10712.88,0.0
TXN102085,2025-02-26,CUST1108,Neha Karki,Bhaktapur - Suryabinayak,Electronics,Extension Board,4,1553.76,6215.04,Debit/Credit Card,False,False,False,False,2025,2,February,2025-02,Wednesday,2,False,Bhaktapur,6215.04,0.0
TXN101316,2025-06-04,CUST1002,Kritika Bhattarai,Butwal - Traffic Chowk,Electronics,Extension Board,3,3151.55,9454.65,eSewa,False,False,False,False,2025,6,June,2025-06,Wednesday,2,False,Butwal,9454.65,0.0
TXN100771,2025-05-07,CUST1070,Alina Rai,Kathmandu - New Road,Electronics,Wall Clock,3,2310.15,6930.45,Cash,False,False,False,False,2025,5,May,2025-05,Wednesday,2,False,Kathmandu,6930.45,0.0
TXN105457,2025-10-05,CUST1052,Aashish Poudel,Lalitpur - Pulchowk,Apparel,Cotton T-Shirt,3,2855.95,8567.85,Cash,False,False,False,False,2025,10,October,2025-10,Sunday,6,True,Lalitpur,8567.85,0.0
TXN105922,2025-01-03,CUST1003,Kiran Adhikari,Kathmandu - Kupondole,Apparel,Kids Frock,4,1756.87,7027.48,Debit/Credit Card,False,False,False,False,2025,1,January,2025-01,Friday,4,False,Kathmandu,7027.48,0.0
TXN100058,2025-06-05,CUST1080,Sandip Basnet,Chitwan - Bharatpur,Apparel,Formal Shirt,4,2674.99,10699.96,Cash,False,False,False,False,2025,6,June,2025-06,Thursday,3,False,Chitwan,10699.96,0.0
TXN104571,2025-04-11,CUST1093,Aashish Magar,Bhaktapur - Suryabinayak,Electronics,Power Bank 10000mAh,3,1576.11,4728.33,Khalti,False,False,False,False,2025,4,April,2025-04,Friday,4,False,Bhaktapur,4728.33,0.0
TXN100417,2025-03-16,CUST1039,Sabina Thapa,Biratnagar - Main Road,Electronics,Bluetooth Earphones,4,1224.96,4899.84,Cash,False,False,False,False,2025,3,March,2025-03,Sunday,6,True,Biratnagar,4899.84,0.0
TXN104715,2025-05-12,CUST1014,Neha Basnet,Kathmandu - Kupondole,Household,Surf Excel 1kg,4,1174.88,4699.52,Khalti,False,False,False,False,2025,5,May,2025-05,Monday,0,False,Kathmandu,4699.52,0.0
TXN105476,2025-10-28,CUST1055,Rohit Poudel,Lalitpur - Pulchowk,Apparel,Formal Shirt,4,1913.94,7655.76,Debit/Credit Card,False,False,False,False,2025,10,October,2025-10,Tuesday,1,False,Lalitpur,7655.76,0.0
TXN102118,2025-11-12,CUST1149,Sarita Poudel,Butwal - Traffic Chowk,Electronics,Bluetooth Earphones,4,2010.76,8043.04,eSewa,False,True,False,False,2025,11,November,2025-11,Wednesday,2,False,Butwal,8043.04,0.0
TXN103507,2025-11-01,CUST1110,Sushma Karki,Kathmandu - New Road,Electronics,Extension Board,3,2301.66,6904.98,eSewa,False,False,False,False,2025,11,November,2025-11,Saturday,5,True,Kathmandu,6904.98,0.0
TXN101305,2025-10-24,CUST1025,Kiran Poudel,Lalitpur - Pulchowk,Electronics,Bluetooth Earphones,2,2472.09,4944.18,Cash,True,False,False,False,2025,10,October,2025-10,Friday,4,False,Lalitpur,4944.18,0.0
TXN101314,2025-11-23,CUST1136,Bikash Gurung,Bhaktapur - Suryabinayak,Electronics,Wall Clock,3,2169.8,6509.4,Khalti,False,False,False,False,2025,11,November,2025-11,Sunday,6,True,Bhaktapur,6509.4,0.0
TXN103401,2025-11-19,CUST1025,Kiran Poudel,Kathmandu - Kupondole,Electronics,Power Bank 10000mAh,4,1765.43,7061.72,Unknown,False,False,False,True,2025,11,November,2025-11,Wednesday,2,False,Kathmandu,7061.72,0.0
TXN103678,2025-07-07,CUST1112,Nabin Magar,Chitwan - Bharatpur,Electronics,Extension Board,3,3456.76,10370.28,Cash,False,False,False,False,2025,7,July,2025-07,Monday,0,False,Chitwan,10370.28,0.0
TXN104654,2025-10-21,CUST1106,Prakash Shrestha,Lalitpur - Pulchowk,Electronics,Bluetooth Earphones,4,3247.32,12989.28,Debit/Credit Card,False,False,False,False,2025,10,October,2025-10,Tuesday,1,False,Lalitpur,12989.28,0.0
TXN103473,2025-05-24,CUST1078,Bijay Magar,Kathmandu - Kupondole,Electronics,Bluetooth Earphones,3,1624.33,4872.99,Khalti,False,False,False,False,2025,5,May,2025-05,Saturday,5,True,Kathmandu,4872.99,0.0
TXN105762,2025-08-23,CUST1008,Alina Tamang,Bhaktapur - Suryabinayak,Apparel,Kids Frock,3,2378.55,7135.65,Cash,False,False,False,False,2025,8,August,2025-08,Saturday,5,True,Bhaktapur,7135.65,0.0
TXN104290,2025-11-12,CUST1055,Rohit Poudel,Lalitpur - Pulchowk,Apparel,Kids Frock,3,2281.91,6845.73,eSewa,False,False,False,False,2025,11,November,2025-11,Wednesday,2,False,Lalitpur,6845.73,0.0
TXN105117,2025-09-17,CUST1019,Sarita Magar,Kathmandu - Kupondole,Electronics,Wall Clock,3,2266.16,6798.48,Cash,False,False,True,False,2025,9,September,2025-09,Wednesday,2,False,Kathmandu,6798.48,0.0
TXN103816,2025-01-13,CUST1061,Bikash Shrestha,Biratnagar - Main Road,Electronics,Wall Clock,4,1746.2,6984.8,Debit/Credit Card,False,False,False,False,2025,1,January,2025-01,Monday,0,False,Biratnagar,6984.8,0.0
TXN101199,2025-01-05,CUST1100,Sujan Shrestha,Pokhara - Lakeside,Electronics,Wall Clock,4,2715.9,10863.6,Cash,False,False,False,False,2025,1,January,2025-01,Sunday,6,True,Pokhara,10863.6,0.0
TXN104108,2025-12-28,CUST1137,Sunita Tamang,Kathmandu - New Road,Electronics,Wall Clock,3,1743.45,5230.35,eSewa,False,False,False,False,2025,12,December,2025-12,Sunday,6,True,Kathmandu,5230.35,0.0
TXN100252,2025-09-15,CUST1019,Sarita Magar,Kathmandu - Kupondole,Apparel,Formal Shirt,2,2795.11,5590.22,eSewa,False,False,False,False,2025,9,September,2025-09,Monday,0,False,Kathmandu,5590.22,0.0
TXN103551,2025-10-26,CUST1003,Kiran Adhikari,Kathmandu - Kupondole,Electronics,Power Bank 10000mAh,2,2594.44,5188.88,Bank Transfer,False,False,False,False,2025,10,October,2025-10,Sunday,6,True,Kathmandu,5188.88,0.0
TXN100288,2025-04-03,CUST1107,Rajesh Basnet,Chitwan - Bharatpur,Electronics,Bluetooth Earphones,4,2874.07,11496.28,Khalti,False,False,False,False,2025,4,April,2025-04,Thursday,3,False,Chitwan,11496.28,0.0
TXN104909,2025-10-25,CUST1070,Alina Rai,Kathmandu - Kupondole,Apparel,Socks (3-pair pack),4,2347.6,9390.4,Cash,False,False,False,False,2025,10,October,2025-10,Saturday,5,True,Kathmandu,9390.4,0.0
TXN105115,2025-12-11,CUST1002,Kritika Bhattarai,Butwal - Traffic Chowk,Apparel,Formal Shirt,3,2429.79,7289.37,Khalti,True,False,False,False,2025,12,December,2025-12,Thursday,3,False,Butwal,7289.37,0.0
TXN101427,2025-11-15,CUST1010,Anita Karki,Bhaktapur - Suryabinayak,Apparel,Kids Frock,3,2872.89,8618.67,Cash,False,False,False,False,2025,11,November,2025-11,Saturday,5,True,Bhaktapur,8618.67,0.0
TXN101824,2025-03-12,CUST1010,Anita Karki,Chitwan - Bharatpur,Apparel,Cotton T-Shirt,4,2984.76,11939.04,Khalti,False,False,False,False,2025,3,March,2025-03,Wednesday,2,False,Chitwan,11939.04,0.0
TXN102404,2025-04-27,CUST1093,Aashish Magar,Bhaktapur - Suryabinayak,Apparel,Cotton T-Shirt,4,2256.45,9025.8,Khalti,False,False,False,False,2025,4,April,2025-04,Sunday,6,True,Bhaktapur,9025.8,0.0
TXN100607,2025-09-20,CUST1002,Kritika Bhattarai,Butwal - Traffic Chowk,Electronics,Extension Board,4,2831.09,11324.36,Cash,False,False,False,False,2025,9,September,2025-09,Saturday,5,True,Butwal,11324.36,0.0
TXN102809,2025-10-18,CUST1096,Sabnam Magar,Pokhara - Lakeside,Electronics,USB Cable Type-C,2,2774.63,5549.26,eSewa,False,False,False,False,2025,10,October,2025-10,Saturday,5,True,Pokhara,5549.26,0.0
TXN100624,2025-06-12,CUST1061,Bikash Shrestha,Bhaktapur - Suryabinayak,Apparel,Formal Shirt,4,2581.02,10324.08,Khalti,False,False,False,False,2025,6,June,2025-06,Thursday,3,False,Bhaktapur,10324.08,0.0
TXN102436,2025-04-21,CUST1020,Deepak Magar,Bhaktapur - Suryabinayak,Apparel,Winter Jacket,3,1802.83,5408.49,Cash,False,False,False,False,2025,4,April,2025-04,Monday,0,False,Bhaktapur,5408.49,0.0
TXN103980,2025-07-27,CUST1003,Kiran Adhikari,Kathmandu - Kupondole,Apparel,Socks (3-pair pack),3,2986.42,8959.26,Bank Transfer,False,False,False,False,2025,7,July,2025-07,Sunday,6,True,Kathmandu,8959.26,0.0
TXN103265,2025-12-16,CUST1009,Sushma Rai,Kathmandu - New Road,Electronics,Power Bank 10000mAh,3,1802.41,5407.23,Unknown,False,False,False,True,2025,12,December,2025-12,Tuesday,1,False,Kathmandu,5407.23,0.0
TXN102105,2025-07-04,CUST1002,Kritika Bhattarai,Butwal - Traffic Chowk,Apparel,Socks (3-pair pack),4,2355.05,9420.2,Cash,False,False,False,False,2025,7,July,2025-07,Friday,4,False,Butwal,9420.2,0.0
TXN105024,2025-11-01,CUST1040,Puja Gurung,Butwal - Traffic Chowk,Apparel,Winter Jacket,3,2696.16,8088.48,Khalti,False,False,False,False,2025,11,November,2025-11,Saturday,5,True,Butwal,8088.48,0.0
TXN103845,2025-09-07,CUST1014,Neha Basnet,Kathmandu - Kupondole,Apparel,Cotton T-Shirt,4,2669.61,10678.44,Bank Transfer,False,False,False,False,2025,9,September,2025-09,Sunday,6,True,Kathmandu,10678.44,0.0
TXN101148,2025-12-02,CUST1039,Sabina Thapa,Bhaktapur - Suryabinayak,Apparel,Kids Frock,2,2752.58,5505.16,eSewa,False,False,False,False,2025,12,December,2025-12,Tuesday,1,False,Bhaktapur,5505.16,0.0
TXN102156,2025-08-26,CUST1057,Neha Karki,Kathmandu - New Road,Electronics,Wall Clock,2,3125.29,6250.58,Khalti,False,False,False,False,2025,8,August,2025-08,Tuesday,1,False,Kathmandu,6250.58,0.0
TXN100928,2025-04-28,CUST1135,Sabina Bhattarai,Lalitpur - Pulchowk,Electronics,Bluetooth Earphones,2,3276.72,6553.44,Khalti,False,False,False,False,2025,4,April,2025-04,Monday,0,False,Lalitpur,6553.44,0.0
TXN104652,2025-05-17,CUST1039,Sabina Thapa,Butwal - Traffic Chowk,Electronics,Extension Board,3,3210.56,9631.68,Khalti,False,False,False,False,2025,5,May,2025-05,Saturday,5,True,Butwal,9631.68,0.0
TXN100927,2025-10-04,CUST1061,Bikash Shrestha,Bhaktapur - Suryabinayak,Apparel,Formal Shirt,4,1288.91,5155.64,Debit/Credit Card,False,False,False,False,2025,10,October,2025-10,Saturday,5,True,Bhaktapur,5155.64,0.0
TXN102854,2025-11-04,CUST1052,Aashish Poudel,Lalitpur - Pulchowk,Electronics,Extension Board,4,1556.45,6225.8,eSewa,False,False,False,False,2025,11,November,2025-11,Tuesday,1,False,Lalitpur,6225.8,0.0
TXN102633,2025-12-20,CUST1070,Alina Rai,Kathmandu - Kupondole,Apparel,Formal Shirt,3,1867.07,5601.21,Khalti,False,False,False,False,2025,12,December,2025-12,Saturday,5,True,Kathmandu,5601.21,0.0
TXN105794,2025-12-15,CUST1040,Puja Gurung,Butwal - Traffic Chowk,Electronics,Power Bank 10000mAh,4,2378.95,9515.8,Debit/Credit Card,False,False,False,False,2025,12,December,2025-12,Monday,0,False,Butwal,9515.8,0.0
TXN103713,2025-12-28,CUST1016,Neha Poudel,Chitwan - Bharatpur,Household,Harpic Toilet Cleaner,4,1183.14,4732.56,eSewa,False,False,False,False,2025,12,December,2025-12,Sunday,6,True,Chitwan,4732.56,0.0
TXN105746,2025-04-14,CUST1067,Anita Shrestha,Kathmandu - Kupondole,Electronics,Power Bank 10000mAh,4,1892.61,7570.44,Debit/Credit Card,False,False,False,False,2025,4,April,2025-04,Monday,0,False,Kathmandu,7570.44,0.0
TXN104032,2025-08-20,CUST1032,Deepak Khadka,Butwal - Traffic Chowk,Electronics,Bluetooth Earphones,3,2439.43,7318.29,Khalti,False,False,False,False,2025,8,August,2025-08,Wednesday,2,False,Butwal,7318.29,0.0
TXN100591,2025-05-05,CUST1014,Neha Basnet,Kathmandu - Kupondole,Apparel,Winter Jacket,3,1815.0,5445.0,Bank Transfer,False,False,False,False,2025,5,May,2025-05,Monday,0,False,Kathmandu,5445.0,0.0
TXN105339,2025-04-22,CUST1131,Sabnam Maharjan,Kathmandu - New Road,Apparel,Cotton T-Shirt,4,2031.32,8125.28,Cash,False,False,False,False,2025,4,April,2025-04,Tuesday,1,False,Kathmandu,8125.28,0.0
TXN101673,2025-02-27,CUST1057,Neha Karki,Kathmandu - New Road,Electronics,Extension Board,2,2612.22,5224.44,Khalti,False,False,False,False,2025,2,February,2025-02,Thursday,3,False,Kathmandu,5224.44,0.0
TXN101801,2025-09-28,CUST1002,Kritika Bhattarai,Butwal - Traffic Chowk,Electronics,Power Bank 10000mAh,4,1961.68,7846.72,Cash,False,False,False,False,2025,9,September,2025-09,Sunday,6,True,Butwal,7846.72,0.0
TXN104956,2025-10-17,CUST1091,Rajesh Thapa,Pokhara - Lakeside,Electronics,Wall Clock,4,3300.11,13200.44,Khalti,False,False,False,False,2025,10,October,2025-10,Friday,4,False,Pokhara,13200.44,0.0
TXN104012,2025-03-13,CUST1106,Prakash Shrestha,Lalitpur - Pulchowk,Electronics,Wall Clock,3,3202.38,9607.14,Bank Transfer,False,False,False,False,2025,3,March,2025-03,Thursday,3,False,Lalitpur,9607.14,0.0
TXN102790,2025-09-16,CUST1046,Sarita Karki,Butwal - Traffic Chowk,Apparel,Socks (3-pair pack),4,1606.34,6425.36,Cash,False,False,False,False,2025,9,September,2025-09,Tuesday,1,False,Butwal,6425.36,0.0
TXN105832,2025-02-12,CUST1069,Bijay Magar,Biratnagar - Main Road,Electronics,USB Cable Type-C,2,2751.22,5502.44,Cash,False,False,False,False,2025,2,February,2025-02,Wednesday,2,False,Biratnagar,5502.44,0.0
TXN102069,2025-03-28,CUST1055,Rohit Poudel,Pokhara - Lakeside,Electronics,Extension Board,4,3025.58,12102.32,Cash,False,False,False,False,2025,3,March,2025-03,Friday,4,False,Pokhara,12102.32,0.0
TXN103495,2025-11-01,CUST1013,Kiran Shrestha,Biratnagar - Main Road,Apparel,Kids Frock,2,2968.56,5937.12,Cash,False,False,False,False,2025,11,November,2025-11,Saturday,5,True,Biratnagar,5937.12,0.0
TXN104315,2025-04-13,CUST1025,Kiran Poudel,Kathmandu - Kupondole,Electronics,Extension Board,4,1904.37,7617.48,eSewa,False,False,False,False,2025,4,April,2025-04,Sunday,6,True,Kathmandu,7617.48,0.0
TXN104018,2025-04-05,CUST1060,Kritika Tamang,Pokhara - Lakeside,Apparel,Socks (3-pair pack),4,2988.77,11955.08,Khalti,False,False,False,False,2025,4,April,2025-04,Saturday,5,True,Pokhara,11955.08,0.0
TXN104223,2025-11-28,CUST1019,Sarita Magar,Kathmandu - Kupondole,Apparel,Socks (3-pair pack),4,2820.07,11280.28,Khalti,True,False,False,False,2025,11,November,2025-11,Friday,4,False,Kathmandu,11280.28,0.0
TXN105981,2025-12-27,CUST1130,Alina Rai,Bhaktapur - Suryabinayak,Apparel,Formal Shirt,4,2422.72,9690.88,Debit/Credit Card,False,False,False,False,2025,12,December,2025-12,Saturday,5,True,Bhaktapur,9690.88,0.0
TXN104875,2025-09-28,CUST1010,Anita Karki,Chitwan - Bharatpur,Apparel,Formal Shirt,4,2194.16,8776.64,eSewa,False,False,False,False,2025,9,September,2025-09,Sunday,6,True,Chitwan,8776.64,0.0
TXN101856,2025-12-14,CUST1025,Kiran Poudel,Kathmandu - Kupondole,Electronics,Wall Clock,4,1797.11,7188.44,Debit/Credit Card,False,False,False,False,2025,12,December,2025-12,Sunday,6,True,Kathmandu,7188.44,0.0
TXN101839,2025-04-19,CUST1130,Alina Rai,Bhaktapur - Suryabinayak,Electronics,Bluetooth Earphones,4,1487.64,5950.56,eSewa,False,False,False,False,2025,4,April,2025-04,Saturday,5,True,Bhaktapur,5950.56,0.0
TXN105764,2025-09-01,CUST1025,Kiran Poudel,Kathmandu - Kupondole,Apparel,Cotton T-Shirt,2,2391.41,4782.82,Debit/Credit Card,False,False,False,False,2025,9,September,2025-09,Monday,0,False,Kathmandu,4782.82,0.0
TXN104878,2025-02-25,CUST1056,Alina Shrestha,Kathmandu - New Road,Electronics,Wall Clock,4,3280.95,13123.8,Debit/Credit Card,False,False,False,False,2025,2,February,2025-02,Tuesday,1,False,Kathmandu,13123.8,0.0
TXN103181,2025-09-11,CUST1002,Kritika Bhattarai,Butwal - Traffic Chowk,Electronics,Extension Board,4,2367.53,9470.12,Debit/Credit Card,False,False,False,False,2025,9,September,2025-09,Thursday,3,False,Butwal,9470.12,0.0
TXN102629,2025-06-19,CUST1060,Kritika Tamang,Pokhara - Lakeside,Electronics,Wall Clock,4,2227.79,8911.16,Khalti,False,False,False,False,2025,6,June,2025-06,Thursday,3,False,Pokhara,8911.16,0.0
TXN103021,2025-05-28,CUST1138,Bikash Tamang,Bhaktapur - Suryabinayak,Apparel,Kids Frock,4,2380.52,9522.08,Cash,False,False,False,False,2025,5,May,2025-05,Wednesday,2,False,Bhaktapur,9522.08,0.0
TXN105669,2025-01-09,CUST1009,Sushma Rai,Butwal - Traffic Chowk,Apparel,Winter Jacket,4,2864.77,11459.08,eSewa,False,False,False,False,2025,1,January,2025-01,Thursday,3,False,Butwal,11459.08,0.0
TXN104485,2025-06-02,CUST1138,Bikash Tamang,Bhaktapur - Suryabinayak,Apparel,Formal Shirt,4,2904.62,11618.48,Khalti,False,False,False,False,2025,6,June,2025-06,Monday,0,False,Bhaktapur,11618.48,0.0
TXN105488,2025-02-17,CUST1100,Sujan Shrestha,Pokhara - Lakeside,Apparel,Kids Frock,2,2678.19,5356.38,Cash,True,False,False,False,2025,2,February,2025-02,Monday,0,False,Pokhara,5356.38,0.0
TXN100742,2025-09-07,CUST1063,Rohit Basnet,Biratnagar - Main Road,Apparel,Kids Frock,3,1980.88,5942.64,Unknown,False,False,False,True,2025,9,September,2025-09,Sunday,6,True,Biratnagar,5942.64,0.0
TXN101214,2025-08-15,CUST1037,Kritika Gurung,Kathmandu - New Road,Electronics,USB Cable Type-C,3,2172.18,6516.54,Cash,False,False,False,False,2025,8,August,2025-08,Friday,4,False,Kathmandu,6516.54,0.0
TXN100562,2025-04-12,CUST1099,Rohit Magar,Kathmandu - Kupondole,Electronics,Bluetooth Earphones,4,1549.0,6196.0,Khalti,False,False,False,False,2025,4,April,2025-04,Saturday,5,True,Kathmandu,6196.0,0.0
TXN103334,2025-01-09,CUST1020,Deepak Magar,Bhaktapur - Suryabinayak,Apparel,Kids Frock,4,1278.24,5112.96,eSewa,False,False,False,False,2025,1,January,2025-01,Thursday,3,False,Bhaktapur,5112.96,0.0
TXN103864,2025-05-10,CUST1002,Kritika Bhattarai,Bhaktapur - Suryabinayak,Electronics,Extension Board,4,1634.58,6538.32,Cash,False,False,False,False,2025,5,May,2025-05,Saturday,5,True,Bhaktapur,6538.32,0.0
TXN101621,2025-10-23,CUST1068,Sarita Adhikari,Pokhara - Lakeside,Apparel,Cotton T-Shirt,3,2729.91,8189.73,Khalti,False,False,False,False,2025,10,October,2025-10,Thursday,3,False,Pokhara,8189.73,0.0
TXN105097,2025-10-07,CUST1137,Sunita Tamang,Kathmandu - New Road,Electronics,Power Bank 10000mAh,3,2105.62,6316.86,Khalti,False,False,False,False,2025,10,October,2025-10,Tuesday,1,False,Kathmandu,6316.86,0.0
TXN103033,2025-08-23,CUST1122,Prakash Shrestha,Biratnagar - Main Road,Household,Harpic Toilet Cleaner,4,1164.23,4656.92,Cash,False,True,False,False,2025,8,August,2025-08,Saturday,5,True,Biratnagar,4656.92,0.0
TXN101517,2025-08-25,CUST1118,Alina Shrestha,Biratnagar - Main Road,Apparel,Formal Shirt,4,1545.45,6181.8,Cash,False,False,False,False,2025,8,August,2025-08,Monday,0,False,Biratnagar,6181.8,0.0
TXN104979,2025-04-10,CUST1056,Alina Shrestha,Kathmandu - New Road,Apparel,Formal Shirt,4,2176.15,8704.6,Khalti,False,False,False,False,2025,4,April,2025-04,Thursday,3,False,Kathmandu,8704.6,0.0
TXN103501,2025-04-16,CUST1081,Puja Khadka,Kathmandu - Kupondole,Apparel,Cotton T-Shirt,4,2234.59,8938.36,eSewa,False,False,False,False,2025,4,April,2025-04,Wednesday,2,False,Kathmandu,8938.36,0.0
TXN103138,2025-06-24,CUST1041,Sushma Bhattarai,Lalitpur - Pulchowk,Electronics,Bluetooth Earphones,3,1721.36,5164.08,Bank Transfer,False,False,False,False,2025,6,June,2025-06,Tuesday,1,False,Lalitpur,5164.08,0.0
TXN104307,2025-04-19,CUST1066,Kritika Khadka,Kathmandu - Kupondole,Electronics,USB Cable Type-C,3,2264.05,6792.15,Khalti,False,False,False,False,2025,4,April,2025-04,Saturday,5,True,Kathmandu,6792.15,0.0
TXN101904,2025-04-06,CUST1019,Sarita Magar,Bhaktapur - Suryabinayak,Apparel,Socks (3-pair pack),2,2590.27,5180.54,Khalti,False,False,False,False,2025,4,April,2025-04,Sunday,6,True,Bhaktapur,5180.54,0.0
TXN105405,2025-11-30,CUST1059,Rajesh Shrestha,Kathmandu - Kupondole,Electronics,Power Bank 10000mAh,4,3012.55,12050.2,eSewa,False,False,False,False,2025,11,November,2025-11,Sunday,6,True,Kathmandu,12050.2,0.0
TXN105832,2025-02-12,CUST1069,Bijay Magar,Biratnagar - Main Road,Apparel,Socks (3-pair pack),3,2067.0,6201.0,Cash,False,False,False,False,2025,2,February,2025-02,Wednesday,2,False,Biratnagar,6201.0,0.0
TXN102703,2025-08-22,CUST1101,Sabnam Bhattarai,Kathmandu - New Road,Electronics,USB Cable Type-C,2,3153.97,6307.94,Cash,False,False,False,False,2025,8,August,2025-08,Friday,4,False,Kathmandu,6307.94,0.0
TXN105211,2025-06-01,CUST1014,Neha Basnet,Kathmandu - Kupondole,Apparel,Formal Shirt,3,2952.52,8857.56,Khalti,False,False,False,False,2025,6,June,2025-06,Sunday,6,True,Kathmandu,8857.56,0.0
TXN102319,2025-11-01,CUST1002,Kritika Bhattarai,Butwal - Traffic Chowk,Apparel,Kids Frock,3,1928.77,5786.31,Cash,False,False,False,False,2025,11,November,2025-11,Saturday,5,True,Butwal,5786.31,0.0
TXN101041,2025-08-18,CUST1010,Anita Karki,Chitwan - Bharatpur,Electronics,Bluetooth Earphones,4,1979.37,7917.48,Cash,False,False,False,False,2025,8,August,2025-08,Monday,0,False,Chitwan,7917.48,0.0
TXN101271,2025-03-30,CUST1043,Neha Maharjan,Butwal - Traffic Chowk,Electronics,Power Bank 10000mAh,3,2632.31,7896.93,eSewa,False,False,False,False,2025,3,March,2025-03,Sunday,6,True,Butwal,7896.93,0.0
TXN105333,2025-07-11,CUST1005,Milan Lama,Butwal - Traffic Chowk,Electronics,Wall Clock,3,2323.53,6970.59,eSewa,False,False,False,False,2025,7,July,2025-07,Friday,4,False,Butwal,6970.59,0.0
TXN100275,2025-06-21,CUST1140,Sabnam Poudel,Bhaktapur - Suryabinayak,Electronics,USB Cable Type-C,3,2488.43,7465.29,Cash,False,False,False,False,2025,6,June,2025-06,Saturday,5,True,Bhaktapur,7465.29,0.0
TXN101500,2025-06-09,CUST1128,Milan Karki,Kathmandu - New Road,Apparel,Winter Jacket,3,1923.15,5769.45,Khalti,False,False,False,False,2025,6,June,2025-06,Monday,0,False,Kathmandu,5769.45,0.0
TXN105378,2025-01-01,CUST1031,Sabnam Khadka,Bhaktapur - Suryabinayak,Apparel,Winter Jacket,4,2858.4,11433.6,Cash,False,False,False,False,2025,1,January,2025-01,Wednesday,2,False,Bhaktapur,11433.6,0.0
TXN104667,2025-04-17,CUST1140,Sabnam Poudel,Pokhara - Lakeside,Electronics,Power Bank 10000mAh,3,1987.51,5962.53,Cash,False,False,False,False,2025,4,April,2025-04,Thursday,3,False,Pokhara,5962.53,0.0
TXN101524,2025-11-07,CUST1081,Puja Khadka,Kathmandu - Kupondole,Electronics,USB Cable Type-C,4,2093.93,8375.72,Khalti,False,False,False,False,2025,11,November,2025-11,Friday,4,False,Kathmandu,8375.72,0.0
TXN103251,2025-04-25,CUST1088,Deepak Lama,Kathmandu - Kupondole,Electronics,Power Bank 10000mAh,3,2162.74,6488.22,Cash,False,False,False,False,2025,4,April,2025-04,Friday,4,False,Kathmandu,6488.22,0.0
TXN101901,2025-10-12,CUST1019,Sarita Magar,Kathmandu - Kupondole,Apparel,Cotton T-Shirt,2,2922.01,5844.02,Khalti,False,True,False,False,2025,10,October,2025-10,Sunday,6,True,Kathmandu,5844.02,0.0
TXN102723,2025-06-25,CUST1045,Sunita Magar,Kathmandu - Kupondole,Electronics,Bluetooth Earphones,3,3387.39,10162.17,Cash,False,False,False,False,2025,6,June,2025-06,Wednesday,2,False,Kathmandu,10162.17,0.0
TXN103034,2025-07-03,CUST1123,Sujan Tamang,Kathmandu - New Road,Electronics,Bluetooth Earphones,4,2485.88,9943.52,Khalti,False,False,False,False,2025,7,July,2025-07,Thursday,3,False,Kathmandu,9943.52,0.0
TXN104340,2025-11-25,CUST1130,Alina Rai,Bhaktapur - Suryabinayak,Apparel,Winter Jacket,3,1824.75,5474.25,eSewa,False,True,False,False,2025,11,November,2025-11,Tuesday,1,False,Bhaktapur,5474.25,0.0
TXN104877,2025-01-27,CUST1014,Neha Basnet,Kathmandu - Kupondole,Electronics,USB Cable Type-C,4,2822.93,11291.72,Cash,False,False,False,False,2025,1,January,2025-01,Monday,0,False,Kathmandu,11291.72,0.0
TXN101709,2025-10-20,CUST1069,Bijay Magar,Kathmandu - New Road,Apparel,Winter Jacket,4,1565.43,6261.72,Khalti,False,False,False,False,2025,10,October,2025-10,Monday,0,False,Kathmandu,6261.72,0.0
TXN103434,2025-08-28,CUST1127,Sunita Adhikari,Kathmandu - New Road,Apparel,Kids Frock,3,1608.03,4824.09,Bank Transfer,False,False,False,False,2025,8,August,2025-08,Thursday,3,False,Kathmandu,4824.09,0.0
TXN102441,2025-11-01,CUST1101,Sabnam Bhattarai,Kathmandu - New Road,Apparel,Formal Shirt,4,2704.69,10818.76,Cash,False,False,False,False,2025,11,November,2025-11,Saturday,5,True,Kathmandu,10818.76,0.0
TXN101173,2025-10-01,CUST1020,Deepak Magar,Bhaktapur - Suryabinayak,Apparel,Kids Frock,4,1269.0,5076.0,Khalti,False,False,False,False,2025,10,October,2025-10,Wednesday,2,False,Bhaktapur,5076.0,0.0
TXN103640,2025-06-27,CUST1008,Alina Tamang,Bhaktapur - Suryabinayak,Apparel,Socks (3-pair pack),4,2190.66,8762.64,Bank Transfer,False,False,False,False,2025,6,June,2025-06,Friday,4,False,Bhaktapur,8762.64,0.0
TXN100348,2025-04-30,CUST1039,Sabina Thapa,Butwal - Traffic Chowk,Electronics,USB Cable Type-C,3,2040.47,6121.41,Debit/Credit Card,False,False,False,False,2025,4,April,2025-04,Wednesday,2,False,Butwal,6121.41,0.0
TXN102301,2025-12-30,CUST1118,Alina Shrestha,Bhaktapur - Suryabinayak,Apparel,Socks (3-pair pack),3,1879.72,5639.16,Khalti,False,False,False,False,2025,12,December,2025-12,Tuesday,1,False,Bhaktapur,5639.16,0.0
TXN100243,2025-08-15,CUST1137,Sunita Tamang,Kathmandu - New Road,Apparel,Cotton T-Shirt,3,2408.44,7225.32,eSewa,False,False,True,False,2025,8,August,2025-08,Friday,4,False,Kathmandu,7225.32,0.0
TXN102212,2025-04-08,CUST1023,Bikash Rai,Kathmandu - Kupondole,Apparel,Winter Jacket,4,1816.45,7265.8,Cash,False,False,False,False,2025,4,April,2025-04,Tuesday,1,False,Kathmandu,7265.8,0.0
TXN100446,2025-01-17,CUST1063,Rohit Basnet,Pokhara - Lakeside,Apparel,Formal Shirt,4,1613.96,6455.84,eSewa,False,False,False,False,2025,1,January,2025-01,Friday,4,False,Pokhara,6455.84,0.0
TXN105478,2025-11-30,CUST1052,Aashish Poudel,Lalitpur - Pulchowk,Electronics,USB Cable Type-C,3,3249.85,9749.55,Cash,False,True,False,False,2025,11,November,2025-11,Sunday,6,True,Lalitpur,9749.55,0.0
TXN104461,2025-01-10,CUST1052,Aashish Poudel,Lalitpur - Pulchowk,Electronics,Bluetooth Earphones,2,3043.66,6087.32,Khalti,False,False,False,False,2025,1,January,2025-01,Friday,4,False,Lalitpur,6087.32,0.0
TXN103702,2025-07-08,CUST1149,Sarita Poudel,Butwal - Traffic Chowk,Electronics,Power Bank 10000mAh,4,3035.39,12141.56,Cash,False,False,False,False,2025,7,July,2025-07,Tuesday,1,False,Butwal,12141.56,0.0
TXN101196,2025-04-28,CUST1149,Sarita Poudel,Kathmandu - Kupondole,Apparel,Winter Jacket,3,2234.85,6704.55,Cash,False,False,False,False,2025,4,April,2025-04,Monday,0,False,Kathmandu,6704.55,0.0
TXN103222,2025-01-06,CUST1130,Alina Rai,Bhaktapur - Suryabinayak,Apparel,Socks (3-pair pack),3,2645.45,7936.35,Khalti,False,False,False,False,2025,1,January,2025-01,Monday,0,False,Bhaktapur,7936.35,0.0
TXN101043,2025-11-18,CUST1025,Kiran Poudel,Kathmandu - Kupondole,Electronics,Extension Board,3,2061.11,6183.33,Khalti,False,False,False,False,2025,11,November,2025-11,Tuesday,1,False,Kathmandu,6183.33,0.0
TXN101245,2025-11-08,CUST1073,Bikash Shrestha,Kathmandu - New Road,Electronics,USB Cable Type-C,4,2595.5,10382.0,Khalti,True,False,False,False,2025,11,November,2025-11,Saturday,5,True,Kathmandu,10382.0,0.0
TXN102048,2025-11-13,CUST1061,Bikash Shrestha,Bhaktapur - Suryabinayak,Apparel,Socks (3-pair pack),4,2259.17,9036.68,Debit/Credit Card,False,False,False,False,2025,11,November,2025-11,Thursday,3,False,Bhaktapur,9036.68,0.0
TXN102224,2025-10-08,CUST1056,Alina Shrestha,Kathmandu - New Road,Apparel,Socks (3-pair pack),4,2526.39,10105.56,Cash,False,False,False,False,2025,10,October,2025-10,Wednesday,2,False,Kathmandu,10105.56,0.0
TXN101161,2025-04-29,CUST1080,Sandip Basnet,Chitwan - Bharatpur,Apparel,Formal Shirt,4,2125.14,8500.56,eSewa,False,False,False,False,2025,4,April,2025-04,Tuesday,1,False,Chitwan,8500.56,0.0
TXN101266,2025-11-06,CUST1014,Neha Basnet,Kathmandu - Kupondole,Electronics,USB Cable Type-C,3,1587.35,4762.05,Khalti,False,False,False,False,2025,11,November,2025-11,Thursday,3,False,Kathmandu,4762.05,0.0
TXN105999,2025-09-08,CUST1016,Neha Poudel,Chitwan - Bharatpur,Apparel,Kids Frock,4,1553.74,6214.96,Bank Transfer,True,False,False,False,2025,9,September,2025-09,Monday,0,False,Chitwan,6214.96,0.0
TXN103543,2025-02-06,CUST1035,Rita Shrestha,Biratnagar - Main Road,Electronics,Wall Clock,3,2023.07,6069.21,eSewa,False,False,False,False,2025,2,February,2025-02,Thursday,3,False,Biratnagar,6069.21,0.0
TXN100013,2025-06-17,CUST1080,Sandip Basnet,Chitwan - Bharatpur,Electronics,Extension Board,3,1885.57,5656.71,eSewa,False,False,False,False,2025,6,June,2025-06,Tuesday,1,False,Chitwan,5656.71,0.0
TXN100483,2025-10-02,CUST1028,Rita Maharjan,Butwal - Traffic Chowk,Electronics,USB Cable Type-C,4,2504.78,10019.12,eSewa,False,False,True,False,2025,10,October,2025-10,Thursday,3,False,Butwal,10019.12,0.0
TXN103968,2025-12-30,CUST1123,Sujan Tamang,Kathmandu - New Road,Apparel,Winter Jacket,3,2973.64,8920.92,Cash,False,False,False,False,2025,12,December,2025-12,Tuesday,1,False,Kathmandu,8920.92,0.0
TXN104441,2025-11-12,CUST1059,Rajesh Shrestha,Kathmandu - Kupondole,Apparel,Cotton T-Shirt,2,2953.27,5906.54,Cash,False,False,False,False,2025,11,November,2025-11,Wednesday,2,False,Kathmandu,5906.54,0.0
TXN105300,2025-10-10,CUST1057,Neha Karki,Kathmandu - New Road,Electronics,Extension Board,4,1463.69,5854.76,eSewa,False,False,False,False,2025,10,October,2025-10,Friday,4,False,Kathmandu,5854.76,0.0
TXN100686,2025-06-23,CUST1115,Rohit Maharjan,Chitwan - Bharatpur,Electronics,Extension Board,3,3073.19,9219.57,Khalti,False,False,False,False,2025,6,June,2025-06,Monday,0,False,Chitwan,9219.57,0.0
TXN103985,2025-09-14,CUST1061,Bikash Shrestha,Bhaktapur - Suryabinayak,Electronics,Wall Clock,4,2104.31,8417.24,eSewa,False,False,False,False,2025,9,September,2025-09,Sunday,6,True,Bhaktapur,8417.24,0.0
TXN100806,2025-10-05,CUST1031,Sabnam Khadka,Bhaktapur - Suryabinayak,Apparel,Socks (3-pair pack),3,2272.81,6818.43,Cash,False,False,False,False,2025,10,October,2025-10,Sunday,6,True,Bhaktapur,6818.43,0.0
TXN103397,2025-12-29,CUST1149,Sarita Poudel,Butwal - Traffic Chowk,Electronics,Bluetooth Earphones,3,3016.24,9048.72,Khalti,False,False,False,False,2025,12,December,2025-12,Monday,0,False,Butwal,9048.72,0.0
TXN102814,2025-09-23,CUST1110,Sushma Karki,Kathmandu - New Road,Electronics,Wall Clock,4,2965.33,11861.32,Cash,False,False,False,False,2025,9,September,2025-09,Tuesday,1,False,Kathmandu,11861.32,0.0
TXN105190,2025-05-30,CUST1061,Bikash Shrestha,Bhaktapur - Suryabinayak,Electronics,Bluetooth Earphones,4,2743.7,10974.8,eSewa,False,False,False,False,2025,5,May,2025-05,Friday,4,False,Bhaktapur,10974.8,0.0
TXN100143,2025-06-04,CUST1052,Aashish Poudel,Kathmandu - New Road,Electronics,Wall Clock,4,1877.27,7509.08,Khalti,False,False,False,False,2025,6,June,2025-06,Wednesday,2,False,Kathmandu,7509.08,0.0
TXN102238,2025-12-18,CUST1066,Kritika Khadka,Chitwan - Bharatpur,Apparel,Formal Shirt,4,2309.45,9237.8,Cash,False,False,False,False,2025,12,December,2025-12,Thursday,3,False,Chitwan,9237.8,0.0
TXN100319,2025-09-26,CUST1009,Sushma Rai,Kathmandu - New Road,Electronics,Power Bank 10000mAh,2,3485.66,6971.32,Cash,False,False,False,False,2025,9,September,2025-09,Friday,4,False,Kathmandu,6971.32,0.0
TXN100751,2025-08-07,CUST1012,Sabina Maharjan,Pokhara - Lakeside,Apparel,Kids Frock,4,2921.47,11685.88,Khalti,False,False,False,False,2025,8,August,2025-08,Thursday,3,False,Pokhara,11685.88,0.0
TXN100506,2025-09-10,CUST1110,Sushma Karki,Kathmandu - New Road,Apparel,Winter Jacket,3,2281.22,6843.66,Cash,False,False,False,False,2025,9,September,2025-09,Wednesday,2,False,Kathmandu,6843.66,0.0
TXN100123,2025-04-09,CUST1025,Kiran Poudel,Kathmandu - Kupondole,Electronics,USB Cable Type-C,2,2446.45,4892.9,eSewa,False,False,False,False,2025,4,April,2025-04,Wednesday,2,False,Kathmandu,4892.9,0.0
TXN100737,2025-09-22,CUST1029,Sandip Basnet,Pokhara - Lakeside,Apparel,Cotton T-Shirt,4,1724.85,6899.4,Bank Transfer,False,False,False,False,2025,9,September,2025-09,Monday,0,False,Pokhara,6899.4,0.0
TXN105622,2025-11-18,CUST1049,Sarita Bhattarai,Kathmandu - New Road,Apparel,Winter Jacket,3,2194.3,6582.9,eSewa,False,False,False,False,2025,11,November,2025-11,Tuesday,1,False,Kathmandu,6582.9,0.0
TXN104346,2025-04-23,CUST1004,Rajesh Adhikari,Kathmandu - Kupondole,Electronics,Wall Clock,3,2424.22,7272.66,Khalti,False,False,False,False,2025,4,April,2025-04,Wednesday,2,False,Kathmandu,7272.66,0.0
TXN102619,2025-07-29,CUST1100,Sujan Shrestha,Pokhara - Lakeside,Apparel,Formal Shirt,4,2637.75,10551.0,Debit/Credit Card,False,False,False,False,2025,7,July,2025-07,Tuesday,1,False,Pokhara,10551.0,0.0
TXN101571,2025-05-19,CUST1106,Prakash Shrestha,Lalitpur - Pulchowk,Electronics,Bluetooth Earphones,3,3350.64,10051.92,Khalti,False,False,False,False,2025,5,May,2025-05,Monday,0,False,Lalitpur,10051.92,0.0
TXN103780,2025-04-22,CUST1108,Neha Karki,Bhaktapur - Suryabinayak,Electronics,Wall Clock,3,3412.02,10236.06,Khalti,False,False,False,False,2025,4,April,2025-04,Tuesday,1,False,Bhaktapur,10236.06,0.0
TXN105492,2025-09-02,CUST1003,Kiran Adhikari,Kathmandu - Kupondole,Electronics,USB Cable Type-C,3,3374.09,10122.27,Unknown,False,False,False,True,2025,9,September,2025-09,Tuesday,1,False,Kathmandu,10122.27,0.0
TXN103537,2025-12-09,CUST1031,Sabnam Khadka,Bhaktapur - Suryabinayak,Electronics,Extension Board,3,3014.55,9043.65,Khalti,False,False,False,False,2025,12,December,2025-12,Tuesday,1,False,Bhaktapur,9043.65,0.0
TXN102747,2025-10-26,CUST1100,Sujan Shrestha,Pokhara - Lakeside,Apparel,Kids Frock,2,2981.48,5962.96,Bank Transfer,False,False,False,False,2025,10,October,2025-10,Sunday,6,True,Pokhara,5962.96,0.0
TXN100318,2025-09-18,CUST1012,Sabina Maharjan,Pokhara - Lakeside,Apparel,Winter Jacket,2,2658.6,5317.2,Khalti,False,False,False,False,2025,9,September,2025-09,Thursday,3,False,Pokhara,5317.2,0.0
TXN104229,2025-01-11,CUST1095,Neha Khadka,Pokhara - Lakeside,Electronics,USB Cable Type-C,3,2958.98,8876.94,Debit/Credit Card,False,False,False,False,2025,1,January,2025-01,Saturday,5,True,Pokhara,8876.94,0.0
TXN100586,2025-06-10,CUST1123,Sujan Tamang,Kathmandu - New Road,Electronics,Extension Board,4,2909.58,11638.32,eSewa,False,False,True,False,2025,6,June,2025-06,Tuesday,1,False,Kathmandu,11638.32,0.0
TXN101606,2025-06-23,CUST1009,Sushma Rai,Kathmandu - New Road,Electronics,USB Cable Type-C,3,1983.91,5951.73,eSewa,False,False,False,False,2025,6,June,2025-06,Monday,0,False,Kathmandu,5951.73,0.0
TXN102080,2025-07-29,CUST1059,Rajesh Shrestha,Kathmandu - Kupondole,Apparel,Cotton T-Shirt,4,2322.99,9291.96,Khalti,False,False,False,False,2025,7,July,2025-07,Tuesday,1,False,Kathmandu,9291.96,0.0
TXN103845,2025-09-07,CUST1014,Neha Basnet,Kathmandu - Kupondole,Electronics,USB Cable Type-C,3,3102.22,9306.66,Cash,False,False,False,False,2025,9,September,2025-09,Sunday,6,True,Kathmandu,9306.66,0.0
TXN100961,2025-04-17,CUST1057,Neha Karki,Kathmandu - New Road,Electronics,USB Cable Type-C,4,2881.94,11527.76,Cash,False,False,False,False,2025,4,April,2025-04,Thursday,3,False,Kathmandu,11527.76,0.0
TXN104943,2025-11-19,CUST1129,Nabin Thapa,Bhaktapur - Suryabinayak,Apparel,Socks (3-pair pack),3,1592.85,4778.55,eSewa,False,False,False,False,2025,11,November,2025-11,Wednesday,2,False,Bhaktapur,4778.55,0.0
TXN101532,2025-05-29,CUST1134,Sandip Khadka,Pokhara - Lakeside,Electronics,USB Cable Type-C,3,3358.03,10074.09,eSewa,False,False,False,False,2025,5,May,2025-05,Thursday,3,False,Pokhara,10074.09,0.0
TXN103177,2025-02-24,CUST1123,Sujan Tamang,Kathmandu - New Road,Apparel,Cotton T-Shirt,4,2255.57,9022.28,Khalti,False,False,False,False,2025,2,February,2025-02,Monday,0,False,Kathmandu,9022.28,0.0
TXN100690,2025-06-02,CUST1118,Alina Shrestha,Bhaktapur - Suryabinayak,Apparel,Cotton T-Shirt,4,2100.24,8400.96,Bank Transfer,False,False,False,False,2025,6,June,2025-06,Monday,0,False,Bhaktapur,8400.96,0.0
TXN100138,2025-11-22,CUST1012,Sabina Maharjan,Pokhara - Lakeside,Electronics,Wall Clock,4,2563.13,10252.52,Khalti,False,False,False,False,2025,11,November,2025-11,Saturday,5,True,Pokhara,10252.52,0.0
TXN100279,2025-09-22,CUST1108,Neha Karki,Bhaktapur - Suryabinayak,Electronics,Extension Board,2,2731.99,5463.98,Cash,False,False,False,False,2025,9,September,2025-09,Monday,0,False,Bhaktapur,5463.98,0.0
TXN100139,2025-12-30,CUST1069,Bijay Magar,Lalitpur - Pulchowk,Apparel,Socks (3-pair pack),4,2743.02,10972.08,Bank Transfer,True,False,False,False,2025,12,December,2025-12,Tuesday,1,False,Lalitpur,10972.08,0.0
TXN105763,2025-10-15,CUST1041,Sushma Bhattarai,Lalitpur - Pulchowk,Electronics,Extension Board,2,2776.18,5552.36,Cash,False,False,False,False,2025,10,October,2025-10,Wednesday,2,False,Lalitpur,5552.36,0.0
TXN104288,2025-06-03,CUST1123,Sujan Tamang,Kathmandu - New Road,Electronics,Extension Board,4,2743.05,10972.2,Cash,False,False,False,False,2025,6,June,2025-06,Tuesday,1,False,Kathmandu,10972.2,0.0
TXN105902,2025-09-30,CUST1005,Milan Lama,Butwal - Traffic Chowk,Apparel,Cotton T-Shirt,4,2871.85,11487.4,Cash,False,False,False,False,2025,9,September,2025-09,Tuesday,1,False,Butwal,11487.4,0.0
TXN101076,2025-12-12,CUST1005,Milan Lama,Chitwan - Bharatpur,Electronics,Power Bank 10000mAh,4,2666.94,10667.76,Khalti,False,False,False,False,2025,12,December,2025-12,Friday,4,False,Chitwan,10667.76,0.0
TXN102608,2025-04-20,CUST1134,Sandip Khadka,Biratnagar - Main Road,Apparel,Winter Jacket,3,1794.39,5383.17,Cash,False,False,False,False,2025,4,April,2025-04,Sunday,6,True,Biratnagar,5383.17,0.0
TXN101886,2025-02-03,CUST1149,Sarita Poudel,Biratnagar - Main Road,Apparel,Winter Jacket,3,2269.58,6808.74,Bank Transfer,False,False,False,False,2025,2,February,2025-02,Monday,0,False,Biratnagar,6808.74,0.0
TXN101284,2025-12-02,CUST1067,Anita Shrestha,Kathmandu - Kupondole,Apparel,Formal Shirt,2,2721.48,5442.96,Cash,False,False,False,False,2025,12,December,2025-12,Tuesday,1,False,Kathmandu,5442.96,0.0
TXN103148,2025-06-13,CUST1039,Sabina Thapa,Butwal - Traffic Chowk,Household,Harpic Toilet Cleaner,4,1194.49,4777.96,Khalti,False,False,False,False,2025,6,June,2025-06,Friday,4,False,Butwal,4777.96,0.0
TXN105979,2025-02-05,CUST1097,Milan Basnet,Kathmandu - New Road,Apparel,Kids Frock,4,1230.13,4920.52,Khalti,False,False,False,False,2025,2,February,2025-02,Wednesday,2,False,Kathmandu,4920.52,0.0
TXN105438,2025-10-15,CUST1085,Sunita Magar,Bhaktapur - Suryabinayak,Electronics,Wall Clock,3,2237.8,6713.4,Khalti,False,False,False,False,2025,10,October,2025-10,Wednesday,2,False,Bhaktapur,6713.4,0.0
TXN102235,2025-01-13,CUST1100,Sujan Shrestha,Pokhara - Lakeside,Electronics,Bluetooth Earphones,3,2696.94,8090.82,Khalti,False,False,False,False,2025,1,January,2025-01,Monday,0,False,Pokhara,8090.82,0.0
TXN100201,2025-09-11,CUST1003,Kiran Adhikari,Chitwan - Bharatpur,Electronics,Wall Clock,2,2893.39,5786.78,Cash,False,False,False,False,2025,9,September,2025-09,Thursday,3,False,Chitwan,5786.78,0.0
TXN101107,2025-10-27,CUST1066,Kritika Khadka,Kathmandu - Kupondole,Electronics,Wall Clock,4,2498.15,9992.6,Khalti,False,False,False,False,2025,10,October,2025-10,Monday,0,False,Kathmandu,9992.6,0.0
TXN104239,2025-03-06,CUST1115,Rohit Maharjan,Chitwan - Bharatpur,Apparel,Cotton T-Shirt,3,2854.69,8564.07,Cash,False,False,False,False,2025,3,March,2025-03,Thursday,3,False,Chitwan,8564.07,0.0
TXN104389,2025-01-18,CUST1025,Kiran Poudel,Kathmandu - Kupondole,Electronics,Wall Clock,2,2852.97,5705.94,eSewa,False,False,False,False,2025,1,January,2025-01,Saturday,5,True,Kathmandu,5705.94,0.0
TXN101232,2025-06-15,CUST1056,Alina Shrestha,Kathmandu - New Road,Electronics,Bluetooth Earphones,2,3046.09,6092.18,Khalti,False,False,False,False,2025,6,June,2025-06,Sunday,6,True,Kathmandu,6092.18,0.0
TXN101424,2025-03-02,CUST1070,Alina Rai,Kathmandu - Kupondole,Apparel,Socks (3-pair pack),3,2787.28,8361.84,eSewa,True,False,False,False,2025,3,March,2025-03,Sunday,6,True,Kathmandu,8361.84,0.0
TXN101210,2025-09-05,CUST1061,Bikash Shrestha,Bhaktapur - Suryabinayak,Apparel,Socks (3-pair pack),4,1923.31,7693.24,eSewa,False,False,False,False,2025,9,September,2025-09,Friday,4,False,Bhaktapur,7693.24,0.0
TXN103197,2025-09-12,CUST1127,Sunita Adhikari,Kathmandu - New Road,Electronics,USB Cable Type-C,3,2577.1,7731.3,Cash,False,False,False,False,2025,9,September,2025-09,Friday,4,False,Kathmandu,7731.3,0.0
TXN104611,2025-01-19,CUST1032,Deepak Khadka,Lalitpur - Pulchowk,Apparel,Formal Shirt,4,2399.37,9597.48,Khalti,False,False,False,False,2025,1,January,2025-01,Sunday,6,True,Lalitpur,9597.48,0.0
TXN102207,2025-04-02,CUST1039,Sabina Thapa,Butwal - Traffic Chowk,Electronics,Extension Board,3,2985.47,8956.41,Cash,False,False,False,False,2025,4,April,2025-04,Wednesday,2,False,Butwal,8956.41,0.0
TXN100412,2025-03-28,CUST1002,Kritika Bhattarai,Butwal - Traffic Chowk,Apparel,Cotton T-Shirt,3,2288.44,6865.32,Debit/Credit Card,False,False,False,False,2025,3,March,2025-03,Friday,4,False,Butwal,6865.32,0.0
TXN104260,2025-03-15,CUST1035,Rita Shrestha,Biratnagar - Main Road,Apparel,Winter Jacket,4,2006.29,8025.16,Khalti,False,False,False,False,2025,3,March,2025-03,Saturday,5,True,Biratnagar,8025.16,0.0
TXN104213,2025-06-22,CUST1103,Rohit Thapa,Butwal - Traffic Chowk,Electronics,Bluetooth Earphones,2,2626.97,5253.94,eSewa,False,False,False,False,2025,6,June,2025-06,Sunday,6,True,Butwal,5253.94,0.0
TXN101192,2025-01-25,CUST1135,Sabina Bhattarai,Lalitpur - Pulchowk,Apparel,Socks (3-pair pack),4,2086.38,8345.52,Cash,False,False,False,False,2025,1,January,2025-01,Saturday,5,True,Lalitpur,8345.52,0.0
TXN104692,2025-08-17,CUST1080,Sandip Basnet,Chitwan - Bharatpur,Apparel,Kids Frock,4,2574.47,10297.88,Cash,False,False,False,False,2025,8,August,2025-08,Sunday,6,True,Chitwan,10297.88,0.0
TXN102428,2025-12-13,CUST1130,Alina Rai,Bhaktapur - Suryabinayak,Electronics,Power Bank 10000mAh,2,2401.05,4802.1,eSewa,False,False,False,False,2025,12,December,2025-12,Saturday,5,True,Bhaktapur,4802.1,0.0
TXN104500,2025-08-27,CUST1001,Deepak Lama,Bhaktapur - Suryabinayak,Electronics,Bluetooth Earphones,4,2440.67,9762.68,Cash,False,False,False,False,2025,8,August,2025-08,Wednesday,2,False,Bhaktapur,9762.68,0.0
TXN100766,2025-04-13,CUST1040,Puja Gurung,Butwal - Traffic Chowk,Apparel,Winter Jacket,3,1826.64,5479.92,eSewa,False,False,False,False,2025,4,April,2025-04,Sunday,6,True,Butwal,5479.92,0.0
TXN105308,2025-05-28,CUST1023,Bikash Rai,Kathmandu - Kupondole,Electronics,Extension Board,4,3325.53,13302.12,Khalti,False,False,False,False,2025,5,May,2025-05,Wednesday,2,False,Kathmandu,13302.12,0.0
TXN101560,2025-09-03,CUST1095,Neha Khadka,Lalitpur - Pulchowk,Electronics,Power Bank 10000mAh,4,2148.19,8592.76,eSewa,False,False,False,False,2025,9,September,2025-09,Wednesday,2,False,Lalitpur,8592.76,0.0
TXN102193,2025-10-25,CUST1135,Sabina Bhattarai,Lalitpur - Pulchowk,Electronics,USB Cable Type-C,2,2530.36,5060.72,eSewa,False,False,False,False,2025,10,October,2025-10,Saturday,5,True,Lalitpur,5060.72,0.0
TXN105712,2025-05-12,CUST1012,Sabina Maharjan,Pokhara - Lakeside,Apparel,Winter Jacket,3,2686.31,8058.93,Cash,False,False,False,False,2025,5,May,2025-05,Monday,0,False,Pokhara,8058.93,0.0
TXN100225,2025-03-22,CUST1078,Bijay Magar,Kathmandu - Kupondole,Apparel,Cotton T-Shirt,3,1849.24,5547.72,Bank Transfer,False,False,False,False,2025,3,March,2025-03,Saturday,5,True,Kathmandu,5547.72,0.0
TXN100701,2025-02-17,CUST1012,Sabina Maharjan,Pokhara - Lakeside,Apparel,Socks (3-pair pack),4,2053.59,8214.36,Cash,False,False,False,False,2025,2,February,2025-02,Monday,0,False,Pokhara,8214.36,0.0
TXN104068,2025-05-14,CUST1131,Sabnam Maharjan,Butwal - Traffic Chowk,Electronics,Extension Board,3,3278.56,9835.68,Cash,False,False,False,False,2025,5,May,2025-05,Wednesday,2,False,Butwal,9835.68,0.0
TXN100378,2025-07-06,CUST1149,Sarita Poudel,Butwal - Traffic Chowk,Electronics,Wall Clock,2,3143.93,6287.86,Khalti,False,False,False,False,2025,7,July,2025-07,Sunday,6,True,Butwal,6287.86,0.0
TXN103104,2025-10-27,CUST1015,Sushma Bhattarai,Kathmandu - Kupondole,Electronics,Wall Clock,4,2861.15,11444.6,eSewa,False,False,True,False,2025,10,October,2025-10,Monday,0,False,Kathmandu,11444.6,0.0
TXN100618,2025-07-29,CUST1077,Prakash Basnet,Kathmandu - Kupondole,Apparel,Kids Frock,4,1438.32,5753.28,Khalti,False,False,False,False,2025,7,July,2025-07,Tuesday,1,False,Kathmandu,5753.28,0.0
TXN100224,2025-02-12,CUST1088,Deepak Lama,Kathmandu - Kupondole,Electronics,Wall Clock,4,2572.78,10291.12,Khalti,False,False,False,False,2025,2,February,2025-02,Wednesday,2,False,Kathmandu,10291.12,0.0
TXN104549,2025-11-06,CUST1019,Sarita Magar,Kathmandu - Kupondole,Apparel,Kids Frock,4,1170.08,4680.32,eSewa,False,False,False,False,2025,11,November,2025-11,Thursday,3,False,Kathmandu,4680.32,0.0
TXN100864,2025-07-03,CUST1010,Anita Karki,Pokhara - Lakeside,Electronics,Wall Clock,3,2572.0,7716.0,Bank Transfer,False,False,False,False,2025,7,July,2025-07,Thursday,3,False,Pokhara,7716.0,0.0
TXN103949,2025-11-18,CUST1015,Sushma Bhattarai,Kathmandu - Kupondole,Apparel,Socks (3-pair pack),4,2792.36,11169.44,eSewa,False,False,False,False,2025,11,November,2025-11,Tuesday,1,False,Kathmandu,11169.44,0.0
TXN105253,2025-10-26,CUST1014,Neha Basnet,Bhaktapur - Suryabinayak,Apparel,Winter Jacket,4,1790.59,7162.36,Cash,False,False,False,False,2025,10,October,2025-10,Sunday,6,True,Bhaktapur,7162.36,0.0
TXN105228,2025-12-14,CUST1020,Deepak Magar,Bhaktapur - Suryabinayak,Household,LED Bulb 9W,4,1177.26,4709.04,Khalti,False,False,False,False,2025,12,December,2025-12,Sunday,6,True,Bhaktapur,4709.04,0.0
TXN101095,2025-01-09,CUST1112,Nabin Magar,Butwal - Traffic Chowk,Electronics,USB Cable Type-C,3,3314.3,9942.9,Khalti,False,False,False,False,2025,1,January,2025-01,Thursday,3,False,Butwal,9942.9,0.0
TXN102145,2025-11-07,CUST1006,Alina Rai,Pokhara - Lakeside,Electronics,Power Bank 10000mAh,3,1745.84,5237.52,Cash,False,False,False,False,2025,11,November,2025-11,Friday,4,False,Pokhara,5237.52,0.0
TXN102774,2025-08-06,CUST1073,Bikash Shrestha,Kathmandu - New Road,Electronics,Wall Clock,4,1384.57,5538.28,Khalti,False,False,False,False,2025,8,August,2025-08,Wednesday,2,False,Kathmandu,5538.28,0.0
TXN104478,2025-12-27,CUST1080,Sandip Basnet,Chitwan - Bharatpur,Electronics,Bluetooth Earphones,2,3243.43,6486.86,Cash,False,False,False,False,2025,12,December,2025-12,Saturday,5,True,Chitwan,6486.86,0.0
TXN101980,2025-11-26,CUST1135,Sabina Bhattarai,Lalitpur - Pulchowk,Apparel,Winter Jacket,4,2988.6,11954.4,Khalti,False,False,False,False,2025,11,November,2025-11,Wednesday,2,False,Lalitpur,11954.4,0.0
TXN100371,2025-09-19,CUST1052,Aashish Poudel,Lalitpur - Pulchowk,Electronics,Wall Clock,4,1747.6,6990.4,Khalti,False,False,False,False,2025,9,September,2025-09,Friday,4,False,Lalitpur,6990.4,0.0
TXN103564,2025-11-03,CUST1032,Deepak Khadka,Butwal - Traffic Chowk,Apparel,Winter Jacket,3,2782.62,8347.86,Debit/Credit Card,False,False,False,False,2025,11,November,2025-11,Monday,0,False,Butwal,8347.86,0.0
TXN101344,2025-11-11,CUST1015,Sushma Bhattarai,Kathmandu - Kupondole,Electronics,USB Cable Type-C,4,2328.73,9314.92,eSewa,False,True,False,False,2025,11,November,2025-11,Tuesday,1,False,Kathmandu,9314.92,0.0
TXN101044,2025-04-23,CUST1081,Puja Khadka,Lalitpur - Pulchowk,Electronics,Wall Clock,4,2734.26,10937.04,Khalti,False,False,False,False,2025,4,April,2025-04,Wednesday,2,False,Lalitpur,10937.04,0.0
TXN102007,2025-04-09,CUST1000,Rohit Gurung,Bhaktapur - Suryabinayak,Apparel,Cotton T-Shirt,4,1856.19,7424.76,Cash,False,False,False,False,2025,4,April,2025-04,Wednesday,2,False,Bhaktapur,7424.76,0.0
TXN102004,2025-05-20,CUST1005,Milan Lama,Butwal - Traffic Chowk,Apparel,Socks (3-pair pack),3,2179.54,6538.62,Khalti,False,False,False,False,2025,5,May,2025-05,Tuesday,1,False,Butwal,6538.62,0.0
TXN102263,2025-09-10,CUST1002,Kritika Bhattarai,Butwal - Traffic Chowk,Apparel,Cotton T-Shirt,3,2164.11,6492.33,eSewa,False,False,True,False,2025,9,September,2025-09,Wednesday,2,False,Butwal,6492.33,0.0
TXN103296,2025-11-09,CUST1073,Bikash Shrestha,Biratnagar - Main Road,Apparel,Formal Shirt,4,1584.61,6338.44,eSewa,False,False,False,False,2025,11,November,2025-11,Sunday,6,True,Biratnagar,6338.44,0.0
TXN105782,2025-03-03,CUST1025,Kiran Poudel,Kathmandu - Kupondole,Apparel,Socks (3-pair pack),4,1291.49,5165.96,eSewa,False,False,False,False,2025,3,March,2025-03,Monday,0,False,Kathmandu,5165.96,0.0
TXN104930,2025-09-08,CUST1002,Kritika Bhattarai,Butwal - Traffic Chowk,Apparel,Winter Jacket,3,1712.67,5138.01,eSewa,False,False,False,False,2025,9,September,2025-09,Monday,0,False,Butwal,5138.01,0.0
TXN103081,2025-12-31,CUST1110,Sushma Karki,Kathmandu - New Road,Electronics,Bluetooth Earphones,3,2944.39,8833.17,Cash,False,False,False,False,2025,12,December,2025-12,Wednesday,2,False,Kathmandu,8833.17,0.0
TXN105845,2025-07-09,CUST1100,Sujan Shrestha,Pokhara - Lakeside,Electronics,Power Bank 10000mAh,2,2918.69,5837.38,eSewa,False,False,False,False,2025,7,July,2025-07,Wednesday,2,False,Pokhara,5837.38,0.0
TXN100329,2025-12-16,CUST1014,Neha Basnet,Kathmandu - Kupondole,Apparel,Cotton T-Shirt,2,2938.03,5876.06,Debit/Credit Card,False,False,False,False,2025,12,December,2025-12,Tuesday,1,False,Kathmandu,5876.06,0.0
TXN101671,2025-08-11,CUST1045,Sunita Magar,Kathmandu - Kupondole,Electronics,Extension Board,4,1969.37,7877.48,Unknown,False,False,False,True,2025,8,August,2025-08,Monday,0,False,Kathmandu,7877.48,0.0
TXN105482,2025-04-06,CUST1036,Sunita Maharjan,Kathmandu - Kupondole,Electronics,Wall Clock,4,3496.75,13987.0,Debit/Credit Card,False,False,False,False,2025,4,April,2025-04,Sunday,6,True,Kathmandu,13987.0,0.0
TXN105313,2025-09-30,CUST1061,Bikash Shrestha,Bhaktapur - Suryabinayak,Electronics,Wall Clock,4,1311.12,5244.48,Cash,False,False,False,False,2025,9,September,2025-09,Tuesday,1,False,Bhaktapur,5244.48,0.0
TXN101556,2025-01-22,CUST1113,Nabin Basnet,Butwal - Traffic Chowk,Apparel,Cotton T-Shirt,2,2617.89,5235.78,Debit/Credit Card,False,False,False,False,2025,1,January,2025-01,Wednesday,2,False,Butwal,5235.78,0.0
TXN101035,2025-11-23,CUST1014,Neha Basnet,Kathmandu - Kupondole,Electronics,USB Cable Type-C,2,2828.91,5657.82,Cash,False,False,False,False,2025,11,November,2025-11,Sunday,6,True,Kathmandu,5657.82,0.0
TXN102994,2025-12-09,CUST1002,Kritika Bhattarai,Butwal - Traffic Chowk,Electronics,Power Bank 10000mAh,3,3365.08,10095.24,Khalti,False,False,False,False,2025,12,December,2025-12,Tuesday,1,False,Butwal,10095.24,0.0
TXN105540,2025-06-30,CUST1149,Sarita Poudel,Butwal - Traffic Chowk,Apparel,Winter Jacket,4,2975.87,11903.48,Cash,False,False,False,False,2025,6,June,2025-06,Monday,0,False,Butwal,11903.48,0.0
TXN102760,2025-06-25,CUST1032,Deepak Khadka,Butwal - Traffic Chowk,Electronics,Extension Board,3,2864.68,8594.04,Cash,False,False,False,False,2025,6,June,2025-06,Wednesday,2,False,Butwal,8594.04,0.0
TXN100300,2025-11-06,CUST1118,Alina Shrestha,Bhaktapur - Suryabinayak,Apparel,Formal Shirt,4,2594.67,10378.68,Cash,False,False,False,False,2025,11,November,2025-11,Thursday,3,False,Bhaktapur,10378.68,0.0
TXN103636,2025-11-12,CUST1005,Milan Lama,Butwal - Traffic Chowk,Apparel,Socks (3-pair pack),4,1844.76,7379.04,eSewa,True,False,False,False,2025,11,November,2025-11,Wednesday,2,False,Butwal,7379.04,0.0
TXN100943,2025-04-02,CUST1085,Sunita Magar,Bhaktapur - Suryabinayak,Apparel,Winter Jacket,4,1651.49,6605.96,Cash,False,False,False,False,2025,4,April,2025-04,Wednesday,2,False,Bhaktapur,6605.96,0.0
TXN102216,2025-09-29,CUST1039,Sabina Thapa,Butwal - Traffic Chowk,Electronics,Wall Clock,4,2231.28,8925.12,eSewa,False,False,False,False,2025,9,September,2025-09,Monday,0,False,Butwal,8925.12,0.0
TXN103105,2025-07-25,CUST1044,Puja Magar,Bhaktapur - Suryabinayak,Apparel,Winter Jacket,3,2425.06,7275.18,Cash,False,False,False,False,2025,7,July,2025-07,Friday,4,False,Bhaktapur,7275.18,0.0
TXN100283,2025-04-13,CUST1002,Kritika Bhattarai,Butwal - Traffic Chowk,Electronics,USB Cable Type-C,2,2796.54,5593.08,Cash,False,False,False,False,2025,4,April,2025-04,Sunday,6,True,Butwal,5593.08,0.0
TXN105471,2025-11-23,CUST1149,Sarita Poudel,Butwal - Traffic Chowk,Apparel,Winter Jacket,4,2920.8,11683.2,Khalti,False,False,False,False,2025,11,November,2025-11,Sunday,6,True,Butwal,11683.2,0.0
TXN100637,2025-11-22,CUST1070,Alina Rai,Kathmandu - Kupondole,Apparel,Socks (3-pair pack),3,1668.97,5006.91,eSewa,False,False,False,False,2025,11,November,2025-11,Saturday,5,True,Kathmandu,5006.91,0.0
TXN105423,2025-09-02,CUST1052,Aashish Poudel,Butwal - Traffic Chowk,Apparel,Kids Frock,4,1262.18,5048.72,Cash,False,False,False,False,2025,9,September,2025-09,Tuesday,1,False,Butwal,5048.72,0.0
TXN105754,2025-12-14,CUST1110,Sushma Karki,Kathmandu - New Road,Electronics,Wall Clock,2,2387.69,4775.38,Khalti,False,False,False,False,2025,12,December,2025-12,Sunday,6,True,Kathmandu,4775.38,0.0
TXN102220,2025-11-05,CUST1119,Nabin Maharjan,Kathmandu - New Road,Electronics,Wall Clock,3,2592.93,7778.79,eSewa,False,False,False,False,2025,11,November,2025-11,Wednesday,2,False,Kathmandu,7778.79,0.0
TXN102987,2025-05-17,CUST1102,Sandip Tamang,Butwal - Traffic Chowk,Electronics,Power Bank 10000mAh,2,3288.41,6576.82,Bank Transfer,False,False,False,False,2025,5,May,2025-05,Saturday,5,True,Butwal,6576.82,0.0
TXN105587,2025-11-12,CUST1093,Aashish Magar,Bhaktapur - Suryabinayak,Apparel,Kids Frock,4,1697.02,6788.08,eSewa,False,False,False,False,2025,11,November,2025-11,Wednesday,2,False,Bhaktapur,6788.08,0.0
TXN102647,2025-08-26,CUST1101,Sabnam Bhattarai,Kathmandu - New Road,Apparel,Socks (3-pair pack),3,1657.2,4971.6,Cash,False,False,False,False,2025,8,August,2025-08,Tuesday,1,False,Kathmandu,4971.6,0.0
TXN103080,2025-08-04,CUST1041,Sushma Bhattarai,Lalitpur - Pulchowk,Apparel,Cotton T-Shirt,3,2673.07,8019.21,eSewa,False,False,False,False,2025,8,August,2025-08,Monday,0,False,Lalitpur,8019.21,0.0
TXN100071,2025-12-06,CUST1052,Aashish Poudel,Lalitpur - Pulchowk,Electronics,Power Bank 10000mAh,4,2295.98,9183.92,Cash,False,False,False,False,2025,12,December,2025-12,Saturday,5,True,Lalitpur,9183.92,0.0
TXN105366,2025-11-15,CUST1002,Kritika Bhattarai,Butwal - Traffic Chowk,Electronics,Extension Board,4,2771.81,11087.24,eSewa,False,False,False,False,2025,11,November,2025-11,Saturday,5,True,Butwal,11087.24,0.0
TXN103237,2025-08-14,CUST1098,Bijay Khadka,Bhaktapur - Suryabinayak,Electronics,Bluetooth Earphones,3,2524.89,7574.67,eSewa,False,False,False,False,2025,8,August,2025-08,Thursday,3,False,Bhaktapur,7574.67,0.0
TXN102138,2025-02-02,CUST1149,Sarita Poudel,Butwal - Traffic Chowk,Electronics,Wall Clock,4,2882.18,11528.72,eSewa,False,False,False,False,2025,2,February,2025-02,Sunday,6,True,Butwal,11528.72,0.0
TXN105665,2025-02-24,CUST1078,Bijay Magar,Kathmandu - Kupondole,Electronics,Bluetooth Earphones,3,2953.32,8859.96,eSewa,False,False,False,False,2025,2,February,2025-02,Monday,0,False,Kathmandu,8859.96,0.0
TXN100846,2025-09-30,CUST1052,Aashish Poudel,Lalitpur - Pulchowk,Electronics,Power Bank 10000mAh,4,1197.36,4789.44,Debit/Credit Card,False,False,False,False,2025,9,September,2025-09,Tuesday,1,False,Lalitpur,4789.44,0.0
TXN102027,2025-09-02,CUST1012,Sabina Maharjan,Pokhara - Lakeside,Electronics,Wall Clock,4,3469.42,13877.68,Cash,False,False,False,False,2025,9,September,2025-09,Tuesday,1,False,Pokhara,13877.68,0.0
TXN101864,2025-10-10,CUST1052,Aashish Poudel,Lalitpur - Pulchowk,Electronics,Wall Clock,3,2647.89,7943.67,Khalti,False,False,False,False,2025,10,October,2025-10,Friday,4,False,Lalitpur,7943.67,0.0
TXN104199,2025-07-31,CUST1106,Prakash Shrestha,Lalitpur - Pulchowk,Electronics,USB Cable Type-C,3,2411.09,7233.27,Khalti,False,False,False,False,2025,7,July,2025-07,Thursday,3,False,Lalitpur,7233.27,0.0
TXN102563,2025-02-13,CUST1052,Aashish Poudel,Lalitpur - Pulchowk,Electronics,USB Cable Type-C,3,2429.99,7289.97,eSewa,False,False,False,False,2025,2,February,2025-02,Thursday,3,False,Lalitpur,7289.97,0.0
TXN101426,2025-06-15,CUST1108,Neha Karki,Bhaktapur - Suryabinayak,Apparel,Winter Jacket,2,2696.74,5393.48,eSewa,False,False,False,False,2025,6,June,2025-06,Sunday,6,True,Bhaktapur,5393.48,0.0
TXN101351,2025-09-17,CUST1138,Bikash Tamang,Bhaktapur - Suryabinayak,Electronics,USB Cable Type-C,4,1694.69,6778.76,Cash,False,False,False,False,2025,9,September,2025-09,Wednesday,2,False,Bhaktapur,6778.76,0.0
TXN104933,2025-12-10,CUST1125,Neha Basnet,Kathmandu - New Road,Apparel,Formal Shirt,3,2728.24,8184.72,Khalti,False,False,False,False,2025,12,December,2025-12,Wednesday,2,False,Kathmandu,8184.72,0.0
TXN103394,2025-10-16,CUST1041,Sushma Bhattarai,Lalitpur - Pulchowk,Apparel,Winter Jacket,3,1832.1,5496.3,Cash,False,False,False,False,2025,10,October,2025-10,Thursday,3,False,Lalitpur,5496.3,0.0
TXN100477,2025-05-27,CUST1056,Alina Shrestha,Kathmandu - New Road,Apparel,Socks (3-pair pack),2,2624.59,5249.18,Cash,False,False,False,False,2025,5,May,2025-05,Tuesday,1,False,Kathmandu,5249.18,0.0
TXN103482,2025-04-05,CUST1136,Bikash Gurung,Lalitpur - Pulchowk,Electronics,Wall Clock,4,2094.78,8379.12,eSewa,False,False,False,False,2025,4,April,2025-04,Saturday,5,True,Lalitpur,8379.12,0.0
TXN100393,2025-01-19,CUST1020,Deepak Magar,Bhaktapur - Suryabinayak,Apparel,Cotton T-Shirt,3,2491.51,7474.53,eSewa,False,False,False,False,2025,1,January,2025-01,Sunday,6,True,Bhaktapur,7474.53,0.0
TXN103711,2025-08-22,CUST1148,Sarita Basnet,Biratnagar - Main Road,Electronics,Bluetooth Earphones,4,2640.66,10562.64,Debit/Credit Card,False,False,False,False,2025,8,August,2025-08,Friday,4,False,Biratnagar,10562.64,0.0
TXN103502,2025-04-20,CUST1112,Nabin Magar,Butwal - Traffic Chowk,Apparel,Kids Frock,4,1233.44,4933.76,eSewa,False,False,False,False,2025,4,April,2025-04,Sunday,6,True,Butwal,4933.76,0.0
TXN104802,2025-05-31,CUST1137,Sunita Tamang,Kathmandu - New Road,Electronics,Wall Clock,2,2582.16,5164.32,Cash,False,False,False,False,2025,5,May,2025-05,Saturday,5,True,Kathmandu,5164.32,0.0
TXN103610,2025-11-01,CUST1124,Anita Rai,Lalitpur - Pulchowk,Apparel,Formal Shirt,4,2988.92,11955.68,eSewa,False,False,False,False,2025,11,November,2025-11,Saturday,5,True,Lalitpur,11955.68,0.0
TXN105915,2025-08-13,CUST1009,Sushma Rai,Kathmandu - Kupondole,Apparel,Socks (3-pair pack),2,2813.45,5626.9,Cash,False,False,False,False,2025,8,August,2025-08,Wednesday,2,False,Kathmandu,5626.9,0.0
TXN103596,2025-08-24,CUST1003,Kiran Adhikari,Kathmandu - Kupondole,Household,Steel Lunch Box,4,1184.21,4736.84,eSewa,False,False,False,False,2025,8,August,2025-08,Sunday,6,True,Kathmandu,4736.84,0.0
TXN100759,2025-12-24,CUST1106,Prakash Shrestha,Lalitpur - Pulchowk,Apparel,Kids Frock,4,2220.18,8880.72,Debit/Credit Card,False,False,False,False,2025,12,December,2025-12,Wednesday,2,False,Lalitpur,8880.72,0.0
TXN101646,2025-09-21,CUST1015,Sushma Bhattarai,Kathmandu - Kupondole,Apparel,Socks (3-pair pack),4,1482.1,5928.4,Cash,False,False,False,False,2025,9,September,2025-09,Sunday,6,True,Kathmandu,5928.4,0.0
TXN102370,2025-06-18,CUST1032,Deepak Khadka,Butwal - Traffic Chowk,Apparel,Cotton T-Shirt,4,1314.87,5259.48,Cash,False,False,False,False,2025,6,June,2025-06,Wednesday,2,False,Butwal,5259.48,0.0
TXN105201,2025-09-26,CUST1044,Puja Magar,Bhaktapur - Suryabinayak,Electronics,Bluetooth Earphones,2,2442.39,4884.78,Khalti,False,False,False,False,2025,9,September,2025-09,Friday,4,False,Bhaktapur,4884.78,0.0
TXN103640,2025-06-27,CUST1008,Alina Tamang,Bhaktapur - Suryabinayak,Apparel,Kids Frock,4,1927.96,7711.84,Unknown,False,False,False,True,2025,6,June,2025-06,Friday,4,False,Bhaktapur,7711.84,0.0
TXN103448,2025-10-16,CUST1045,Sunita Magar,Kathmandu - Kupondole,Apparel,Cotton T-Shirt,3,1875.12,5625.36,eSewa,False,False,False,False,2025,10,October,2025-10,Thursday,3,False,Kathmandu,5625.36,0.0
TXN100466,2025-10-19,CUST1045,Sunita Magar,Kathmandu - Kupondole,Apparel,Kids Frock,4,1340.3,5361.2,eSewa,False,False,False,False,2025,10,October,2025-10,Sunday,6,True,Kathmandu,5361.2,0.0
TXN103823,2025-09-17,CUST1049,Sarita Bhattarai,Kathmandu - New Road,Electronics,Wall Clock,4,3384.98,13539.92,Khalti,False,False,False,False,2025,9,September,2025-09,Wednesday,2,False,Kathmandu,13539.92,0.0
TXN103934,2025-05-13,CUST1102,Sandip Tamang,Butwal - Traffic Chowk,Apparel,Winter Jacket,4,2173.54,8694.16,eSewa,False,False,False,False,2025,5,May,2025-05,Tuesday,1,False,Butwal,8694.16,0.0
TXN103386,2025-04-25,CUST1081,Puja Khadka,Kathmandu - Kupondole,Electronics,Bluetooth Earphones,3,2462.46,7387.38,Khalti,False,False,False,False,2025,4,April,2025-04,Friday,4,False,Kathmandu,7387.38,0.0
TXN101226,2025-10-25,CUST1107,Rajesh Basnet,Butwal - Traffic Chowk,Electronics,Bluetooth Earphones,4,2485.26,9941.04,Cash,False,False,False,False,2025,10,October,2025-10,Saturday,5,True,Butwal,9941.04,0.0
TXN101125,2025-10-16,CUST1004,Rajesh Adhikari,Kathmandu - Kupondole,Electronics,Wall Clock,3,2562.99,7688.97,eSewa,False,False,False,False,2025,10,October,2025-10,Thursday,3,False,Kathmandu,7688.97,0.0
TXN102988,2025-04-05,CUST1046,Sarita Karki,Lalitpur - Pulchowk,Apparel,Cotton T-Shirt,4,2451.41,9805.64,Debit/Credit Card,False,False,False,False,2025,4,April,2025-04,Saturday,5,True,Lalitpur,9805.64,0.0
TXN100842,2025-09-12,CUST1083,Rohit Shrestha,Kathmandu - New Road,Apparel,Kids Frock,3,1640.37,4921.11,eSewa,False,False,False,False,2025,9,September,2025-09,Friday,4,False,Kathmandu,4921.11,0.0
TXN101340,2025-10-28,CUST1068,Sarita Adhikari,Pokhara - Lakeside,Electronics,Wall Clock,3,3278.47,9835.41,eSewa,False,False,False,False,2025,10,October,2025-10,Tuesday,1,False,Pokhara,9835.41,0.0
TXN105408,2025-08-11,CUST1149,Sarita Poudel,Butwal - Traffic Chowk,Apparel,Socks (3-pair pack),2,2788.13,5576.26,Cash,False,False,False,False,2025,8,August,2025-08,Monday,0,False,Butwal,5576.26,0.0
TXN100787,2025-06-29,CUST1118,Alina Shrestha,Bhaktapur - Suryabinayak,Apparel,Winter Jacket,3,1788.16,5364.48,Cash,False,False,False,False,2025,6,June,2025-06,Sunday,6,True,Bhaktapur,5364.48,0.0
TXN104212,2025-08-28,CUST1040,Puja Gurung,Butwal - Traffic Chowk,Electronics,Power Bank 10000mAh,4,3381.71,13526.84,eSewa,False,False,False,False,2025,8,August,2025-08,Thursday,3,False,Butwal,13526.84,0.0
TXN100685,2025-10-24,CUST1110,Sushma Karki,Kathmandu - New Road,Apparel,Socks (3-pair pack),4,2394.35,9577.4,Cash,False,False,False,False,2025,10,October,2025-10,Friday,4,False,Kathmandu,9577.4,0.0
TXN103223,2025-10-29,CUST1124,Anita Rai,Lalitpur - Pulchowk,Apparel,Cotton T-Shirt,4,2460.35,9841.4,Debit/Credit Card,False,False,False,False,2025,10,October,2025-10,Wednesday,2,False,Lalitpur,9841.4,0.0
TXN100904,2025-07-16,CUST1003,Kiran Adhikari,Pokhara - Lakeside,Apparel,Winter Jacket,3,2525.33,7575.99,Cash,False,False,False,False,2025,7,July,2025-07,Wednesday,2,False,Pokhara,7575.99,0.0
TXN100661,2025-06-21,CUST1081,Puja Khadka,Pokhara - Lakeside,Electronics,Power Bank 10000mAh,4,2142.71,8570.84,Khalti,False,False,False,False,2025,6,June,2025-06,Saturday,5,True,Pokhara,8570.84,0.0
TXN100060,2025-09-06,CUST1041,Sushma Bhattarai,Lalitpur - Pulchowk,Apparel,Cotton T-Shirt,3,2926.91,8780.73,Khalti,False,False,False,False,2025,9,September,2025-09,Saturday,5,True,Lalitpur,8780.73,0.0
TXN102225,2025-10-16,CUST1061,Bikash Shrestha,Bhaktapur - Suryabinayak,Apparel,Kids Frock,4,1936.74,7746.96,eSewa,False,False,False,False,2025,10,October,2025-10,Thursday,3,False,Bhaktapur,7746.96,0.0
TXN102329,2025-12-02,CUST1044,Puja Magar,Bhaktapur - Suryabinayak,Electronics,Bluetooth Earphones,4,1321.15,5284.6,Cash,False,False,False,False,2025,12,December,2025-12,Tuesday,1,False,Bhaktapur,5284.6,0.0
TXN103435,2025-01-17,CUST1138,Bikash Tamang,Kathmandu - New Road,Apparel,Kids Frock,2,2842.94,5685.88,Cash,False,False,False,False,2025,1,January,2025-01,Friday,4,False,Kathmandu,5685.88,0.0
TXN105326,2025-02-10,CUST1140,Sabnam Poudel,Pokhara - Lakeside,Electronics,USB Cable Type-C,2,2901.13,5802.26,Cash,False,False,False,False,2025,2,February,2025-02,Monday,0,False,Pokhara,5802.26,0.0
TXN102495,2025-10-26,CUST1149,Sarita Poudel,Kathmandu - New Road,Electronics,Extension Board,2,2745.7,5491.4,Cash,False,False,False,False,2025,10,October,2025-10,Sunday,6,True,Kathmandu,5491.4,0.0
TXN103739,2025-11-20,CUST1073,Bikash Shrestha,Kathmandu - New Road,Electronics,Wall Clock,3,2217.82,6653.46,Khalti,False,False,False,False,2025,11,November,2025-11,Thursday,3,False,Kathmandu,6653.46,0.0
TXN105169,2025-10-10,CUST1013,Kiran Shrestha,Biratnagar - Main Road,Electronics,USB Cable Type-C,2,3494.67,6989.34,Cash,False,False,False,False,2025,10,October,2025-10,Friday,4,False,Biratnagar,6989.34,0.0
TXN100135,2025-11-22,CUST1056,Alina Shrestha,Kathmandu - New Road,Apparel,Winter Jacket,3,2160.81,6482.43,eSewa,False,False,False,False,2025,11,November,2025-11,Saturday,5,True,Kathmandu,6482.43,0.0
TXN100272,2025-11-14,CUST1149,Sarita Poudel,Butwal - Traffic Chowk,Apparel,Winter Jacket,4,2355.05,9420.2,Cash,False,False,False,False,2025,11,November,2025-11,Friday,4,False,Butwal,9420.2,0.0
TXN100900,2025-04-15,CUST1020,Deepak Magar,Bhaktapur - Suryabinayak,Electronics,Wall Clock,2,3202.78,6405.56,Cash,False,False,False,False,2025,4,April,2025-04,Tuesday,1,False,Bhaktapur,6405.56,0.0
TXN102835,2025-07-19,CUST1014,Neha Basnet,Kathmandu - Kupondole,Electronics,Wall Clock,2,3285.53,6571.06,Cash,False,False,False,False,2025,7,July,2025-07,Saturday,5,True,Kathmandu,6571.06,0.0
TXN103654,2025-10-09,CUST1114,Sabnam Khadka,Biratnagar - Main Road,Apparel,Socks (3-pair pack),3,2599.47,7798.41,eSewa,False,False,False,False,2025,10,October,2025-10,Thursday,3,False,Biratnagar,7798.41,0.0
TXN105890,2025-12-26,CUST1100,Sujan Shrestha,Pokhara - Lakeside,Electronics,USB Cable Type-C,3,1633.22,4899.66,Khalti,False,False,False,False,2025,12,December,2025-12,Friday,4,False,Pokhara,4899.66,0.0
TXN102004,2025-05-20,CUST1005,Milan Lama,Butwal - Traffic Chowk,Electronics,Wall Clock,2,3056.52,6113.04,Bank Transfer,False,False,False,False,2025,5,May,2025-05,Tuesday,1,False,Butwal,6113.04,0.0
TXN105618,2025-10-15,CUST1108,Neha Karki,Bhaktapur - Suryabinayak,Electronics,USB Cable Type-C,4,3069.74,12278.96,Cash,False,False,False,False,2025,10,October,2025-10,Wednesday,2,False,Bhaktapur,12278.96,0.0
TXN101820,2025-10-06,CUST1010,Anita Karki,Chitwan - Bharatpur,Apparel,Winter Jacket,4,2143.76,8575.04,Bank Transfer,False,False,False,False,2025,10,October,2025-10,Monday,0,False,Chitwan,8575.04,0.0
TXN100598,2025-08-14,CUST1029,Sandip Basnet,Butwal - Traffic Chowk,Electronics,Wall Clock,2,3198.64,6397.28,Khalti,False,False,False,False,2025,8,August,2025-08,Thursday,3,False,Butwal,6397.28,0.0
TXN105599,2025-04-25,CUST1020,Deepak Magar,Bhaktapur - Suryabinayak,Apparel,Socks (3-pair pack),2,2499.77,4999.54,Cash,False,False,False,False,2025,4,April,2025-04,Friday,4,False,Bhaktapur,4999.54,0.0
TXN105289,2025-09-18,CUST1042,Manisha Basnet,Bhaktapur - Suryabinayak,Electronics,Extension Board,4,2500.67,10002.68,Cash,False,False,False,False,2025,9,September,2025-09,Thursday,3,False,Bhaktapur,10002.68,0.0
TXN100162,2025-01-23,CUST1057,Neha Karki,Kathmandu - New Road,Electronics,Wall Clock,3,2002.19,6006.57,Khalti,False,False,False,False,2025,1,January,2025-01,Thursday,3,False,Kathmandu,6006.57,0.0
TXN100464,2025-11-08,CUST1058,Alina Lama,Butwal - Traffic Chowk,Electronics,Extension Board,3,1735.97,5207.91,Khalti,False,False,False,False,2025,11,November,2025-11,Saturday,5,True,Butwal,5207.91,0.0
TXN104253,2025-04-10,CUST1015,Sushma Bhattarai,Kathmandu - Kupondole,Electronics,Wall Clock,3,1719.94,5159.82,Cash,True,False,False,False,2025,4,April,2025-04,Thursday,3,False,Kathmandu,5159.82,0.0
TXN105533,2025-04-14,CUST1138,Bikash Tamang,Bhaktapur - Suryabinayak,Electronics,Wall Clock,3,2374.67,7124.01,Khalti,False,False,False,False,2025,4,April,2025-04,Monday,0,False,Bhaktapur,7124.01,0.0
TXN102116,2025-11-10,CUST1013,Kiran Shrestha,Biratnagar - Main Road,Apparel,Winter Jacket,2,2811.92,5623.84,Cash,False,False,False,False,2025,11,November,2025-11,Monday,0,False,Biratnagar,5623.84,0.0
TXN102063,2025-09-03,CUST1136,Bikash Gurung,Lalitpur - Pulchowk,Electronics,Wall Clock,4,2324.14,9296.56,Cash,False,False,False,False,2025,9,September,2025-09,Wednesday,2,False,Lalitpur,9296.56,0.0
TXN102005,2025-10-30,CUST1123,Sujan Tamang,Kathmandu - New Road,Electronics,Extension Board,2,3082.74,6165.48,eSewa,False,False,False,False,2025,10,October,2025-10,Thursday,3,False,Kathmandu,6165.48,0.0
TXN102860,2025-08-30,CUST1054,Sujan Poudel,Bhaktapur - Suryabinayak,Apparel,Socks (3-pair pack),4,2664.43,10657.72,Cash,False,False,False,False,2025,8,August,2025-08,Saturday,5,True,Bhaktapur,10657.72,0.0
TXN102011,2025-08-10,CUST1067,Anita Shrestha,Kathmandu - Kupondole,Electronics,USB Cable Type-C,2,3283.94,6567.88,Bank Transfer,False,False,False,False,2025,8,August,2025-08,Sunday,6,True,Kathmandu,6567.88,0.0
TXN101590,2025-05-19,CUST1100,Sujan Shrestha,Pokhara - Lakeside,Apparel,Kids Frock,4,2305.58,9222.32,Khalti,False,False,False,False,2025,5,May,2025-05,Monday,0,False,Pokhara,9222.32,0.0
TXN105175,2025-12-07,CUST1095,Neha Khadka,Lalitpur - Pulchowk,Apparel,Cotton T-Shirt,4,2095.98,8383.92,eSewa,False,True,False,False,2025,12,December,2025-12,Sunday,6,True,Lalitpur,8383.92,0.0
TXN104162,2025-11-18,CUST1123,Sujan Tamang,Kathmandu - New Road,Electronics,Power Bank 10000mAh,4,2354.39,9417.56,Khalti,False,False,False,False,2025,11,November,2025-11,Tuesday,1,False,Kathmandu,9417.56,0.0
TXN101765,2025-12-01,CUST1070,Alina Rai,Kathmandu - Kupondole,Apparel,Socks (3-pair pack),2,2970.52,5941.04,eSewa,False,False,False,False,2025,12,December,2025-12,Monday,0,False,Kathmandu,5941.04,0.0
TXN104146,2025-06-22,CUST1102,Sandip Tamang,Kathmandu - New Road,Apparel,Kids Frock,4,2482.27,9929.08,Cash,True,False,False,False,2025,6,June,2025-06,Sunday,6,True,Kathmandu,9929.08,0.0
TXN104982,2025-10-24,CUST1020,Deepak Magar,Bhaktapur - Suryabinayak,Electronics,Extension Board,4,2815.51,11262.04,Unknown,False,False,False,True,2025,10,October,2025-10,Friday,4,False,Bhaktapur,11262.04,0.0
TXN100789,2025-06-09,CUST1100,Sujan Shrestha,Pokhara - Lakeside,Electronics,Extension Board,4,1757.44,7029.76,Khalti,False,False,False,False,2025,6,June,2025-06,Monday,0,False,Pokhara,7029.76,0.0
TXN100914,2025-03-18,CUST1137,Sunita Tamang,Lalitpur - Pulchowk,Apparel,Winter Jacket,4,2707.23,10828.92,Khalti,False,False,False,False,2025,3,March,2025-03,Tuesday,1,False,Lalitpur,10828.92,0.0
TXN100114,2025-03-15,CUST1022,Bijay Gurung,Kathmandu - Kupondole,Electronics,Power Bank 10000mAh,4,2846.11,11384.44,Khalti,False,False,False,False,2025,3,March,2025-03,Saturday,5,True,Kathmandu,11384.44,0.0
TXN104064,2025-09-20,CUST1093,Aashish Magar,Bhaktapur - Suryabinayak,Apparel,Cotton T-Shirt,4,2787.56,11150.24,Bank Transfer,False,False,False,False,2025,9,September,2025-09,Saturday,5,True,Bhaktapur,11150.24,0.0
TXN101897,2025-10-09,CUST1041,Sushma Bhattarai,Lalitpur - Pulchowk,Apparel,Cotton T-Shirt,3,1940.49,5821.47,Bank Transfer,False,False,False,False,2025,10,October,2025-10,Thursday,3,False,Lalitpur,5821.47,0.0
TXN101869,2025-09-10,CUST1041,Sushma Bhattarai,Lalitpur - Pulchowk,Apparel,Kids Frock,4,1162.55,4650.2,Debit/Credit Card,False,False,False,False,2025,9,September,2025-09,Wednesday,2,False,Lalitpur,4650.2,0.0
TXN105832,2025-02-12,CUST1069,Bijay Magar,Biratnagar - Main Road,Apparel,Formal Shirt,4,1403.62,5614.48,eSewa,False,False,False,False,2025,2,February,2025-02,Wednesday,2,False,Biratnagar,5614.48,0.0
TXN104209,2025-04-02,CUST1139,Sabnam Adhikari,Bhaktapur - Suryabinayak,Electronics,Power Bank 10000mAh,3,1966.21,5898.63,eSewa,False,False,False,False,2025,4,April,2025-04,Wednesday,2,False,Bhaktapur,5898.63,0.0
TXN103603,2025-10-26,CUST1097,Milan Basnet,Kathmandu - New Road,Apparel,Formal Shirt,2,2892.17,5784.34,eSewa,False,False,False,False,2025,10,October,2025-10,Sunday,6,True,Kathmandu,5784.34,0.0
TXN100175,2025-11-24,CUST1081,Puja Khadka,Kathmandu - Kupondole,Electronics,Wall Clock,3,2297.99,6893.97,Debit/Credit Card,False,False,False,False,2025,11,November,2025-11,Monday,0,False,Kathmandu,6893.97,0.0
TXN103874,2025-06-19,CUST1093,Aashish Magar,Kathmandu - Kupondole,Apparel,Socks (3-pair pack),3,1892.83,5678.49,eSewa,False,False,False,False,2025,6,June,2025-06,Thursday,3,False,Kathmandu,5678.49,0.0
TXN101772,2025-11-11,CUST1073,Bikash Shrestha,Kathmandu - New Road,Electronics,Extension Board,4,2363.53,9454.12,Cash,False,False,False,False,2025,11,November,2025-11,Tuesday,1,False,Kathmandu,9454.12,0.0
TXN105611,2025-11-15,CUST1017,Nabin Lama,Pokhara - Lakeside,Apparel,Socks (3-pair pack),4,2575.82,10303.28,eSewa,False,False,False,False,2025,11,November,2025-11,Saturday,5,True,Pokhara,10303.28,0.0
TXN101571,2025-05-19,CUST1106,Prakash Shrestha,Lalitpur - Pulchowk,Apparel,Formal Shirt,2,2918.73,5837.46,Cash,False,False,False,False,2025,5,May,2025-05,Monday,0,False,Lalitpur,5837.46,0.0
TXN105127,2025-07-21,CUST1013,Kiran Shrestha,Biratnagar - Main Road,Electronics,Wall Clock,4,2801.19,11204.76,Cash,False,False,False,False,2025,7,July,2025-07,Monday,0,False,Biratnagar,11204.76,0.0
TXN104736,2025-03-10,CUST1112,Nabin Magar,Butwal - Traffic Chowk,Electronics,Power Bank 10000mAh,4,3393.48,13573.92,Cash,False,False,False,False,2025,3,March,2025-03,Monday,0,False,Butwal,13573.92,0.0
TXN100947,2025-11-05,CUST1061,Bikash Shrestha,Bhaktapur - Suryabinayak,Apparel,Cotton T-Shirt,4,1372.28,5489.12,Cash,False,False,False,False,2025,11,November,2025-11,Wednesday,2,False,Bhaktapur,5489.12,0.0
TXN105792,2025-08-23,CUST1003,Kiran Adhikari,Kathmandu - Kupondole,Electronics,Power Bank 10000mAh,3,2782.97,8348.91,eSewa,False,False,False,False,2025,8,August,2025-08,Saturday,5,True,Kathmandu,8348.91,0.0
TXN105972,2025-03-11,CUST1002,Kritika Bhattarai,Butwal - Traffic Chowk,Apparel,Cotton T-Shirt,4,1729.09,6916.36,Unknown,False,False,False,True,2025,3,March,2025-03,Tuesday,1,False,Butwal,6916.36,0.0
TXN100123,2025-04-09,CUST1025,Kiran Poudel,Kathmandu - Kupondole,Electronics,Bluetooth Earphones,3,3083.03,9249.09,Bank Transfer,False,False,False,False,2025,4,April,2025-04,Wednesday,2,False,Kathmandu,9249.09,0.0
TXN102416,2025-11-23,CUST1009,Sushma Rai,Kathmandu - New Road,Electronics,Power Bank 10000mAh,4,1398.02,5592.08,eSewa,False,False,False,False,2025,11,November,2025-11,Sunday,6,True,Kathmandu,5592.08,0.0
TXN102333,2025-09-22,CUST1149,Sarita Poudel,Butwal - Traffic Chowk,Apparel,Formal Shirt,3,2650.39,7951.17,Cash,False,False,False,False,2025,9,September,2025-09,Monday,0,False,Butwal,7951.17,0.0
TXN104330,2025-10-13,CUST1135,Sabina Bhattarai,Lalitpur - Pulchowk,Electronics,Bluetooth Earphones,3,2272.97,6818.91,eSewa,False,False,False,False,2025,10,October,2025-10,Monday,0,False,Lalitpur,6818.91,0.0
TXN102917,2025-09-06,CUST1100,Sujan Shrestha,Pokhara - Lakeside,Electronics,USB Cable Type-C,4,2715.82,10863.28,Cash,False,False,False,False,2025,9,September,2025-09,Saturday,5,True,Pokhara,10863.28,0.0
TXN101887,2025-10-08,CUST1067,Anita Shrestha,Kathmandu - Kupondole,Electronics,Power Bank 10000mAh,3,1813.12,5439.36,Unknown,False,False,False,True,2025,10,October,2025-10,Wednesday,2,False,Kathmandu,5439.36,0.0
TXN102010,2025-01-31,CUST1149,Sarita Poudel,Butwal - Traffic Chowk,Electronics,Wall Clock,2,3394.24,6788.48,Cash,False,False,False,False,2025,1,January,2025-01,Friday,4,False,Butwal,6788.48,0.0
TXN100416,2025-07-29,CUST1069,Bijay Magar,Lalitpur - Pulchowk,Apparel,Kids Frock,4,2369.4,9477.6,Cash,False,False,False,False,2025,7,July,2025-07,Tuesday,1,False,Lalitpur,9477.6,0.0
TXN104663,2025-05-28,CUST1028,Rita Maharjan,Butwal - Traffic Chowk,Apparel,Cotton T-Shirt,3,1708.49,5125.47,eSewa,False,False,False,False,2025,5,May,2025-05,Wednesday,2,False,Butwal,5125.47,0.0
TXN105501,2025-09-07,CUST1046,Sarita Karki,Lalitpur - Pulchowk,Apparel,Cotton T-Shirt,4,2579.5,10318.0,Cash,False,False,False,False,2025,9,September,2025-09,Sunday,6,True,Lalitpur,10318.0,0.0
TXN103317,2025-05-25,CUST1015,Sushma Bhattarai,Kathmandu - Kupondole,Electronics,USB Cable Type-C,4,2233.66,8934.64,Cash,False,False,False,False,2025,5,May,2025-05,Sunday,6,True,Kathmandu,8934.64,0.0
TXN102866,2025-05-28,CUST1130,Alina Rai,Bhaktapur - Suryabinayak,Apparel,Socks (3-pair pack),3,2835.17,8505.51,Debit/Credit Card,False,False,False,False,2025,5,May,2025-05,Wednesday,2,False,Bhaktapur,8505.51,0.0
TXN104388,2025-02-14,CUST1149,Sarita Poudel,Butwal - Traffic Chowk,Electronics,Bluetooth Earphones,3,1804.94,5414.82,Bank Transfer,False,False,False,False,2025,2,February,2025-02,Friday,4,False,Butwal,5414.82,0.0
TXN100827,2025-12-06,CUST1078,Bijay Magar,Butwal - Traffic Chowk,Electronics,Wall Clock,4,3100.89,12403.56,Khalti,False,False,False,False,2025,12,December,2025-12,Saturday,5,True,Butwal,12403.56,0.0
TXN104967,2025-10-01,CUST1149,Sarita Poudel,Butwal - Traffic Chowk,Apparel,Formal Shirt,3,2480.5,7441.5,Bank Transfer,False,False,False,False,2025,10,October,2025-10,Wednesday,2,False,Butwal,7441.5,0.0
TXN101983,2025-05-08,CUST1002,Kritika Bhattarai,Butwal - Traffic Chowk,Electronics,Bluetooth Earphones,2,2738.19,5476.38,Khalti,False,False,False,False,2025,5,May,2025-05,Thursday,3,False,Butwal,5476.38,0.0
TXN104399,2025-07-20,CUST1032,Deepak Khadka,Chitwan - Bharatpur,Electronics,Wall Clock,2,3075.89,6151.78,Cash,False,False,False,False,2025,7,July,2025-07,Sunday,6,True,Chitwan,6151.78,0.0
TXN103229,2025-08-05,CUST1130,Alina Rai,Bhaktapur - Suryabinayak,Electronics,Wall Clock,4,3034.91,12139.64,Cash,False,False,False,False,2025,8,August,2025-08,Tuesday,1,False,Bhaktapur,12139.64,0.0
TXN105647,2025-11-21,CUST1003,Kiran Adhikari,Kathmandu - Kupondole,Electronics,Power Bank 10000mAh,3,2857.05,8571.15,eSewa,False,False,False,False,2025,11,November,2025-11,Friday,4,False,Kathmandu,8571.15,0.0
TXN103233,2025-10-27,CUST1002,Kritika Bhattarai,Kathmandu - New Road,Apparel,Kids Frock,4,2217.13,8868.52,Cash,False,False,True,False,2025,10,October,2025-10,Monday,0,False,Kathmandu,8868.52,0.0
TXN100854,2025-02-25,CUST1002,Kritika Bhattarai,Butwal - Traffic Chowk,Electronics,Power Bank 10000mAh,3,3429.18,10287.54,eSewa,True,False,False,False,2025,2,February,2025-02,Tuesday,1,False,Butwal,10287.54,0.0
TXN104322,2025-06-26,CUST1136,Bikash Gurung,Lalitpur - Pulchowk,Apparel,Cotton T-Shirt,4,2915.08,11660.32,eSewa,False,False,False,False,2025,6,June,2025-06,Thursday,3,False,Lalitpur,11660.32,0.0
TXN102789,2025-12-05,CUST1097,Milan Basnet,Kathmandu - New Road,Electronics,Extension Board,4,1410.31,5641.24,Khalti,False,False,False,False,2025,12,December,2025-12,Friday,4,False,Kathmandu,5641.24,0.0
TXN102236,2025-08-05,CUST1055,Rohit Poudel,Lalitpur - Pulchowk,Electronics,Wall Clock,3,1934.67,5804.01,Khalti,False,False,False,False,2025,8,August,2025-08,Tuesday,1,False,Lalitpur,5804.01,0.0
TXN104155,2025-11-13,CUST1007,Sunita Karki,Biratnagar - Main Road,Electronics,USB Cable Type-C,2,2697.24,5394.48,eSewa,True,False,False,False,2025,11,November,2025-11,Thursday,3,False,Biratnagar,5394.48,0.0
TXN102950,2025-05-10,CUST1008,Alina Tamang,Bhaktapur - Suryabinayak,Electronics,Extension Board,4,2268.92,9075.68,Cash,False,False,False,False,2025,5,May,2025-05,Saturday,5,True,Bhaktapur,9075.68,0.0
TXN100915,2025-07-04,CUST1135,Sabina Bhattarai,Lalitpur - Pulchowk,Electronics,Extension Board,4,2626.53,10506.12,eSewa,False,False,False,False,2025,7,July,2025-07,Friday,4,False,Lalitpur,10506.12,0.0
TXN105797,2025-11-23,CUST1015,Sushma Bhattarai,Kathmandu - Kupondole,Apparel,Winter Jacket,4,1400.97,5603.88,Cash,False,False,False,False,2025,11,November,2025-11,Sunday,6,True,Kathmandu,5603.88,0.0
TXN100465,2025-11-04,CUST1070,Alina Rai,Kathmandu - Kupondole,Electronics,Extension Board,3,2491.58,7474.74,Cash,False,True,False,False,2025,11,November,2025-11,Tuesday,1,False,Kathmandu,7474.74,0.0
TXN104225,2025-01-21,CUST1100,Sujan Shrestha,Pokhara - Lakeside,Apparel,Socks (3-pair pack),2,2411.07,4822.14,Khalti,False,False,False,False,2025,1,January,2025-01,Tuesday,1,False,Pokhara,4822.14,0.0
TXN102867,2025-06-01,CUST1050,Manisha Rai,Pokhara - Lakeside,Apparel,Socks (3-pair pack),4,1417.4,5669.6,Unknown,False,False,False,True,2025,6,June,2025-06,Sunday,6,True,Pokhara,5669.6,0.0
TXN103803,2025-04-25,CUST1061,Bikash Shrestha,Bhaktapur - Suryabinayak,Apparel,Formal Shirt,2,2549.27,5098.54,Cash,False,False,False,False,2025,4,April,2025-04,Friday,4,False,Bhaktapur,5098.54,0.0
TXN105438,2025-10-15,CUST1085,Sunita Magar,Bhaktapur - Suryabinayak,Electronics,USB Cable Type-C,4,2653.2,10612.8,Khalti,False,False,False,False,2025,10,October,2025-10,Wednesday,2,False,Bhaktapur,10612.8,0.0
TXN104737,2025-11-04,CUST1034,Kritika Tamang,Butwal - Traffic Chowk,Apparel,Cotton T-Shirt,4,1250.31,5001.24,eSewa,False,False,False,False,2025,11,November,2025-11,Tuesday,1,False,Butwal,5001.24,0.0
TXN101833,2025-11-14,CUST1100,Sujan Shrestha,Pokhara - Lakeside,Apparel,Formal Shirt,2,2574.77,5149.54,Khalti,False,False,False,False,2025,11,November,2025-11,Friday,4,False,Pokhara,5149.54,0.0
TXN103147,2025-04-26,CUST1061,Bikash Shrestha,Bhaktapur - Suryabinayak,Electronics,Bluetooth Earphones,3,3301.16,9903.48,Bank Transfer,True,False,False,False,2025,4,April,2025-04,Saturday,5,True,Bhaktapur,9903.48,0.0
TXN100804,2025-02-14,CUST1000,Rohit Gurung,Pokhara - Lakeside,Electronics,USB Cable Type-C,4,1258.49,5033.96,Cash,False,False,False,False,2025,2,February,2025-02,Friday,4,False,Pokhara,5033.96,0.0
TXN102192,2025-02-20,CUST1012,Sabina Maharjan,Pokhara - Lakeside,Apparel,Formal Shirt,4,1336.66,5346.64,Debit/Credit Card,False,False,False,False,2025,2,February,2025-02,Thursday,3,False,Pokhara,5346.64,0.0
TXN102742,2025-09-27,CUST1012,Sabina Maharjan,Pokhara - Lakeside,Electronics,Extension Board,4,3353.96,13415.84,Debit/Credit Card,False,False,False,False,2025,9,September,2025-09,Saturday,5,True,Pokhara,13415.84,0.0
TXN102980,2025-02-03,CUST1072,Kritika Thapa,Biratnagar - Main Road,Electronics,Wall Clock,4,3061.2,12244.8,eSewa,False,False,False,False,2025,2,February,2025-02,Monday,0,False,Biratnagar,12244.8,0.0
TXN100997,2025-12-06,CUST1014,Neha Basnet,Kathmandu - Kupondole,Electronics,Extension Board,4,1925.71,7702.84,eSewa,False,False,False,False,2025,12,December,2025-12,Saturday,5,True,Kathmandu,7702.84,0.0
TXN101661,2025-11-28,CUST1128,Milan Karki,Lalitpur - Pulchowk,Electronics,Wall Clock,3,2782.41,8347.23,Khalti,False,False,False,False,2025,11,November,2025-11,Friday,4,False,Lalitpur,8347.23,0.0
TXN100573,2025-09-26,CUST1033,Rohit Khadka,Butwal - Traffic Chowk,Apparel,Kids Frock,3,2809.34,8428.02,Bank Transfer,False,False,False,False,2025,9,September,2025-09,Friday,4,False,Butwal,8428.02,0.0
TXN104783,2025-01-08,CUST1070,Alina Rai,Kathmandu - Kupondole,Apparel,Formal Shirt,3,2500.46,7501.38,eSewa,False,False,False,False,2025,1,January,2025-01,Wednesday,2,False,Kathmandu,7501.38,0.0
TXN104735,2025-10-08,CUST1084,Sabnam Bhattarai,Bhaktapur - Suryabinayak,Apparel,Socks (3-pair pack),3,2685.55,8056.65,Cash,False,True,False,False,2025,10,October,2025-10,Wednesday,2,False,Bhaktapur,8056.65,0.0
TXN103637,2025-08-22,CUST1020,Deepak Magar,Bhaktapur - Suryabinayak,Apparel,Cotton T-Shirt,3,1852.33,5556.99,Cash,False,False,False,False,2025,8,August,2025-08,Friday,4,False,Bhaktapur,5556.99,0.0
TXN101437,2025-05-31,CUST1110,Sushma Karki,Kathmandu - New Road,Apparel,Formal Shirt,4,1404.16,5616.64,Cash,False,False,False,False,2025,5,May,2025-05,Saturday,5,True,Kathmandu,5616.64,0.0
TXN100665,2025-11-09,CUST1009,Sushma Rai,Chitwan - Bharatpur,Apparel,Formal Shirt,4,2679.31,10717.24,Cash,False,False,False,False,2025,11,November,2025-11,Sunday,6,True,Chitwan,10717.24,0.0
TXN103567,2025-07-20,CUST1069,Bijay Magar,Lalitpur - Pulchowk,Apparel,Winter Jacket,3,2076.77,6230.31,eSewa,False,False,False,False,2025,7,July,2025-07,Sunday,6,True,Lalitpur,6230.31,0.0
TXN104472,2025-11-10,CUST1056,Alina Shrestha,Kathmandu - New Road,Electronics,Extension Board,3,2232.98,6698.94,eSewa,False,False,False,False,2025,11,November,2025-11,Monday,0,False,Kathmandu,6698.94,0.0
TXN103838,2025-02-28,CUST1096,Sabnam Magar,Kathmandu - New Road,Electronics,Bluetooth Earphones,3,2303.93,6911.79,Cash,False,False,False,False,2025,2,February,2025-02,Friday,4,False,Kathmandu,6911.79,0.0
TXN104417,2025-12-18,CUST1052,Aashish Poudel,Lalitpur - Pulchowk,Electronics,Power Bank 10000mAh,4,2522.45,10089.8,Cash,False,False,False,False,2025,12,December,2025-12,Thursday,3,False,Lalitpur,10089.8,0.0
TXN104482,2025-10-14,CUST1002,Kritika Bhattarai,Butwal - Traffic Chowk,Electronics,Power Bank 10000mAh,3,2888.23,8664.69,eSewa,True,False,False,False,2025,10,October,2025-10,Tuesday,1,False,Butwal,8664.69,0.0
TXN105024,2025-11-01,CUST1040,Puja Gurung,Butwal - Traffic Chowk,Apparel,Socks (3-pair pack),2,2786.29,5572.58,Cash,False,False,False,False,2025,11,November,2025-11,Saturday,5,True,Butwal,5572.58,0.0
TXN101054,2025-12-20,CUST1042,Manisha Basnet,Bhaktapur - Suryabinayak,Apparel,Winter Jacket,3,1999.35,5998.05,Debit/Credit Card,False,False,False,False,2025,12,December,2025-12,Saturday,5,True,Bhaktapur,5998.05,0.0
TXN100819,2025-10-26,CUST1028,Rita Maharjan,Butwal - Traffic Chowk,Apparel,Formal Shirt,3,2065.77,6197.31,Cash,False,False,False,False,2025,10,October,2025-10,Sunday,6,True,Butwal,6197.31,0.0
TXN102809,2025-10-18,CUST1096,Sabnam Magar,Pokhara - Lakeside,Electronics,Extension Board,4,1295.85,5183.4,Debit/Credit Card,False,False,False,False,2025,10,October,2025-10,Saturday,5,True,Pokhara,5183.4,0.0
TXN105348,2025-12-20,CUST1019,Sarita Magar,Butwal - Traffic Chowk,Apparel,Kids Frock,3,1658.21,4974.63,Debit/Credit Card,False,False,False,False,2025,12,December,2025-12,Saturday,5,True,Butwal,4974.63,0.0
TXN100627,2025-01-12,CUST1130,Alina Rai,Bhaktapur - Suryabinayak,Apparel,Cotton T-Shirt,4,2280.9,9123.6,Khalti,False,False,False,False,2025,1,January,2025-01,Sunday,6,True,Bhaktapur,9123.6,0.0
TXN103086,2025-11-13,CUST1008,Alina Tamang,Bhaktapur - Suryabinayak,Electronics,USB Cable Type-C,4,2538.21,10152.84,Cash,False,False,False,False,2025,11,November,2025-11,Thursday,3,False,Bhaktapur,10152.84,0.0
TXN102181,2025-12-10,CUST1052,Aashish Poudel,Lalitpur - Pulchowk,Apparel,Kids Frock,4,1673.29,6693.16,eSewa,False,False,False,False,2025,12,December,2025-12,Wednesday,2,False,Lalitpur,6693.16,0.0
TXN104574,2025-04-20,CUST1002,Kritika Bhattarai,Chitwan - Bharatpur,Electronics,Power Bank 10000mAh,4,2897.88,11591.52,Bank Transfer,False,False,False,False,2025,4,April,2025-04,Sunday,6,True,Chitwan,11591.52,0.0
TXN105744,2025-10-22,CUST1002,Kritika Bhattarai,Butwal - Traffic Chowk,Apparel,Kids Frock,2,2706.65,5413.3,Khalti,False,False,False,False,2025,10,October,2025-10,Wednesday,2,False,Butwal,5413.3,0.0
TXN105155,2025-10-23,CUST1056,Alina Shrestha,Kathmandu - New Road,Apparel,Kids Frock,3,2628.53,7885.59,Khalti,False,False,False,False,2025,10,October,2025-10,Thursday,3,False,Kathmandu,7885.59,0.0
TXN101064,2025-12-01,CUST1057,Neha Karki,Kathmandu - New Road,Apparel,Cotton T-Shirt,2,2735.22,5470.44,Cash,False,False,False,False,2025,12,December,2025-12,Monday,0,False,Kathmandu,5470.44,0.0
TXN104232,2025-07-12,CUST1036,Sunita Maharjan,Pokhara - Lakeside,Electronics,Wall Clock,4,2996.05,11984.2,eSewa,False,False,False,False,2025,7,July,2025-07,Saturday,5,True,Pokhara,11984.2,0.0
TXN102862,2025-07-30,CUST1091,Rajesh Thapa,Pokhara - Lakeside,Electronics,Extension Board,4,1834.79,7339.16,eSewa,False,False,False,False,2025,7,July,2025-07,Wednesday,2,False,Pokhara,7339.16,0.0
TXN103758,2025-12-21,CUST1048,Kritika Rai,Kathmandu - New Road,Electronics,Bluetooth Earphones,2,2845.54,5691.08,eSewa,True,False,False,False,2025,12,December,2025-12,Sunday,6,True,Kathmandu,5691.08,0.0
TXN102140,2025-04-28,CUST1127,Sunita Adhikari,Kathmandu - New Road,Electronics,Bluetooth Earphones,3,2927.28,8781.84,Bank Transfer,False,False,False,False,2025,4,April,2025-04,Monday,0,False,Kathmandu,8781.84,0.0
TXN100248,2025-10-20,CUST1128,Milan Karki,Kathmandu - New Road,Electronics,Extension Board,4,3336.36,13345.44,Debit/Credit Card,False,False,False,False,2025,10,October,2025-10,Monday,0,False,Kathmandu,13345.44,0.0
TXN100155,2025-10-18,CUST1042,Manisha Basnet,Bhaktapur - Suryabinayak,Electronics,Wall Clock,4,3123.98,12495.92,Khalti,False,False,False,False,2025,10,October,2025-10,Saturday,5,True,Bhaktapur,12495.92,0.0
TXN104597,2025-04-01,CUST1110,Sushma Karki,Kathmandu - New Road,Apparel,Kids Frock,4,1751.95,7007.8,Cash,False,False,False,False,2025,4,April,2025-04,Tuesday,1,False,Kathmandu,7007.8,0.0
TXN103552,2025-10-30,CUST1014,Neha Basnet,Kathmandu - Kupondole,Apparel,Winter Jacket,4,1445.89,5783.56,eSewa,False,False,False,False,2025,10,October,2025-10,Thursday,3,False,Kathmandu,5783.56,0.0
TXN103388,2025-04-26,CUST1017,Nabin Lama,Pokhara - Lakeside,Apparel,Kids Frock,3,2815.34,8446.02,eSewa,False,False,False,False,2025,4,April,2025-04,Saturday,5,True,Pokhara,8446.02,0.0
TXN100522,2025-05-11,CUST1121,Sushma Adhikari,Pokhara - Lakeside,Apparel,Formal Shirt,3,2622.76,7868.28,eSewa,False,False,False,False,2025,5,May,2025-05,Sunday,6,True,Pokhara,7868.28,0.0
TXN104121,2025-12-26,CUST1002,Kritika Bhattarai,Butwal - Traffic Chowk,Electronics,USB Cable Type-C,3,2980.99,8942.97,eSewa,False,False,False,False,2025,12,December,2025-12,Friday,4,False,Butwal,8942.97,0.0
TXN100049,2025-12-20,CUST1019,Sarita Magar,Kathmandu - Kupondole,Electronics,USB Cable Type-C,3,3402.74,10208.22,eSewa,False,False,False,False,2025,12,December,2025-12,Saturday,5,True,Kathmandu,10208.22,0.0
TXN102134,2025-08-09,CUST1107,Rajesh Basnet,Butwal - Traffic Chowk,Apparel,Socks (3-pair pack),4,1436.79,5747.16,eSewa,False,False,False,False,2025,8,August,2025-08,Saturday,5,True,Butwal,5747.16,0.0
TXN104240,2025-07-13,CUST1020,Deepak Magar,Bhaktapur - Suryabinayak,Electronics,Bluetooth Earphones,3,2824.71,8474.13,Debit/Credit Card,False,False,False,False,2025,7,July,2025-07,Sunday,6,True,Bhaktapur,8474.13,0.0
TXN102966,2025-11-14,CUST1020,Deepak Magar,Bhaktapur - Suryabinayak,Electronics,Extension Board,4,2753.84,11015.36,Khalti,False,False,False,False,2025,11,November,2025-11,Friday,4,False,Bhaktapur,11015.36,0.0
TXN101928,2025-04-13,CUST1026,Rohit Maharjan,Butwal - Traffic Chowk,Apparel,Winter Jacket,4,2989.65,11958.6,Debit/Credit Card,False,False,False,False,2025,4,April,2025-04,Sunday,6,True,Butwal,11958.6,0.0
TXN101139,2025-10-17,CUST1061,Bikash Shrestha,Bhaktapur - Suryabinayak,Apparel,Socks (3-pair pack),4,2697.3,10789.2,Unknown,False,False,False,True,2025,10,October,2025-10,Friday,4,False,Bhaktapur,10789.2,0.0
TXN105600,2025-03-08,CUST1136,Bikash Gurung,Lalitpur - Pulchowk,Electronics,Bluetooth Earphones,2,3029.03,6058.06,eSewa,False,False,False,False,2025,3,March,2025-03,Saturday,5,True,Lalitpur,6058.06,0.0
TXN100130,2025-01-26,CUST1039,Sabina Thapa,Butwal - Traffic Chowk,Apparel,Formal Shirt,3,2873.5,8620.5,Debit/Credit Card,False,False,False,False,2025,1,January,2025-01,Sunday,6,True,Butwal,8620.5,0.0
TXN103743,2025-08-25,CUST1103,Rohit Thapa,Lalitpur - Pulchowk,Electronics,Extension Board,4,2124.36,8497.44,Khalti,False,False,False,False,2025,8,August,2025-08,Monday,0,False,Lalitpur,8497.44,0.0
TXN104248,2025-09-06,CUST1036,Sunita Maharjan,Kathmandu - Kupondole,Apparel,Cotton T-Shirt,2,2592.87,5185.74,Unknown,False,False,False,True,2025,9,September,2025-09,Saturday,5,True,Kathmandu,5185.74,0.0
TXN101588,2025-11-15,CUST1101,Sabnam Bhattarai,Kathmandu - Kupondole,Electronics,Wall Clock,3,2219.49,6658.47,Debit/Credit Card,False,False,False,False,2025,11,November,2025-11,Saturday,5,True,Kathmandu,6658.47,0.0
TXN105523,2025-12-08,CUST1024,Rajesh Adhikari,Biratnagar - Main Road,Electronics,Wall Clock,3,2955.24,8865.72,eSewa,False,False,False,False,2025,12,December,2025-12,Monday,0,False,Biratnagar,8865.72,0.0
TXN103755,2025-10-10,CUST1135,Sabina Bhattarai,Lalitpur - Pulchowk,Electronics,Wall Clock,4,2780.85,11123.4,eSewa,False,False,False,False,2025,10,October,2025-10,Friday,4,False,Lalitpur,11123.4,0.0
TXN101045,2025-10-07,CUST1031,Sabnam Khadka,Bhaktapur - Suryabinayak,Electronics,Extension Board,4,1958.85,7835.4,Cash,False,False,False,False,2025,10,October,2025-10,Tuesday,1,False,Bhaktapur,7835.4,0.0
TXN103521,2025-10-15,CUST1139,Sabnam Adhikari,Bhaktapur - Suryabinayak,Electronics,Wall Clock,4,2445.23,9780.92,eSewa,False,False,False,False,2025,10,October,2025-10,Wednesday,2,False,Bhaktapur,9780.92,0.0
TXN105981,2025-12-27,CUST1130,Alina Rai,Bhaktapur - Suryabinayak,Electronics,USB Cable Type-C,4,2067.74,8270.96,eSewa,False,False,False,False,2025,12,December,2025-12,Saturday,5,True,Bhaktapur,8270.96,0.0
TXN103993,2025-11-07,CUST1146,Puja Tamang,Bhaktapur - Suryabinayak,Apparel,Formal Shirt,2,2869.17,5738.34,Cash,False,False,False,False,2025,11,November,2025-11,Friday,4,False,Bhaktapur,5738.34,0.0
TXN104829,2025-09-10,CUST1010,Anita Karki,Bhaktapur - Suryabinayak,Electronics,Wall Clock,3,3217.8,9653.4,Khalti,False,False,False,False,2025,9,September,2025-09,Wednesday,2,False,Bhaktapur,9653.4,0.0
TXN101045,2025-10-07,CUST1031,Sabnam Khadka,Bhaktapur - Suryabinayak,Apparel,Cotton T-Shirt,3,1805.71,5417.13,Cash,False,False,False,False,2025,10,October,2025-10,Tuesday,1,False,Bhaktapur,5417.13,0.0
TXN104155,2025-11-13,CUST1007,Sunita Karki,Biratnagar - Main Road,Electronics,Wall Clock,3,2642.88,7928.64,eSewa,False,False,False,False,2025,11,November,2025-11,Thursday,3,False,Biratnagar,7928.64,0.0
TXN104965,2025-01-22,CUST1128,Milan Karki,Kathmandu - New Road,Apparel,Cotton T-Shirt,4,2770.71,11082.84,Cash,False,False,False,False,2025,1,January,2025-01,Wednesday,2,False,Kathmandu,11082.84,0.0
TXN102082,2025-10-19,CUST1112,Nabin Magar,Butwal - Traffic Chowk,Electronics,Power Bank 10000mAh,4,2464.83,9859.32,Cash,False,False,False,False,2025,10,October,2025-10,Sunday,6,True,Butwal,9859.32,0.0
TXN101550,2025-12-15,CUST1110,Sushma Karki,Kathmandu - New Road,Electronics,Wall Clock,4,2452.38,9809.52,Cash,False,False,False,False,2025,12,December,2025-12,Monday,0,False,Kathmandu,9809.52,0.0
TXN103289,2025-10-13,CUST1022,Bijay Gurung,Kathmandu - Kupondole,Apparel,Formal Shirt,2,2735.05,5470.1,eSewa,False,False,False,False,2025,10,October,2025-10,Monday,0,False,Kathmandu,5470.1,0.0
TXN104749,2025-09-06,CUST1025,Kiran Poudel,Kathmandu - Kupondole,Electronics,USB Cable Type-C,3,2110.62,6331.86,Cash,False,False,False,False,2025,9,September,2025-09,Saturday,5,True,Kathmandu,6331.86,0.0
TXN100035,2025-05-15,CUST1003,Kiran Adhikari,Kathmandu - Kupondole,Electronics,Extension Board,4,2076.27,8305.08,Khalti,False,False,False,False,2025,5,May,2025-05,Thursday,3,False,Kathmandu,8305.08,0.0
TXN103233,2025-10-27,CUST1002,Kritika Bhattarai,Kathmandu - New Road,Electronics,Extension Board,4,1975.16,7900.64,eSewa,False,False,False,False,2025,10,October,2025-10,Monday,0,False,Kathmandu,7900.64,0.0
TXN104634,2025-11-13,CUST1078,Bijay Magar,Kathmandu - Kupondole,Apparel,Kids Frock,4,2524.17,10096.68,Debit/Credit Card,False,False,False,False,2025,11,November,2025-11,Thursday,3,False,Kathmandu,10096.68,0.0
TXN103700,2025-05-20,CUST1036,Sunita Maharjan,Biratnagar - Main Road,Apparel,Socks (3-pair pack),3,2316.81,6950.43,Cash,False,False,False,False,2025,5,May,2025-05,Tuesday,1,False,Biratnagar,6950.43,0.0
TXN102429,2025-02-28,CUST1073,Bikash Shrestha,Kathmandu - New Road,Apparel,Cotton T-Shirt,4,1447.89,5791.56,Debit/Credit Card,False,False,False,False,2025,2,February,2025-02,Friday,4,False,Kathmandu,5791.56,0.0
TXN103066,2025-09-11,CUST1003,Kiran Adhikari,Kathmandu - Kupondole,Electronics,Wall Clock,4,3499.28,13997.12,Khalti,False,False,False,False,2025,9,September,2025-09,Thursday,3,False,Kathmandu,13997.12,0.0
TXN100220,2025-10-07,CUST1093,Aashish Magar,Bhaktapur - Suryabinayak,Apparel,Winter Jacket,3,2167.12,6501.36,Cash,False,False,False,False,2025,10,October,2025-10,Tuesday,1,False,Bhaktapur,6501.36,0.0
TXN100793,2025-08-23,CUST1121,Sushma Adhikari,Pokhara - Lakeside,Electronics,Wall Clock,3,2694.57,8083.71,Khalti,False,False,False,False,2025,8,August,2025-08,Saturday,5,True,Pokhara,8083.71,0.0
TXN102812,2025-11-06,CUST1142,Rohit Maharjan,Lalitpur - Pulchowk,Apparel,Formal Shirt,2,2870.86,5741.72,Cash,False,False,False,False,2025,11,November,2025-11,Thursday,3,False,Lalitpur,5741.72,0.0
TXN104370,2025-11-27,CUST1116,Bikash Shrestha,Butwal - Traffic Chowk,Electronics,Wall Clock,4,2776.01,11104.04,Khalti,False,False,False,False,2025,11,November,2025-11,Thursday,3,False,Butwal,11104.04,0.0
TXN104795,2025-12-07,CUST1039,Sabina Thapa,Butwal - Traffic Chowk,Electronics,Extension Board,3,2708.38,8125.14,Khalti,False,False,False,False,2025,12,December,2025-12,Sunday,6,True,Butwal,8125.14,0.0
TXN101179,2025-09-21,CUST1140,Sabnam Poudel,Pokhara - Lakeside,Electronics,Power Bank 10000mAh,3,2075.48,6226.44,Khalti,False,False,False,False,2025,9,September,2025-09,Sunday,6,True,Pokhara,6226.44,0.0
TXN100310,2025-12-24,CUST1040,Puja Gurung,Bhaktapur - Suryabinayak,Apparel,Socks (3-pair pack),2,2780.85,5561.7,Khalti,False,False,False,False,2025,12,December,2025-12,Wednesday,2,False,Bhaktapur,5561.7,0.0
TXN102829,2025-06-05,CUST1100,Sujan Shrestha,Kathmandu - Kupondole,Apparel,Winter Jacket,4,2886.27,11545.08,Khalti,False,False,False,False,2025,6,June,2025-06,Thursday,3,False,Kathmandu,11545.08,0.0
TXN102528,2025-04-28,CUST1008,Alina Tamang,Bhaktapur - Suryabinayak,Apparel,Winter Jacket,4,1903.01,7612.04,Khalti,False,False,False,False,2025,4,April,2025-04,Monday,0,False,Bhaktapur,7612.04,0.0
TXN105749,2025-09-17,CUST1070,Alina Rai,Kathmandu - Kupondole,Apparel,Socks (3-pair pack),3,2038.8,6116.4,Cash,False,False,False,False,2025,9,September,2025-09,Wednesday,2,False,Kathmandu,6116.4,0.0
TXN100853,2025-12-18,CUST1019,Sarita Magar,Kathmandu - Kupondole,Electronics,Power Bank 10000mAh,4,3425.36,13701.44,Cash,False,False,False,False,2025,12,December,2025-12,Thursday,3,False,Kathmandu,13701.44,0.0
TXN104469,2025-02-03,CUST1039,Sabina Thapa,Butwal - Traffic Chowk,Electronics,Wall Clock,3,2917.76,8753.28,Cash,False,False,False,False,2025,2,February,2025-02,Monday,0,False,Butwal,8753.28,0.0
TXN105519,2025-02-04,CUST1130,Alina Rai,Bhaktapur - Suryabinayak,Apparel,Cotton T-Shirt,4,2076.35,8305.4,eSewa,False,False,False,False,2025,2,February,2025-02,Tuesday,1,False,Bhaktapur,8305.4,0.0
TXN101332,2025-09-13,CUST1065,Rohit Poudel,Biratnagar - Main Road,Apparel,Socks (3-pair pack),3,2038.72,6116.16,eSewa,False,False,False,False,2025,9,September,2025-09,Saturday,5,True,Biratnagar,6116.16,0.0
TXN102196,2025-11-06,CUST1052,Aashish Poudel,Lalitpur - Pulchowk,Apparel,Cotton T-Shirt,4,1939.2,7756.8,eSewa,False,False,False,False,2025,11,November,2025-11,Thursday,3,False,Lalitpur,7756.8,0.0
TXN103902,2025-04-10,CUST1139,Sabnam Adhikari,Bhaktapur - Suryabinayak,Electronics,Extension Board,3,1677.58,5032.74,Debit/Credit Card,False,False,False,False,2025,4,April,2025-04,Thursday,3,False,Bhaktapur,5032.74,0.0
TXN102327,2025-11-20,CUST1032,Deepak Khadka,Butwal - Traffic Chowk,Electronics,Power Bank 10000mAh,4,3108.34,12433.36,Cash,False,False,False,False,2025,11,November,2025-11,Thursday,3,False,Butwal,12433.36,0.0
TXN104433,2025-10-22,CUST1000,Rohit Gurung,Pokhara - Lakeside,Electronics,Wall Clock,2,3245.56,6491.12,eSewa,False,False,False,False,2025,10,October,2025-10,Wednesday,2,False,Pokhara,6491.12,0.0
TXN101842,2025-06-05,CUST1015,Sushma Bhattarai,Kathmandu - Kupondole,Electronics,Bluetooth Earphones,3,2943.08,8829.24,eSewa,False,False,False,False,2025,6,June,2025-06,Thursday,3,False,Kathmandu,8829.24,0.0
TXN102636,2025-03-07,CUST1019,Sarita Magar,Chitwan - Bharatpur,Electronics,Wall Clock,4,2453.77,9815.08,Khalti,False,False,False,False,2025,3,March,2025-03,Friday,4,False,Chitwan,9815.08,0.0
TXN101638,2025-02-05,CUST1149,Sarita Poudel,Lalitpur - Pulchowk,Electronics,USB Cable Type-C,4,2188.81,8755.24,Khalti,False,False,False,False,2025,2,February,2025-02,Wednesday,2,False,Lalitpur,8755.24,0.0
TXN100798,2025-08-28,CUST1011,Neha Magar,Chitwan - Bharatpur,Apparel,Kids Frock,3,2697.56,8092.68,Cash,False,False,False,False,2025,8,August,2025-08,Thursday,3,False,Chitwan,8092.68,0.0
TXN100420,2025-10-16,CUST1112,Nabin Magar,Kathmandu - New Road,Apparel,Formal Shirt,4,1287.91,5151.64,Debit/Credit Card,False,False,False,False,2025,10,October,2025-10,Thursday,3,False,Kathmandu,5151.64,0.0
TXN101585,2025-11-03,CUST1135,Sabina Bhattarai,Lalitpur - Pulchowk,Electronics,USB Cable Type-C,4,1987.3,7949.2,eSewa,False,False,False,False,2025,11,November,2025-11,Monday,0,False,Lalitpur,7949.2,0.0
TXN103150,2025-11-28,CUST1036,Sunita Maharjan,Kathmandu - Kupondole,Apparel,Kids Frock,4,2742.28,10969.12,eSewa,False,False,False,False,2025,11,November,2025-11,Friday,4,False,Kathmandu,10969.12,0.0
TXN104718,2025-08-11,CUST1003,Kiran Adhikari,Kathmandu - Kupondole,Apparel,Kids Frock,4,1206.12,4824.48,eSewa,True,False,False,False,2025,8,August,2025-08,Monday,0,False,Kathmandu,4824.48,0.0
TXN101332,2025-09-13,CUST1065,Rohit Poudel,Biratnagar - Main Road,Electronics,Extension Board,4,1486.69,5946.76,eSewa,False,False,False,False,2025,9,September,2025-09,Saturday,5,True,Biratnagar,5946.76,0.0
TXN101808,2025-12-25,CUST1039,Sabina Thapa,Butwal - Traffic Chowk,Electronics,Extension Board,4,1212.82,4851.28,Cash,False,False,False,False,2025,12,December,2025-12,Thursday,3,False,Butwal,4851.28,0.0
TXN103619,2025-10-03,CUST1052,Aashish Poudel,Lalitpur - Pulchowk,Electronics,USB Cable Type-C,4,1287.24,5148.96,Khalti,False,False,False,False,2025,10,October,2025-10,Friday,4,False,Lalitpur,5148.96,0.0
TXN103571,2025-09-01,CUST1100,Sujan Shrestha,Pokhara - Lakeside,Electronics,Wall Clock,3,2502.46,7507.38,Debit/Credit Card,False,False,False,False,2025,9,September,2025-09,Monday,0,False,Pokhara,7507.38,0.0
TXN104568,2025-12-18,CUST1032,Deepak Khadka,Butwal - Traffic Chowk,Electronics,Extension Board,4,2164.74,8658.96,eSewa,False,False,False,False,2025,12,December,2025-12,Thursday,3,False,Butwal,8658.96,0.0
TXN102045,2025-10-18,CUST1058,Alina Lama,Butwal - Traffic Chowk,Apparel,Socks (3-pair pack),3,2484.54,7453.62,Bank Transfer,False,False,False,False,2025,10,October,2025-10,Saturday,5,True,Butwal,7453.62,0.0
TXN104754,2025-07-21,CUST1130,Alina Rai,Bhaktapur - Suryabinayak,Apparel,Socks (3-pair pack),4,1410.53,5642.12,eSewa,False,False,False,False,2025,7,July,2025-07,Monday,0,False,Bhaktapur,5642.12,0.0
TXN104219,2025-08-22,CUST1017,Nabin Lama,Pokhara - Lakeside,Electronics,Extension Board,4,1631.48,6525.92,Unknown,False,False,False,True,2025,8,August,2025-08,Friday,4,False,Pokhara,6525.92,0.0
TXN105672,2025-10-05,CUST1022,Bijay Gurung,Kathmandu - Kupondole,Apparel,Cotton T-Shirt,4,2896.8,11587.2,Unknown,False,False,False,True,2025,10,October,2025-10,Sunday,6,True,Kathmandu,11587.2,0.0
TXN105123,2025-04-19,CUST1127,Sunita Adhikari,Kathmandu - New Road,Electronics,Extension Board,3,2165.66,6496.98,Debit/Credit Card,False,False,False,False,2025,4,April,2025-04,Saturday,5,True,Kathmandu,6496.98,0.0
TXN100579,2025-06-25,CUST1122,Prakash Shrestha,Biratnagar - Main Road,Electronics,Extension Board,4,2093.07,8372.28,Cash,True,False,False,False,2025,6,June,2025-06,Wednesday,2,False,Biratnagar,8372.28,0.0
TXN101537,2025-11-26,CUST1046,Sarita Karki,Lalitpur - Pulchowk,Electronics,Wall Clock,2,2869.31,5738.62,Debit/Credit Card,False,False,False,False,2025,11,November,2025-11,Wednesday,2,False,Lalitpur,5738.62,0.0
TXN105520,2025-10-26,CUST1119,Nabin Maharjan,Kathmandu - New Road,Electronics,Wall Clock,4,1838.7,7354.8,eSewa,False,False,False,False,2025,10,October,2025-10,Sunday,6,True,Kathmandu,7354.8,0.0
TXN105120,2025-02-28,CUST1057,Neha Karki,Kathmandu - New Road,Apparel,Socks (3-pair pack),4,2588.48,10353.92,eSewa,False,False,False,False,2025,2,February,2025-02,Friday,4,False,Kathmandu,10353.92,0.0
TXN100788,2025-09-09,CUST1100,Sujan Shrestha,Pokhara - Lakeside,Apparel,Cotton T-Shirt,4,2334.57,9338.28,Khalti,False,False,False,False,2025,9,September,2025-09,Tuesday,1,False,Pokhara,9338.28,0.0
TXN105436,2025-09-08,CUST1114,Sabnam Khadka,Biratnagar - Main Road,Electronics,USB Cable Type-C,2,2876.59,5753.18,eSewa,False,False,False,False,2025,9,September,2025-09,Monday,0,False,Biratnagar,5753.18,0.0
TXN105194,2025-09-30,CUST1057,Neha Karki,Kathmandu - New Road,Electronics,Wall Clock,3,1694.64,5083.92,eSewa,False,False,False,False,2025,9,September,2025-09,Tuesday,1,False,Kathmandu,5083.92,0.0
TXN103892,2025-12-12,CUST1069,Bijay Magar,Lalitpur - Pulchowk,Apparel,Socks (3-pair pack),2,2370.04,4740.08,Debit/Credit Card,False,False,False,False,2025,12,December,2025-12,Friday,4,False,Lalitpur,4740.08,0.0
TXN100379,2025-09-26,CUST1019,Sarita Magar,Kathmandu - Kupondole,Electronics,Wall Clock,2,2969.56,5939.12,Cash,False,False,False,False,2025,9,September,2025-09,Friday,4,False,Kathmandu,5939.12,0.0
TXN103628,2025-09-17,CUST1036,Sunita Maharjan,Kathmandu - Kupondole,Electronics,Power Bank 10000mAh,4,2869.6,11478.4,Cash,False,False,False,False,2025,9,September,2025-09,Wednesday,2,False,Kathmandu,11478.4,0.0
TXN104698,2025-11-15,CUST1088,Deepak Lama,Kathmandu - Kupondole,Apparel,Cotton T-Shirt,3,2540.59,7621.77,Khalti,False,False,False,False,2025,11,November,2025-11,Saturday,5,True,Kathmandu,7621.77,0.0
TXN101395,2025-10-09,CUST1052,Aashish Poudel,Lalitpur - Pulchowk,Electronics,USB Cable Type-C,3,1968.33,5904.99,Cash,False,False,False,False,2025,10,October,2025-10,Thursday,3,False,Lalitpur,5904.99,0.0
TXN100189,2025-09-25,CUST1039,Sabina Thapa,Pokhara - Lakeside,Electronics,Bluetooth Earphones,4,1872.85,7491.4,Khalti,True,False,True,False,2025,9,September,2025-09,Thursday,3,False,Pokhara,7491.4,0.0
TXN105250,2025-03-11,CUST1085,Sunita Magar,Kathmandu - New Road,Electronics,Wall Clock,4,1244.88,4979.52,Cash,False,False,False,False,2025,3,March,2025-03,Tuesday,1,False,Kathmandu,4979.52,0.0
TXN101629,2025-04-06,CUST1040,Puja Gurung,Butwal - Traffic Chowk,Electronics,Wall Clock,4,3363.11,13452.44,eSewa,False,False,False,False,2025,4,April,2025-04,Sunday,6,True,Butwal,13452.44,0.0
TXN103077,2025-03-19,CUST1088,Deepak Lama,Kathmandu - Kupondole,Apparel,Kids Frock,3,1810.11,5430.33,eSewa,False,False,False,False,2025,3,March,2025-03,Wednesday,2,False,Kathmandu,5430.33,0.0
TXN105708,2025-09-11,CUST1002,Kritika Bhattarai,Butwal - Traffic Chowk,Apparel,Kids Frock,3,2964.82,8894.46,Khalti,False,False,False,False,2025,9,September,2025-09,Thursday,3,False,Butwal,8894.46,0.0
TXN104394,2025-06-30,CUST1101,Sabnam Bhattarai,Kathmandu - New Road,Electronics,Power Bank 10000mAh,2,2324.76,4649.52,Cash,False,False,False,False,2025,6,June,2025-06,Monday,0,False,Kathmandu,4649.52,0.0
TXN102957,2025-10-26,CUST1069,Bijay Magar,Lalitpur - Pulchowk,Electronics,Bluetooth Earphones,3,2087.08,6261.24,Khalti,False,False,False,False,2025,10,October,2025-10,Sunday,6,True,Lalitpur,6261.24,0.0
TXN101733,2025-08-06,CUST1019,Sarita Magar,Kathmandu - Kupondole,Apparel,Socks (3-pair pack),2,2911.83,5823.66,Cash,False,False,False,False,2025,8,August,2025-08,Wednesday,2,False,Kathmandu,5823.66,0.0
TXN101667,2025-11-08,CUST1015,Sushma Bhattarai,Kathmandu - Kupondole,Electronics,Bluetooth Earphones,4,3317.02,13268.08,eSewa,False,False,False,False,2025,11,November,2025-11,Saturday,5,True,Kathmandu,13268.08,0.0
TXN102773,2025-09-12,CUST1066,Kritika Khadka,Chitwan - Bharatpur,Apparel,Formal Shirt,4,1615.13,6460.52,Khalti,False,False,False,False,2025,9,September,2025-09,Friday,4,False,Chitwan,6460.52,0.0
TXN100199,2025-03-08,CUST1038,Anita Magar,Bhaktapur - Suryabinayak,Electronics,Extension Board,4,3386.79,13547.16,Cash,False,False,False,False,2025,3,March,2025-03,Saturday,5,True,Bhaktapur,13547.16,0.0
TXN105464,2025-09-02,CUST1112,Nabin Magar,Butwal - Traffic Chowk,Electronics,Extension Board,3,2503.09,7509.27,eSewa,False,False,False,False,2025,9,September,2025-09,Tuesday,1,False,Butwal,7509.27,0.0
TXN103444,2025-07-17,CUST1050,Manisha Rai,Chitwan - Bharatpur,Electronics,Power Bank 10000mAh,3,1991.29,5973.87,eSewa,False,False,False,False,2025,7,July,2025-07,Thursday,3,False,Chitwan,5973.87,0.0
TXN105902,2025-09-30,CUST1005,Milan Lama,Butwal - Traffic Chowk,Electronics,Wall Clock,4,1513.32,6053.28,eSewa,False,False,False,False,2025,9,September,2025-09,Tuesday,1,False,Butwal,6053.28,0.0
TXN101513,2025-01-13,CUST1050,Manisha Rai,Pokhara - Lakeside,Electronics,USB Cable Type-C,3,2374.83,7124.49,Khalti,False,False,False,False,2025,1,January,2025-01,Monday,0,False,Pokhara,7124.49,0.0
TXN105991,2025-10-14,CUST1031,Sabnam Khadka,Bhaktapur - Suryabinayak,Apparel,Winter Jacket,3,2280.53,6841.59,Debit/Credit Card,False,False,False,False,2025,10,October,2025-10,Tuesday,1,False,Bhaktapur,6841.59,0.0
TXN105638,2025-02-27,CUST1028,Rita Maharjan,Butwal - Traffic Chowk,Electronics,Bluetooth Earphones,2,2739.81,5479.62,eSewa,False,False,False,False,2025,2,February,2025-02,Thursday,3,False,Butwal,5479.62,0.0
TXN102397,2025-09-18,CUST1041,Sushma Bhattarai,Lalitpur - Pulchowk,Apparel,Winter Jacket,3,2190.62,6571.86,Cash,False,False,False,False,2025,9,September,2025-09,Thursday,3,False,Lalitpur,6571.86,0.0
TXN105746,2025-04-14,CUST1067,Anita Shrestha,Kathmandu - Kupondole,Apparel,Kids Frock,3,1858.91,5576.73,eSewa,False,False,False,False,2025,4,April,2025-04,Monday,0,False,Kathmandu,5576.73,0.0
TXN105347,2025-04-06,CUST1041,Sushma Bhattarai,Lalitpur - Pulchowk,Apparel,Socks (3-pair pack),2,2910.51,5821.02,Unknown,False,False,False,True,2025,4,April,2025-04,Sunday,6,True,Lalitpur,5821.02,0.0
TXN101255,2025-08-20,CUST1128,Milan Karki,Kathmandu - New Road,Electronics,Wall Clock,4,1413.59,5654.36,Khalti,False,False,False,False,2025,8,August,2025-08,Wednesday,2,False,Kathmandu,5654.36,0.0
TXN101446,2025-11-11,CUST1133,Milan Shrestha,Chitwan - Bharatpur,Apparel,Formal Shirt,2,2690.37,5380.74,Cash,False,False,False,False,2025,11,November,2025-11,Tuesday,1,False,Chitwan,5380.74,0.0
TXN104441,2025-11-12,CUST1059,Rajesh Shrestha,Kathmandu - Kupondole,Apparel,Kids Frock,4,1892.9,7571.6,Khalti,False,False,False,False,2025,11,November,2025-11,Wednesday,2,False,Kathmandu,7571.6,0.0
TXN102494,2025-05-21,CUST1135,Sabina Bhattarai,Lalitpur - Pulchowk,Apparel,Winter Jacket,2,2922.99,5845.98,Bank Transfer,False,False,False,False,2025,5,May,2025-05,Wednesday,2,False,Lalitpur,5845.98,0.0
TXN103621,2025-05-14,CUST1076,Bikash Shrestha,Pokhara - Lakeside,Apparel,Socks (3-pair pack),3,2826.89,8480.67,Cash,False,False,False,False,2025,5,May,2025-05,Wednesday,2,False,Pokhara,8480.67,0.0
TXN100980,2025-03-01,CUST1009,Sushma Rai,Kathmandu - New Road,Electronics,Extension Board,2,3049.29,6098.58,Cash,False,False,False,False,2025,3,March,2025-03,Saturday,5,True,Kathmandu,6098.58,0.0
TXN100777,2025-10-25,CUST1048,Kritika Rai,Kathmandu - New Road,Electronics,Extension Board,4,1276.37,5105.48,Cash,False,False,False,False,2025,10,October,2025-10,Saturday,5,True,Kathmandu,5105.48,0.0
TXN102053,2025-09-29,CUST1052,Aashish Poudel,Lalitpur - Pulchowk,Apparel,Formal Shirt,4,2148.06,8592.24,Cash,False,False,False,False,2025,9,September,2025-09,Monday,0,False,Lalitpur,8592.24,0.0
TXN105677,2025-09-30,CUST1025,Kiran Poudel,Kathmandu - Kupondole,Electronics,USB Cable Type-C,4,3160.65,12642.6,Khalti,False,False,False,False,2025,9,September,2025-09,Tuesday,1,False,Kathmandu,12642.6,0.0
TXN101772,2025-11-11,CUST1073,Bikash Shrestha,Kathmandu - New Road,Apparel,Kids Frock,4,1692.89,6771.56,Cash,False,False,False,False,2025,11,November,2025-11,Tuesday,1,False,Kathmandu,6771.56,0.0
TXN105074,2025-11-17,CUST1059,Rajesh Shrestha,Kathmandu - Kupondole,Electronics,Wall Clock,3,3374.52,10123.56,eSewa,False,False,False,False,2025,11,November,2025-11,Monday,0,False,Kathmandu,10123.56,0.0
TXN101375,2025-04-03,CUST1046,Sarita Karki,Lalitpur - Pulchowk,Household,Harpic Toilet Cleaner,4,1180.79,4723.16,Cash,False,False,False,False,2025,4,April,2025-04,Thursday,3,False,Lalitpur,4723.16,0.0
TXN101185,2025-09-10,CUST1142,Rohit Maharjan,Kathmandu - Kupondole,Apparel,Winter Jacket,3,1586.87,4760.61,Khalti,False,False,False,False,2025,9,September,2025-09,Wednesday,2,False,Kathmandu,4760.61,0.0
TXN104937,2025-06-10,CUST1069,Bijay Magar,Lalitpur - Pulchowk,Apparel,Kids Frock,4,2138.93,8555.72,Cash,False,False,False,False,2025,6,June,2025-06,Tuesday,1,False,Lalitpur,8555.72,0.0
TXN102779,2025-09-13,CUST1118,Alina Shrestha,Bhaktapur - Suryabinayak,Electronics,Power Bank 10000mAh,3,1794.14,5382.42,Cash,False,False,False,False,2025,9,September,2025-09,Saturday,5,True,Bhaktapur,5382.42,0.0
TXN104750,2025-05-18,CUST1005,Milan Lama,Butwal - Traffic Chowk,Electronics,Wall Clock,3,2658.78,7976.34,eSewa,False,False,False,False,2025,5,May,2025-05,Sunday,6,True,Butwal,7976.34,0.0
TXN104338,2025-04-14,CUST1112,Nabin Magar,Pokhara - Lakeside,Electronics,Power Bank 10000mAh,4,3444.25,13777.0,Cash,False,False,False,False,2025,4,April,2025-04,Monday,0,False,Pokhara,13777.0,0.0
TXN105803,2025-06-20,CUST1100,Sujan Shrestha,Pokhara - Lakeside,Apparel,Socks (3-pair pack),4,1328.53,5314.12,Khalti,False,True,False,False,2025,6,June,2025-06,Friday,4,False,Pokhara,5314.12,0.0
TXN104095,2025-01-06,CUST1110,Sushma Karki,Kathmandu - New Road,Apparel,Formal Shirt,4,2108.3,8433.2,Debit/Credit Card,False,False,False,False,2025,1,January,2025-01,Monday,0,False,Kathmandu,8433.2,0.0
TXN103608,2025-08-28,CUST1025,Kiran Poudel,Kathmandu - Kupondole,Electronics,Extension Board,4,2967.6,11870.4,eSewa,False,False,False,False,2025,8,August,2025-08,Thursday,3,False,Kathmandu,11870.4,0.0
TXN102712,2025-03-28,CUST1025,Kiran Poudel,Kathmandu - Kupondole,Electronics,Wall Clock,4,2322.42,9289.68,Khalti,False,False,False,False,2025,3,March,2025-03,Friday,4,False,Kathmandu,9289.68,0.0
TXN103704,2025-02-20,CUST1100,Sujan Shrestha,Kathmandu - New Road,Apparel,Formal Shirt,4,2046.78,8187.12,Khalti,False,False,False,False,2025,2,February,2025-02,Thursday,3,False,Kathmandu,8187.12,0.0
TXN103570,2025-10-30,CUST1029,Sandip Basnet,Pokhara - Lakeside,Electronics,Extension Board,4,3149.79,12599.16,eSewa,False,False,False,False,2025,10,October,2025-10,Thursday,3,False,Pokhara,12599.16,0.0
TXN100061,2025-11-09,CUST1112,Nabin Magar,Butwal - Traffic Chowk,Electronics,Wall Clock,4,2466.89,9867.56,Cash,False,False,False,False,2025,11,November,2025-11,Sunday,6,True,Butwal,9867.56,0.0
TXN100614,2025-04-27,CUST1118,Alina Shrestha,Bhaktapur - Suryabinayak,Electronics,USB Cable Type-C,4,1407.28,5629.12,eSewa,False,False,False,False,2025,4,April,2025-04,Sunday,6,True,Bhaktapur,5629.12,0.0
TXN100004,2025-12-06,CUST1149,Sarita Poudel,Butwal - Traffic Chowk,Electronics,Power Bank 10000mAh,4,2211.29,8845.16,Cash,False,False,False,False,2025,12,December,2025-12,Saturday,5,True,Butwal,8845.16,0.0
TXN101634,2025-04-30,CUST1145,Manisha Adhikari,Biratnagar - Main Road,Apparel,Formal Shirt,2,2751.87,5503.74,Khalti,True,False,False,False,2025,4,April,2025-04,Wednesday,2,False,Biratnagar,5503.74,0.0
TXN104955,2025-10-23,CUST1130,Alina Rai,Bhaktapur - Suryabinayak,Electronics,Wall Clock,4,2160.41,8641.64,Cash,False,False,False,False,2025,10,October,2025-10,Thursday,3,False,Bhaktapur,8641.64,0.0
TXN103446,2025-07-25,CUST1039,Sabina Thapa,Butwal - Traffic Chowk,Apparel,Socks (3-pair pack),4,1291.48,5165.92,Debit/Credit Card,False,False,False,False,2025,7,July,2025-07,Friday,4,False,Butwal,5165.92,0.0
TXN103197,2025-09-12,CUST1127,Sunita Adhikari,Kathmandu - New Road,Apparel,Kids Frock,3,1673.86,5021.58,eSewa,False,False,False,False,2025,9,September,2025-09,Friday,4,False,Kathmandu,5021.58,0.0
TXN101998,2025-11-11,CUST1002,Kritika Bhattarai,Butwal - Traffic Chowk,Apparel,Kids Frock,2,2685.23,5370.46,eSewa,False,False,False,False,2025,11,November,2025-11,Tuesday,1,False,Butwal,5370.46,0.0
TXN104666,2025-12-21,CUST1070,Alina Rai,Kathmandu - Kupondole,Electronics,Wall Clock,2,2638.96,5277.92,Khalti,False,False,False,False,2025,12,December,2025-12,Sunday,6,True,Kathmandu,5277.92,0.0
TXN105552,2025-10-07,CUST1014,Neha Basnet,Kathmandu - Kupondole,Electronics,Wall Clock,3,2126.57,6379.71,eSewa,False,False,False,False,2025,10,October,2025-10,Tuesday,1,False,Kathmandu,6379.71,0.0
TXN100349,2025-10-20,CUST1025,Kiran Poudel,Kathmandu - Kupondole,Apparel,Kids Frock,4,1379.24,5516.96,eSewa,False,True,True,False,2025,10,October,2025-10,Monday,0,False,Kathmandu,5516.96,0.0
TXN103540,2025-08-31,CUST1135,Sabina Bhattarai,Lalitpur - Pulchowk,Electronics,Wall Clock,3,2610.97,7832.91,eSewa,False,False,False,False,2025,8,August,2025-08,Sunday,6,True,Lalitpur,7832.91,0.0
TXN100157,2025-04-21,CUST1088,Deepak Lama,Kathmandu - Kupondole,Apparel,Kids Frock,4,1396.24,5584.96,Cash,False,False,False,False,2025,4,April,2025-04,Monday,0,False,Kathmandu,5584.96,0.0
TXN102410,2025-09-04,CUST1144,Milan Khadka,Kathmandu - New Road,Electronics,Extension Board,4,1272.97,5091.88,Cash,False,False,False,False,2025,9,September,2025-09,Thursday,3,False,Kathmandu,5091.88,0.0
TXN100131,2025-09-08,CUST1054,Sujan Poudel,Kathmandu - Kupondole,Electronics,Bluetooth Earphones,3,2476.8,7430.4,eSewa,False,False,False,False,2025,9,September,2025-09,Monday,0,False,Kathmandu,7430.4,0.0
TXN104070,2025-09-27,CUST1019,Sarita Magar,Kathmandu - Kupondole,Electronics,Wall Clock,3,3431.12,10293.36,Debit/Credit Card,False,False,False,False,2025,9,September,2025-09,Saturday,5,True,Kathmandu,10293.36,0.0
TXN102072,2025-07-09,CUST1112,Nabin Magar,Lalitpur - Pulchowk,Apparel,Winter Jacket,3,1866.47,5599.41,Cash,False,False,False,False,2025,7,July,2025-07,Wednesday,2,False,Lalitpur,5599.41,0.0
TXN102111,2025-09-30,CUST1041,Sushma Bhattarai,Lalitpur - Pulchowk,Electronics,Extension Board,4,2652.1,10608.4,eSewa,False,False,False,False,2025,9,September,2025-09,Tuesday,1,False,Lalitpur,10608.4,0.0
TXN103408,2025-03-02,CUST1138,Bikash Tamang,Bhaktapur - Suryabinayak,Apparel,Socks (3-pair pack),4,2406.25,9625.0,eSewa,False,False,False,False,2025,3,March,2025-03,Sunday,6,True,Bhaktapur,9625.0,0.0
TXN103794,2025-01-13,CUST1142,Rohit Maharjan,Lalitpur - Pulchowk,Electronics,Wall Clock,3,2869.6,8608.8,Cash,True,False,False,False,2025,1,January,2025-01,Monday,0,False,Lalitpur,8608.8,0.0
TXN101133,2025-10-22,CUST1061,Bikash Shrestha,Bhaktapur - Suryabinayak,Electronics,Extension Board,4,2074.72,8298.88,eSewa,False,False,False,False,2025,10,October,2025-10,Wednesday,2,False,Bhaktapur,8298.88,0.0
TXN100453,2025-11-30,CUST1149,Sarita Poudel,Butwal - Traffic Chowk,Electronics,Extension Board,4,2246.89,8987.56,Khalti,False,False,False,False,2025,11,November,2025-11,Sunday,6,True,Butwal,8987.56,0.0
TXN101375,2025-04-03,CUST1046,Sarita Karki,Lalitpur - Pulchowk,Electronics,Power Bank 10000mAh,2,2943.3,5886.6,Cash,False,False,False,False,2025,4,April,2025-04,Thursday,3,False,Lalitpur,5886.6,0.0
TXN105019,2025-08-08,CUST1110,Sushma Karki,Kathmandu - New Road,Apparel,Kids Frock,4,1303.08,5212.32,Khalti,False,False,False,False,2025,8,August,2025-08,Friday,4,False,Kathmandu,5212.32,0.0
TXN102053,2025-09-29,CUST1052,Aashish Poudel,Lalitpur - Pulchowk,Apparel,Winter Jacket,3,2401.19,7203.57,Khalti,False,False,False,False,2025,9,September,2025-09,Monday,0,False,Lalitpur,7203.57,0.0
TXN102727,2025-02-22,CUST1057,Neha Karki,Kathmandu - New Road,Electronics,Extension Board,2,3069.16,6138.32,Khalti,False,False,False,False,2025,2,February,2025-02,Saturday,5,True,Kathmandu,6138.32,0.0
TXN103390,2025-11-12,CUST1039,Sabina Thapa,Butwal - Traffic Chowk,Electronics,Bluetooth Earphones,4,1333.65,5334.6,eSewa,False,False,False,False,2025,11,November,2025-11,Wednesday,2,False,Butwal,5334.6,0.0
TXN103279,2025-01-18,CUST1025,Kiran Poudel,Kathmandu - Kupondole,Electronics,Extension Board,4,2570.77,10283.08,Debit/Credit Card,False,False,False,False,2025,1,January,2025-01,Saturday,5,True,Kathmandu,10283.08,0.0
TXN102383,2025-06-23,CUST1040,Puja Gurung,Butwal - Traffic Chowk,Apparel,Socks (3-pair pack),4,1245.45,4981.8,eSewa,False,False,False,False,2025,6,June,2025-06,Monday,0,False,Butwal,4981.8,0.0
TXN104974,2025-03-16,CUST1043,Neha Maharjan,Butwal - Traffic Chowk,Electronics,USB Cable Type-C,3,2991.64,8974.92,Khalti,False,False,False,False,2025,3,March,2025-03,Sunday,6,True,Butwal,8974.92,0.0
TXN104677,2025-11-30,CUST1108,Neha Karki,Bhaktapur - Suryabinayak,Electronics,Extension Board,4,2022.25,8089.0,Cash,False,False,False,False,2025,11,November,2025-11,Sunday,6,True,Bhaktapur,8089.0,0.0
TXN102207,2025-04-02,CUST1039,Sabina Thapa,Butwal - Traffic Chowk,Apparel,Formal Shirt,3,2432.51,7297.53,eSewa,False,False,False,False,2025,4,April,2025-04,Wednesday,2,False,Butwal,7297.53,0.0
TXN101802,2025-02-04,CUST1136,Bikash Gurung,Lalitpur - Pulchowk,Apparel,Socks (3-pair pack),3,2270.69,6812.07,eSewa,False,False,False,False,2025,2,February,2025-02,Tuesday,1,False,Lalitpur,6812.07,0.0
TXN102220,2025-11-05,CUST1119,Nabin Maharjan,Kathmandu - New Road,Electronics,Extension Board,3,3443.31,10329.93,Khalti,False,False,False,False,2025,11,November,2025-11,Wednesday,2,False,Kathmandu,10329.93,0.0
TXN102062,2025-04-19,CUST1100,Sujan Shrestha,Pokhara - Lakeside,Apparel,Winter Jacket,2,2343.37,4686.74,Cash,False,False,False,False,2025,4,April,2025-04,Saturday,5,True,Pokhara,4686.74,0.0
TXN100118,2025-07-16,CUST1118,Alina Shrestha,Bhaktapur - Suryabinayak,Apparel,Formal Shirt,2,2662.18,5324.36,Debit/Credit Card,False,False,False,False,2025,7,July,2025-07,Wednesday,2,False,Bhaktapur,5324.36,0.0
TXN105855,2025-05-12,CUST1015,Sushma Bhattarai,Kathmandu - Kupondole,Apparel,Cotton T-Shirt,3,2386.5,7159.5,eSewa,False,False,False,False,2025,5,May,2025-05,Monday,0,False,Kathmandu,7159.5,0.0
TXN102218,2025-08-09,CUST1039,Sabina Thapa,Butwal - Traffic Chowk,Household,Vim Dishwash Bar,4,1190.43,4761.72,Debit/Credit Card,False,False,False,False,2025,8,August,2025-08,Saturday,5,True,Butwal,4761.72,0.0
TXN105359,2025-08-03,CUST1003,Kiran Adhikari,Kathmandu - Kupondole,Apparel,Socks (3-pair pack),2,2639.96,5279.92,Cash,False,False,False,False,2025,8,August,2025-08,Sunday,6,True,Kathmandu,5279.92,0.0
TXN101395,2025-10-09,CUST1052,Aashish Poudel,Lalitpur - Pulchowk,Electronics,Extension Board,3,3123.14,9369.42,Cash,False,False,False,False,2025,10,October,2025-10,Thursday,3,False,Lalitpur,9369.42,0.0
TXN104605,2025-11-19,CUST1108,Neha Karki,Bhaktapur - Suryabinayak,Electronics,Wall Clock,4,1889.58,7558.32,eSewa,False,False,False,False,2025,11,November,2025-11,Wednesday,2,False,Bhaktapur,7558.32,0.0
TXN101262,2025-07-27,CUST1004,Rajesh Adhikari,Kathmandu - Kupondole,Electronics,Extension Board,3,1616.21,4848.63,Cash,False,False,False,False,2025,7,July,2025-07,Sunday,6,True,Kathmandu,4848.63,0.0
TXN103477,2025-10-04,CUST1044,Puja Magar,Pokhara - Lakeside,Apparel,Formal Shirt,4,2294.37,9177.48,Cash,False,False,False,False,2025,10,October,2025-10,Saturday,5,True,Pokhara,9177.48,0.0
TXN101682,2025-10-02,CUST1013,Kiran Shrestha,Biratnagar - Main Road,Electronics,Extension Board,2,3172.95,6345.9,Khalti,False,False,False,False,2025,10,October,2025-10,Thursday,3,False,Biratnagar,6345.9,0.0
TXN104669,2025-11-06,CUST1046,Sarita Karki,Lalitpur - Pulchowk,Electronics,USB Cable Type-C,3,1695.53,5086.59,eSewa,False,False,False,False,2025,11,November,2025-11,Thursday,3,False,Lalitpur,5086.59,0.0
TXN102060,2025-11-11,CUST1097,Milan Basnet,Kathmandu - New Road,Electronics,Extension Board,3,2344.13,7032.39,Khalti,False,False,True,False,2025,11,November,2025-11,Tuesday,1,False,Kathmandu,7032.39,0.0
TXN100911,2025-07-09,CUST1025,Kiran Poudel,Kathmandu - Kupondole,Apparel,Socks (3-pair pack),2,2673.06,5346.12,eSewa,False,False,False,False,2025,7,July,2025-07,Wednesday,2,False,Kathmandu,5346.12,0.0
TXN103814,2025-12-26,CUST1110,Sushma Karki,Kathmandu - New Road,Apparel,Formal Shirt,3,2293.92,6881.76,eSewa,False,False,False,False,2025,12,December,2025-12,Friday,4,False,Kathmandu,6881.76,0.0
TXN105252,2025-05-03,CUST1137,Sunita Tamang,Pokhara - Lakeside,Apparel,Socks (3-pair pack),2,2450.69,4901.38,Khalti,False,False,False,False,2025,5,May,2025-05,Saturday,5,True,Pokhara,4901.38,0.0
TXN103023,2025-11-29,CUST1039,Sabina Thapa,Butwal - Traffic Chowk,Electronics,Extension Board,2,2966.41,5932.82,Cash,False,False,False,False,2025,11,November,2025-11,Saturday,5,True,Butwal,5932.82,0.0
TXN105143,2025-07-13,CUST1005,Milan Lama,Butwal - Traffic Chowk,Apparel,Winter Jacket,4,2536.26,10145.04,Khalti,False,False,False,False,2025,7,July,2025-07,Sunday,6,True,Butwal,10145.04,0.0
TXN101189,2025-11-29,CUST1068,Sarita Adhikari,Bhaktapur - Suryabinayak,Electronics,Power Bank 10000mAh,3,2306.41,6919.23,Cash,False,False,False,False,2025,11,November,2025-11,Saturday,5,True,Bhaktapur,6919.23,0.0
TXN105838,2025-09-22,CUST1100,Sujan Shrestha,Butwal - Traffic Chowk,Electronics,Power Bank 10000mAh,2,3267.81,6535.62,eSewa,False,False,False,False,2025,9,September,2025-09,Monday,0,False,Butwal,6535.62,0.0
TXN102752,2025-04-04,CUST1060,Kritika Tamang,Lalitpur - Pulchowk,Apparel,Winter Jacket,2,2491.42,4982.84,Cash,False,False,False,False,2025,4,April,2025-04,Friday,4,False,Lalitpur,4982.84,0.0
TXN103674,2025-05-27,CUST1070,Alina Rai,Kathmandu - Kupondole,Apparel,Socks (3-pair pack),4,2119.77,8479.08,Cash,False,False,False,False,2025,5,May,2025-05,Tuesday,1,False,Kathmandu,8479.08,0.0
TXN101414,2025-05-02,CUST1023,Bikash Rai,Kathmandu - Kupondole,Apparel,Winter Jacket,2,2907.21,5814.42,Cash,False,False,False,False,2025,5,May,2025-05,Friday,4,False,Kathmandu,5814.42,0.0
TXN102717,2025-07-24,CUST1042,Manisha Basnet,Bhaktapur - Suryabinayak,Electronics,Bluetooth Earphones,4,2421.82,9687.28,Cash,False,False,False,False,2025,7,July,2025-07,Thursday,3,False,Bhaktapur,9687.28,0.0
TXN105658,2025-10-01,CUST1149,Sarita Poudel,Butwal - Traffic Chowk,Electronics,Power Bank 10000mAh,4,3370.81,13483.24,Khalti,False,False,False,False,2025,10,October,2025-10,Wednesday,2,False,Butwal,13483.24,0.0
TXN105779,2025-05-25,CUST1065,Rohit Poudel,Biratnagar - Main Road,Apparel,Socks (3-pair pack),4,1300.37,5201.48,eSewa,False,False,False,False,2025,5,May,2025-05,Sunday,6,True,Biratnagar,5201.48,0.0
TXN103543,2025-02-06,CUST1035,Rita Shrestha,Biratnagar - Main Road,Apparel,Kids Frock,4,2365.89,9463.56,Khalti,False,False,False,False,2025,2,February,2025-02,Thursday,3,False,Biratnagar,9463.56,0.0
TXN101063,2025-10-15,CUST1149,Sarita Poudel,Butwal - Traffic Chowk,Apparel,Winter Jacket,4,1658.98,6635.92,Khalti,False,False,False,False,2025,10,October,2025-10,Wednesday,2,False,Butwal,6635.92,0.0
TXN103856,2025-11-13,CUST1020,Deepak Magar,Bhaktapur - Suryabinayak,Apparel,Socks (3-pair pack),3,2377.38,7132.14,eSewa,False,False,False,False,2025,11,November,2025-11,Thursday,3,False,Bhaktapur,7132.14,0.0
TXN102711,2025-05-19,CUST1118,Alina Shrestha,Bhaktapur - Suryabinayak,Apparel,Socks (3-pair pack),3,2522.77,7568.31,Khalti,False,False,False,False,2025,5,May,2025-05,Monday,0,False,Bhaktapur,7568.31,0.0
TXN101898,2025-11-25,CUST1139,Sabnam Adhikari,Bhaktapur - Suryabinayak,Electronics,Bluetooth Earphones,2,2959.47,5918.94,Cash,False,False,False,False,2025,11,November,2025-11,Tuesday,1,False,Bhaktapur,5918.94,0.0
TXN102460,2025-10-25,CUST1093,Aashish Magar,Bhaktapur - Suryabinayak,Electronics,Extension Board,3,2871.06,8613.18,Khalti,False,False,False,False,2025,10,October,2025-10,Saturday,5,True,Bhaktapur,8613.18,0.0
TXN101958,2025-09-21,CUST1025,Kiran Poudel,Pokhara - Lakeside,Apparel,Socks (3-pair pack),3,2537.42,7612.26,Khalti,False,False,False,False,2025,9,September,2025-09,Sunday,6,True,Pokhara,7612.26,0.0
TXN101415,2025-04-28,CUST1105,Sandip Magar,Kathmandu - New Road,Electronics,Wall Clock,4,3485.32,13941.28,eSewa,False,False,False,False,2025,4,April,2025-04,Monday,0,False,Kathmandu,13941.28,0.0
TXN104051,2025-03-27,CUST1069,Bijay Magar,Lalitpur - Pulchowk,Apparel,Kids Frock,2,2711.2,5422.4,eSewa,False,False,False,False,2025,3,March,2025-03,Thursday,3,False,Lalitpur,5422.4,0.0
TXN101540,2025-11-07,CUST1108,Neha Karki,Bhaktapur - Suryabinayak,Electronics,USB Cable Type-C,2,3408.4,6816.8,eSewa,False,False,False,False,2025,11,November,2025-11,Friday,4,False,Bhaktapur,6816.8,0.0
TXN100394,2025-10-06,CUST1147,Rohit Khadka,Chitwan - Bharatpur,Electronics,Power Bank 10000mAh,4,2487.19,9948.76,Bank Transfer,False,False,False,False,2025,10,October,2025-10,Monday,0,False,Chitwan,9948.76,0.0
TXN101492,2025-08-23,CUST1002,Kritika Bhattarai,Butwal - Traffic Chowk,Electronics,Wall Clock,2,2952.47,5904.94,Debit/Credit Card,False,False,False,False,2025,8,August,2025-08,Saturday,5,True,Butwal,5904.94,0.0
TXN105107,2025-09-03,CUST1043,Neha Maharjan,Butwal - Traffic Chowk,Apparel,Cotton T-Shirt,3,1869.99,5609.97,Cash,True,False,False,False,2025,9,September,2025-09,Wednesday,2,False,Butwal,5609.97,0.0
TXN104900,2025-04-07,CUST1006,Alina Rai,Pokhara - Lakeside,Electronics,Wall Clock,4,2286.47,9145.88,Cash,False,False,False,False,2025,4,April,2025-04,Monday,0,False,Pokhara,9145.88,0.0
TXN104606,2025-11-10,CUST1039,Sabina Thapa,Butwal - Traffic Chowk,Electronics,Extension Board,4,2599.8,10399.2,Khalti,True,False,False,False,2025,11,November,2025-11,Monday,0,False,Butwal,10399.2,0.0
TXN102013,2025-11-15,CUST1016,Neha Poudel,Chitwan - Bharatpur,Electronics,Wall Clock,3,2123.36,6370.08,Bank Transfer,False,False,False,False,2025,11,November,2025-11,Saturday,5,True,Chitwan,6370.08,0.0
TXN103242,2025-08-30,CUST1012,Sabina Maharjan,Pokhara - Lakeside,Apparel,Formal Shirt,4,2468.14,9872.56,Khalti,False,False,False,False,2025,8,August,2025-08,Saturday,5,True,Pokhara,9872.56,0.0
TXN101630,2025-02-12,CUST1028,Rita Maharjan,Butwal - Traffic Chowk,Electronics,USB Cable Type-C,4,2496.56,9986.24,Debit/Credit Card,True,False,False,False,2025,2,February,2025-02,Wednesday,2,False,Butwal,9986.24,0.0
TXN102127,2025-08-25,CUST1149,Sarita Poudel,Butwal - Traffic Chowk,Electronics,Power Bank 10000mAh,4,3170.53,12682.12,Cash,False,False,False,False,2025,8,August,2025-08,Monday,0,False,Butwal,12682.12,0.0
TXN100166,2025-11-09,CUST1014,Neha Basnet,Kathmandu - Kupondole,Apparel,Kids Frock,3,1717.76,5153.28,Unknown,False,False,False,True,2025,11,November,2025-11,Sunday,6,True,Kathmandu,5153.28,0.0
TXN105093,2025-04-20,CUST1136,Bikash Gurung,Lalitpur - Pulchowk,Apparel,Formal Shirt,3,2769.22,8307.66,Khalti,False,False,False,False,2025,4,April,2025-04,Sunday,6,True,Lalitpur,8307.66,0.0
TXN102450,2025-03-05,CUST1019,Sarita Magar,Kathmandu - Kupondole,Electronics,Bluetooth Earphones,3,1573.47,4720.41,eSewa,False,False,False,False,2025,3,March,2025-03,Wednesday,2,False,Kathmandu,4720.41,0.0
TXN101932,2025-10-23,CUST1014,Neha Basnet,Kathmandu - Kupondole,Electronics,Power Bank 10000mAh,4,2093.0,8372.0,Khalti,False,False,False,False,2025,10,October,2025-10,Thursday,3,False,Kathmandu,8372.0,0.0
TXN103585,2025-10-18,CUST1015,Sushma Bhattarai,Kathmandu - Kupondole,Electronics,Extension Board,2,2965.68,5931.36,Debit/Credit Card,False,False,True,False,2025,10,October,2025-10,Saturday,5,True,Kathmandu,5931.36,0.0
TXN105313,2025-09-30,CUST1061,Bikash Shrestha,Bhaktapur - Suryabinayak,Apparel,Socks (3-pair pack),4,2243.47,8973.88,Cash,False,False,False,False,2025,9,September,2025-09,Tuesday,1,False,Bhaktapur,8973.88,0.0
TXN100642,2025-10-19,CUST1039,Sabina Thapa,Butwal - Traffic Chowk,Electronics,Extension Board,2,3320.94,6641.88,Khalti,False,False,False,False,2025,10,October,2025-10,Sunday,6,True,Butwal,6641.88,0.0
TXN104333,2025-07-05,CUST1108,Neha Karki,Bhaktapur - Suryabinayak,Apparel,Kids Frock,2,2935.14,5870.28,Khalti,False,False,False,False,2025,7,July,2025-07,Saturday,5,True,Bhaktapur,5870.28,0.0
TXN101021,2025-10-20,CUST1004,Rajesh Adhikari,Kathmandu - Kupondole,Apparel,Kids Frock,3,2286.54,6859.62,Cash,False,False,False,False,2025,10,October,2025-10,Monday,0,False,Kathmandu,6859.62,0.0
TXN104822,2025-10-02,CUST1008,Alina Tamang,Bhaktapur - Suryabinayak,Apparel,Formal Shirt,3,1813.76,5441.28,Khalti,False,False,False,False,2025,10,October,2025-10,Thursday,3,False,Bhaktapur,5441.28,0.0
TXN103100,2025-03-17,CUST1052,Aashish Poudel,Lalitpur - Pulchowk,Apparel,Kids Frock,4,1348.83,5395.32,Khalti,False,False,False,False,2025,3,March,2025-03,Monday,0,False,Lalitpur,5395.32,0.0
TXN104064,2025-09-20,CUST1093,Aashish Magar,Bhaktapur - Suryabinayak,Apparel,Kids Frock,4,2927.42,11709.68,eSewa,False,False,False,False,2025,9,September,2025-09,Saturday,5,True,Bhaktapur,11709.68,0.0
TXN100389,2025-10-13,CUST1061,Bikash Shrestha,Bhaktapur - Suryabinayak,Electronics,Extension Board,2,2433.27,4866.54,eSewa,False,False,False,False,2025,10,October,2025-10,Monday,0,False,Bhaktapur,4866.54,0.0
TXN105286,2025-04-09,CUST1130,Alina Rai,Bhaktapur - Suryabinayak,Apparel,Cotton T-Shirt,4,2172.17,8688.68,Debit/Credit Card,False,False,False,False,2025,4,April,2025-04,Wednesday,2,False,Bhaktapur,8688.68,0.0
TXN103434,2025-08-28,CUST1127,Sunita Adhikari,Kathmandu - New Road,Electronics,Power Bank 10000mAh,2,3252.42,6504.84,Cash,False,False,False,False,2025,8,August,2025-08,Thursday,3,False,Kathmandu,6504.84,0.0
TXN103290,2025-01-10,CUST1054,Sujan Poudel,Butwal - Traffic Chowk,Apparel,Cotton T-Shirt,3,2793.87,8381.61,eSewa,False,False,False,False,2025,1,January,2025-01,Friday,4,False,Butwal,8381.61,0.0
TXN102877,2025-11-29,CUST1015,Sushma Bhattarai,Kathmandu - Kupondole,Apparel,Cotton T-Shirt,4,2143.02,8572.08,eSewa,False,False,False,False,2025,11,November,2025-11,Saturday,5,True,Kathmandu,8572.08,0.0
TXN101632,2025-07-30,CUST1019,Sarita Magar,Kathmandu - Kupondole,Apparel,Kids Frock,3,2477.06,7431.18,Khalti,False,False,False,False,2025,7,July,2025-07,Wednesday,2,False,Kathmandu,7431.18,0.0
TXN101182,2025-09-27,CUST1025,Kiran Poudel,Kathmandu - Kupondole,Apparel,Kids Frock,4,1261.79,5047.16,Khalti,False,False,False,False,2025,9,September,2025-09,Saturday,5,True,Kathmandu,5047.16,0.0
TXN105264,2025-04-30,CUST1100,Sujan Shrestha,Pokhara - Lakeside,Apparel,Kids Frock,2,2602.32,5204.64,Debit/Credit Card,False,False,False,False,2025,4,April,2025-04,Wednesday,2,False,Pokhara,5204.64,0.0
TXN101180,2025-02-06,CUST1025,Kiran Poudel,Kathmandu - Kupondole,Apparel,Cotton T-Shirt,3,2548.33,7644.99,Khalti,False,False,False,False,2025,2,February,2025-02,Thursday,3,False,Kathmandu,7644.99,0.0
TXN100935,2025-04-25,CUST1078,Bijay Magar,Kathmandu - Kupondole,Electronics,USB Cable Type-C,4,1863.32,7453.28,Debit/Credit Card,False,False,False,False,2025,4,April,2025-04,Friday,4,False,Kathmandu,7453.28,0.0
TXN100357,2025-06-29,CUST1059,Rajesh Shrestha,Kathmandu - Kupondole,Electronics,Extension Board,3,3013.69,9041.07,eSewa,False,False,False,False,2025,6,June,2025-06,Sunday,6,True,Kathmandu,9041.07,0.0
TXN100674,2025-08-21,CUST1135,Sabina Bhattarai,Lalitpur - Pulchowk,Apparel,Kids Frock,4,2556.88,10227.52,eSewa,False,True,False,False,2025,8,August,2025-08,Thursday,3,False,Lalitpur,10227.52,0.0
TXN101560,2025-09-03,CUST1095,Neha Khadka,Lalitpur - Pulchowk,Apparel,Socks (3-pair pack),4,2382.42,9529.68,Cash,False,False,False,False,2025,9,September,2025-09,Wednesday,2,False,Lalitpur,9529.68,0.0
TXN102242,2025-12-25,CUST1036,Sunita Maharjan,Kathmandu - Kupondole,Electronics,Wall Clock,3,3218.74,9656.22,Debit/Credit Card,False,False,False,False,2025,12,December,2025-12,Thursday,3,False,Kathmandu,9656.22,0.0
TXN103812,2025-08-28,CUST1020,Deepak Magar,Bhaktapur - Suryabinayak,Electronics,Bluetooth Earphones,2,3452.93,6905.86,Cash,False,False,False,False,2025,8,August,2025-08,Thursday,3,False,Bhaktapur,6905.86,0.0
TXN103976,2025-03-11,CUST1060,Kritika Tamang,Lalitpur - Pulchowk,Electronics,Wall Clock,2,3186.91,6373.82,Debit/Credit Card,False,False,False,False,2025,3,March,2025-03,Tuesday,1,False,Lalitpur,6373.82,0.0
TXN101081,2025-04-18,CUST1052,Aashish Poudel,Bhaktapur - Suryabinayak,Apparel,Winter Jacket,3,2356.4,7069.2,Bank Transfer,False,False,False,False,2025,4,April,2025-04,Friday,4,False,Bhaktapur,7069.2,0.0
TXN100197,2025-11-18,CUST1015,Sushma Bhattarai,Kathmandu - Kupondole,Electronics,Extension Board,2,3269.28,6538.56,eSewa,False,False,False,False,2025,11,November,2025-11,Tuesday,1,False,Kathmandu,6538.56,0.0
TXN100112,2025-10-23,CUST1118,Alina Shrestha,Bhaktapur - Suryabinayak,Apparel,Winter Jacket,3,1773.95,5321.85,Debit/Credit Card,False,False,False,False,2025,10,October,2025-10,Thursday,3,False,Bhaktapur,5321.85,0.0
TXN105497,2025-09-12,CUST1008,Alina Tamang,Bhaktapur - Suryabinayak,Electronics,Bluetooth Earphones,2,3116.13,6232.26,Khalti,False,False,False,False,2025,9,September,2025-09,Friday,4,False,Bhaktapur,6232.26,0.0
TXN103919,2025-01-07,CUST1002,Kritika Bhattarai,Butwal - Traffic Chowk,Electronics,USB Cable Type-C,4,2118.37,8473.48,Cash,True,False,False,False,2025,1,January,2025-01,Tuesday,1,False,Butwal,8473.48,0.0
TXN101622,2025-12-07,CUST1002,Kritika Bhattarai,Butwal - Traffic Chowk,Apparel,Kids Frock,3,1823.56,5470.68,Debit/Credit Card,True,False,False,False,2025,12,December,2025-12,Sunday,6,True,Butwal,5470.68,0.0
TXN102293,2025-10-14,CUST1093,Aashish Magar,Bhaktapur - Suryabinayak,Electronics,Extension Board,4,1295.06,5180.24,eSewa,False,False,False,False,2025,10,October,2025-10,Tuesday,1,False,Bhaktapur,5180.24,0.0
TXN100195,2025-10-28,CUST1061,Bikash Shrestha,Bhaktapur - Suryabinayak,Apparel,Formal Shirt,3,2635.19,7905.57,eSewa,True,False,False,False,2025,10,October,2025-10,Tuesday,1,False,Bhaktapur,7905.57,0.0
TXN102344,2025-08-15,CUST1123,Sujan Tamang,Kathmandu - New Road,Apparel,Winter Jacket,3,1603.28,4809.84,Cash,False,False,False,False,2025,8,August,2025-08,Friday,4,False,Kathmandu,4809.84,0.0
TXN101399,2025-11-17,CUST1108,Neha Karki,Bhaktapur - Suryabinayak,Electronics,Bluetooth Earphones,4,3067.64,12270.56,Debit/Credit Card,False,False,False,False,2025,11,November,2025-11,Monday,0,False,Bhaktapur,12270.56,0.0
TXN104355,2025-04-29,CUST1149,Sarita Poudel,Butwal - Traffic Chowk,Electronics,Wall Clock,2,2431.22,4862.44,Cash,False,False,False,False,2025,4,April,2025-04,Tuesday,1,False,Butwal,4862.44,0.0
TXN105982,2025-04-17,CUST1008,Alina Tamang,Bhaktapur - Suryabinayak,Electronics,Wall Clock,2,3332.91,6665.82,Khalti,False,False,False,False,2025,4,April,2025-04,Thursday,3,False,Bhaktapur,6665.82,0.0
TXN104461,2025-01-10,CUST1052,Aashish Poudel,Lalitpur - Pulchowk,Electronics,USB Cable Type-C,4,2282.44,9129.76,Cash,False,False,False,False,2025,1,January,2025-01,Friday,4,False,Lalitpur,9129.76,0.0
TXN102887,2025-03-16,CUST1069,Bijay Magar,Lalitpur - Pulchowk,Electronics,Extension Board,3,3303.84,9911.52,eSewa,False,False,False,False,2025,3,March,2025-03,Sunday,6,True,Lalitpur,9911.52,0.0
TXN105942,2025-11-18,CUST1005,Milan Lama,Biratnagar - Main Road,Electronics,Wall Clock,2,2717.06,5434.12,Cash,False,False,False,False,2025,11,November,2025-11,Tuesday,1,False,Biratnagar,5434.12,0.0
TXN103330,2025-12-21,CUST1070,Alina Rai,Kathmandu - Kupondole,Apparel,Winter Jacket,3,2471.92,7415.76,Khalti,False,False,False,False,2025,12,December,2025-12,Sunday,6,True,Kathmandu,7415.76,0.0
TXN103956,2025-10-12,CUST1135,Sabina Bhattarai,Lalitpur - Pulchowk,Electronics,Bluetooth Earphones,4,3453.97,13815.88,Khalti,False,False,False,False,2025,10,October,2025-10,Sunday,6,True,Lalitpur,13815.88,0.0
TXN100113,2025-02-09,CUST1032,Deepak Khadka,Butwal - Traffic Chowk,Electronics,Power Bank 10000mAh,3,2901.8,8705.4,Debit/Credit Card,False,False,False,False,2025,2,February,2025-02,Sunday,6,True,Butwal,8705.4,0.0
TXN103557,2025-05-27,CUST1052,Aashish Poudel,Lalitpur - Pulchowk,Apparel,Socks (3-pair pack),4,2009.5,8038.0,Cash,False,False,False,False,2025,5,May,2025-05,Tuesday,1,False,Lalitpur,8038.0,0.0
TXN105703,2025-10-20,CUST1149,Sarita Poudel,Butwal - Traffic Chowk,Electronics,Wall Clock,3,1817.56,5452.68,Khalti,False,False,False,False,2025,10,October,2025-10,Monday,0,False,Butwal,5452.68,0.0
TXN100190,2025-09-22,CUST1069,Bijay Magar,Lalitpur - Pulchowk,Apparel,Cotton T-Shirt,4,2278.42,9113.68,eSewa,False,False,False,False,2025,9,September,2025-09,Monday,0,False,Lalitpur,9113.68,0.0
TXN104164,2025-04-06,CUST1057,Neha Karki,Kathmandu - New Road,Apparel,Winter Jacket,2,2739.69,5479.38,Cash,False,False,False,False,2025,4,April,2025-04,Sunday,6,True,Kathmandu,5479.38,0.0
TXN103684,2025-03-27,CUST1017,Nabin Lama,Pokhara - Lakeside,Apparel,Formal Shirt,2,2808.79,5617.58,Cash,False,True,False,False,2025,3,March,2025-03,Thursday,3,False,Pokhara,5617.58,0.0
TXN105126,2025-12-22,CUST1052,Aashish Poudel,Chitwan - Bharatpur,Electronics,Extension Board,2,2611.87,5223.74,eSewa,False,False,False,False,2025,12,December,2025-12,Monday,0,False,Chitwan,5223.74,0.0
TXN101478,2025-06-30,CUST1013,Kiran Shrestha,Pokhara - Lakeside,Apparel,Socks (3-pair pack),3,2905.1,8715.3,Bank Transfer,False,False,False,False,2025,6,June,2025-06,Monday,0,False,Pokhara,8715.3,0.0
TXN100646,2025-10-19,CUST1137,Sunita Tamang,Kathmandu - New Road,Apparel,Socks (3-pair pack),4,2423.24,9692.96,Khalti,False,False,False,False,2025,10,October,2025-10,Sunday,6,True,Kathmandu,9692.96,0.0
TXN102272,2025-01-27,CUST1052,Aashish Poudel,Lalitpur - Pulchowk,Apparel,Cotton T-Shirt,4,2350.23,9400.92,Khalti,False,False,False,False,2025,1,January,2025-01,Monday,0,False,Lalitpur,9400.92,0.0
TXN102432,2025-06-14,CUST1105,Sandip Magar,Kathmandu - New Road,Apparel,Winter Jacket,4,1592.38,6369.52,Cash,False,False,False,False,2025,6,June,2025-06,Saturday,5,True,Kathmandu,6369.52,0.0
TXN103552,2025-10-30,CUST1014,Neha Basnet,Kathmandu - Kupondole,Apparel,Formal Shirt,2,2776.49,5552.98,Cash,False,False,False,False,2025,10,October,2025-10,Thursday,3,False,Kathmandu,5552.98,0.0
TXN102381,2025-02-03,CUST1100,Sujan Shrestha,Pokhara - Lakeside,Apparel,Socks (3-pair pack),4,1652.43,6609.72,Cash,False,False,False,False,2025,2,February,2025-02,Monday,0,False,Pokhara,6609.72,0.0
TXN100071,2025-12-06,CUST1052,Aashish Poudel,Lalitpur - Pulchowk,Electronics,USB Cable Type-C,3,1587.47,4762.41,eSewa,True,False,False,False,2025,12,December,2025-12,Saturday,5,True,Lalitpur,4762.41,0.0
TXN105604,2025-09-11,CUST1020,Deepak Magar,Bhaktapur - Suryabinayak,Apparel,Socks (3-pair pack),2,2482.01,4964.02,Cash,False,False,False,False,2025,9,September,2025-09,Thursday,3,False,Bhaktapur,4964.02,0.0
TXN100234,2025-11-02,CUST1015,Sushma Bhattarai,Kathmandu - Kupondole,Apparel,Cotton T-Shirt,2,2398.69,4797.38,eSewa,False,False,False,False,2025,11,November,2025-11,Sunday,6,True,Kathmandu,4797.38,0.0
TXN102564,2025-11-24,CUST1100,Sujan Shrestha,Pokhara - Lakeside,Electronics,USB Cable Type-C,2,2899.12,5798.24,Cash,False,False,False,False,2025,11,November,2025-11,Monday,0,False,Pokhara,5798.24,0.0
TXN102802,2025-11-11,CUST1144,Milan Khadka,Kathmandu - New Road,Apparel,Formal Shirt,4,1639.76,6559.04,eSewa,False,False,False,False,2025,11,November,2025-11,Tuesday,1,False,Kathmandu,6559.04,0.0
TXN105939,2025-09-23,CUST1056,Alina Shrestha,Kathmandu - New Road,Electronics,Wall Clock,2,2935.92,5871.84,eSewa,False,False,False,False,2025,9,September,2025-09,Tuesday,1,False,Kathmandu,5871.84,0.0
TXN104454,2025-09-14,CUST1005,Milan Lama,Butwal - Traffic Chowk,Electronics,Power Bank 10000mAh,4,2428.44,9713.76,Cash,False,False,False,False,2025,9,September,2025-09,Sunday,6,True,Butwal,9713.76,0.0
TXN102863,2025-12-14,CUST1052,Aashish Poudel,Lalitpur - Pulchowk,Electronics,Power Bank 10000mAh,3,2365.65,7096.95,Debit/Credit Card,False,False,False,False,2025,12,December,2025-12,Sunday,6,True,Lalitpur,7096.95,0.0
TXN101741,2025-10-31,CUST1004,Rajesh Adhikari,Kathmandu - Kupondole,Electronics,Bluetooth Earphones,3,2965.14,8895.42,eSewa,False,False,False,False,2025,10,October,2025-10,Friday,4,False,Kathmandu,8895.42,0.0
TXN100034,2025-02-18,CUST1025,Kiran Poudel,Kathmandu - Kupondole,Electronics,Extension Board,2,3430.87,6861.74,Khalti,True,False,False,False,2025,2,February,2025-02,Tuesday,1,False,Kathmandu,6861.74,0.0
TXN102745,2025-10-29,CUST1003,Kiran Adhikari,Bhaktapur - Suryabinayak,Apparel,Socks (3-pair pack),4,1821.16,7284.64,eSewa,False,False,False,False,2025,10,October,2025-10,Wednesday,2,False,Bhaktapur,7284.64,0.0
TXN102359,2025-03-26,CUST1056,Alina Shrestha,Kathmandu - New Road,Electronics,USB Cable Type-C,3,2285.45,6856.35,Khalti,False,False,False,False,2025,3,March,2025-03,Wednesday,2,False,Kathmandu,6856.35,0.0
TXN100690,2025-06-02,CUST1118,Alina Shrestha,Bhaktapur - Suryabinayak,Electronics,USB Cable Type-C,4,3221.81,12887.24,Debit/Credit Card,False,False,False,False,2025,6,June,2025-06,Monday,0,False,Bhaktapur,12887.24,0.0
TXN103376,2025-11-11,CUST1015,Sushma Bhattarai,Kathmandu - Kupondole,Apparel,Cotton T-Shirt,4,1867.91,7471.64,eSewa,False,False,False,False,2025,11,November,2025-11,Tuesday,1,False,Kathmandu,7471.64,0.0
TXN105636,2025-03-18,CUST1095,Neha Khadka,Bhaktapur - Suryabinayak,Electronics,USB Cable Type-C,3,1553.05,4659.15,Cash,False,False,False,False,2025,3,March,2025-03,Tuesday,1,False,Bhaktapur,4659.15,0.0
TXN103473,2025-05-24,CUST1078,Bijay Magar,Kathmandu - Kupondole,Electronics,Power Bank 10000mAh,3,1862.41,5587.23,Cash,False,False,False,False,2025,5,May,2025-05,Saturday,5,True,Kathmandu,5587.23,0.0
TXN102091,2025-03-23,CUST1100,Sujan Shrestha,Pokhara - Lakeside,Household,Surf Excel 1kg,4,1182.46,4729.84,eSewa,False,False,False,False,2025,3,March,2025-03,Sunday,6,True,Pokhara,4729.84,0.0
TXN102780,2025-03-02,CUST1100,Sujan Shrestha,Lalitpur - Pulchowk,Apparel,Kids Frock,3,1990.38,5971.14,Bank Transfer,True,False,False,False,2025,3,March,2025-03,Sunday,6,True,Lalitpur,5971.14,0.0
TXN101546,2025-05-02,CUST1019,Sarita Magar,Kathmandu - Kupondole,Electronics,Power Bank 10000mAh,4,1473.55,5894.2,Khalti,False,False,False,False,2025,5,May,2025-05,Friday,4,False,Kathmandu,5894.2,0.0
TXN104751,2025-09-19,CUST1130,Alina Rai,Bhaktapur - Suryabinayak,Electronics,Extension Board,3,2745.16,8235.48,Khalti,False,False,False,False,2025,9,September,2025-09,Friday,4,False,Bhaktapur,8235.48,0.0
TXN102203,2025-06-14,CUST1070,Alina Rai,Kathmandu - Kupondole,Apparel,Kids Frock,2,2987.49,5974.98,Cash,False,False,False,False,2025,6,June,2025-06,Saturday,5,True,Kathmandu,5974.98,0.0
TXN102761,2025-01-26,CUST1060,Kritika Tamang,Chitwan - Bharatpur,Electronics,Wall Clock,4,3054.4,12217.6,Cash,False,False,False,False,2025,1,January,2025-01,Sunday,6,True,Chitwan,12217.6,0.0
TXN103223,2025-10-29,CUST1124,Anita Rai,Lalitpur - Pulchowk,Electronics,Power Bank 10000mAh,3,2087.46,6262.38,Khalti,False,False,False,False,2025,10,October,2025-10,Wednesday,2,False,Lalitpur,6262.38,0.0
TXN101230,2025-02-22,CUST1002,Kritika Bhattarai,Pokhara - Lakeside,Apparel,Socks (3-pair pack),2,2692.32,5384.64,Khalti,False,False,False,False,2025,2,February,2025-02,Saturday,5,True,Pokhara,5384.64,0.0
TXN105009,2025-07-24,CUST1057,Neha Karki,Chitwan - Bharatpur,Apparel,Cotton T-Shirt,3,2732.28,8196.84,Cash,False,False,False,False,2025,7,July,2025-07,Thursday,3,False,Chitwan,8196.84,0.0
TXN104829,2025-09-10,CUST1010,Anita Karki,Bhaktapur - Suryabinayak,Apparel,Socks (3-pair pack),2,2430.52,4861.04,Bank Transfer,False,False,False,False,2025,9,September,2025-09,Wednesday,2,False,Bhaktapur,4861.04,0.0
TXN102220,2025-11-05,CUST1119,Nabin Maharjan,Kathmandu - New Road,Apparel,Socks (3-pair pack),2,2878.06,5756.12,Khalti,False,False,False,False,2025,11,November,2025-11,Wednesday,2,False,Kathmandu,5756.12,0.0
TXN104851,2025-10-15,CUST1039,Sabina Thapa,Butwal - Traffic Chowk,Electronics,Bluetooth Earphones,4,3100.09,12400.36,Cash,False,False,False,False,2025,10,October,2025-10,Wednesday,2,False,Butwal,12400.36,0.0
TXN101666,2025-01-30,CUST1097,Milan Basnet,Kathmandu - New Road,Electronics,Wall Clock,4,1596.62,6386.48,eSewa,True,False,False,False,2025,1,January,2025-01,Thursday,3,False,Kathmandu,6386.48,0.0
TXN104888,2025-06-11,CUST1100,Sujan Shrestha,Biratnagar - Main Road,Apparel,Cotton T-Shirt,4,1437.55,5750.2,eSewa,False,False,False,False,2025,6,June,2025-06,Wednesday,2,False,Biratnagar,5750.2,0.0
TXN104680,2025-12-20,CUST1076,Bikash Shrestha,Pokhara - Lakeside,Electronics,Bluetooth Earphones,3,2929.33,8787.99,Cash,False,False,False,False,2025,12,December,2025-12,Saturday,5,True,Pokhara,8787.99,0.0
TXN102165,2025-09-04,CUST1130,Alina Rai,Bhaktapur - Suryabinayak,Apparel,Cotton T-Shirt,4,1641.66,6566.64,Khalti,False,False,False,False,2025,9,September,2025-09,Thursday,3,False,Bhaktapur,6566.64,0.0
TXN103334,2025-01-09,CUST1020,Deepak Magar,Bhaktapur - Suryabinayak,Electronics,USB Cable Type-C,2,2636.14,5272.28,Cash,False,False,False,False,2025,1,January,2025-01,Thursday,3,False,Bhaktapur,5272.28,0.0
TXN105128,2025-04-11,CUST1014,Neha Basnet,Kathmandu - Kupondole,Electronics,Wall Clock,3,1749.88,5249.64,Cash,False,False,False,False,2025,4,April,2025-04,Friday,4,False,Kathmandu,5249.64,0.0
TXN102254,2025-05-24,CUST1078,Bijay Magar,Kathmandu - Kupondole,Apparel,Formal Shirt,4,1217.49,4869.96,Cash,False,False,False,False,2025,5,May,2025-05,Saturday,5,True,Kathmandu,4869.96,0.0
TXN100509,2025-10-20,CUST1057,Neha Karki,Kathmandu - New Road,Electronics,Bluetooth Earphones,4,2693.61,10774.44,Debit/Credit Card,False,False,False,False,2025,10,October,2025-10,Monday,0,False,Kathmandu,10774.44,0.0
TXN102961,2025-10-06,CUST1009,Sushma Rai,Kathmandu - New Road,Electronics,USB Cable Type-C,4,1978.51,7914.04,Cash,False,False,False,False,2025,10,October,2025-10,Monday,0,False,Kathmandu,7914.04,0.0
TXN103124,2025-09-01,CUST1118,Alina Shrestha,Bhaktapur - Suryabinayak,Apparel,Formal Shirt,3,1800.72,5402.16,Cash,False,False,False,False,2025,9,September,2025-09,Monday,0,False,Bhaktapur,5402.16,0.0
TXN105360,2025-10-08,CUST1054,Sujan Poudel,Bhaktapur - Suryabinayak,Electronics,Extension Board,4,2034.6,8138.4,Cash,False,False,False,False,2025,10,October,2025-10,Wednesday,2,False,Bhaktapur,8138.4,0.0
TXN101139,2025-10-17,CUST1061,Bikash Shrestha,Bhaktapur - Suryabinayak,Apparel,Winter Jacket,2,2403.44,4806.88,eSewa,False,False,False,False,2025,10,October,2025-10,Friday,4,False,Bhaktapur,4806.88,0.0
TXN102161,2025-01-01,CUST1037,Kritika Gurung,Kathmandu - New Road,Electronics,Power Bank 10000mAh,4,2269.87,9079.48,eSewa,False,False,False,False,2025,1,January,2025-01,Wednesday,2,False,Kathmandu,9079.48,0.0
TXN101639,2025-09-03,CUST1052,Aashish Poudel,Lalitpur - Pulchowk,Apparel,Cotton T-Shirt,2,2561.51,5123.02,eSewa,False,False,False,False,2025,9,September,2025-09,Wednesday,2,False,Lalitpur,5123.02,0.0
TXN102303,2025-04-09,CUST1035,Rita Shrestha,Biratnagar - Main Road,Apparel,Winter Jacket,4,1834.51,7338.04,eSewa,False,False,False,False,2025,4,April,2025-04,Wednesday,2,False,Biratnagar,7338.04,0.0
TXN103991,2025-01-04,CUST1065,Rohit Poudel,Biratnagar - Main Road,Apparel,Kids Frock,2,2994.48,5988.96,eSewa,False,False,False,False,2025,1,January,2025-01,Saturday,5,True,Biratnagar,5988.96,0.0
TXN104493,2025-03-13,CUST1004,Rajesh Adhikari,Kathmandu - Kupondole,Apparel,Socks (3-pair pack),3,2351.69,7055.07,Khalti,False,False,False,False,2025,3,March,2025-03,Thursday,3,False,Kathmandu,7055.07,0.0
TXN103353,2025-11-18,CUST1102,Sandip Tamang,Butwal - Traffic Chowk,Apparel,Formal Shirt,4,1460.0,5840.0,Khalti,False,True,False,False,2025,11,November,2025-11,Tuesday,1,False,Butwal,5840.0,0.0
TXN101889,2025-05-02,CUST1123,Sujan Tamang,Kathmandu - New Road,Electronics,Wall Clock,4,3262.19,13048.76,Cash,False,False,False,False,2025,5,May,2025-05,Friday,4,False,Kathmandu,13048.76,0.0
TXN102178,2025-03-21,CUST1011,Neha Magar,Chitwan - Bharatpur,Electronics,USB Cable Type-C,4,3361.97,13447.88,Cash,False,False,False,False,2025,3,March,2025-03,Friday,4,False,Chitwan,13447.88,0.0
TXN105754,2025-12-14,CUST1110,Sushma Karki,Kathmandu - New Road,Apparel,Formal Shirt,2,2720.17,5440.34,Khalti,False,False,False,False,2025,12,December,2025-12,Sunday,6,True,Kathmandu,5440.34,0.0
TXN102790,2025-09-16,CUST1046,Sarita Karki,Butwal - Traffic Chowk,Electronics,Bluetooth Earphones,3,2817.13,8451.39,eSewa,False,False,False,False,2025,9,September,2025-09,Tuesday,1,False,Butwal,8451.39,0.0
TXN100864,2025-07-03,CUST1010,Anita Karki,Pokhara - Lakeside,Apparel,Kids Frock,3,2437.26,7311.78,Cash,False,False,False,False,2025,7,July,2025-07,Thursday,3,False,Pokhara,7311.78,0.0
TXN105957,2025-09-10,CUST1013,Kiran Shrestha,Biratnagar - Main Road,Electronics,USB Cable Type-C,4,3401.09,13604.36,eSewa,False,True,False,False,2025,9,September,2025-09,Wednesday,2,False,Biratnagar,13604.36,0.0
TXN103023,2025-11-29,CUST1039,Sabina Thapa,Butwal - Traffic Chowk,Apparel,Kids Frock,4,1667.89,6671.56,Cash,False,False,False,False,2025,11,November,2025-11,Saturday,5,True,Butwal,6671.56,0.0
TXN101347,2025-06-27,CUST1017,Nabin Lama,Pokhara - Lakeside,Apparel,Cotton T-Shirt,3,2633.69,7901.07,Cash,False,False,False,False,2025,6,June,2025-06,Friday,4,False,Pokhara,7901.07,0.0
TXN103359,2025-01-07,CUST1004,Rajesh Adhikari,Kathmandu - Kupondole,Apparel,Socks (3-pair pack),3,2772.12,8316.36,Khalti,False,False,False,False,2025,1,January,2025-01,Tuesday,1,False,Kathmandu,8316.36,0.0
TXN101225,2025-03-09,CUST1070,Alina Rai,Kathmandu - Kupondole,Electronics,Wall Clock,4,1336.09,5344.36,Khalti,False,False,False,False,2025,3,March,2025-03,Sunday,6,True,Kathmandu,5344.36,0.0
TXN102634,2025-04-02,CUST1100,Sujan Shrestha,Pokhara - Lakeside,Apparel,Cotton T-Shirt,4,1931.02,7724.08,Khalti,False,False,False,False,2025,4,April,2025-04,Wednesday,2,False,Pokhara,7724.08,0.0
TXN103829,2025-09-01,CUST1003,Kiran Adhikari,Pokhara - Lakeside,Apparel,Winter Jacket,2,2384.69,4769.38,eSewa,False,False,False,False,2025,9,September,2025-09,Monday,0,False,Pokhara,4769.38,0.0
TXN102761,2025-01-26,CUST1060,Kritika Tamang,Chitwan - Bharatpur,Apparel,Cotton T-Shirt,4,1964.77,7859.08,Debit/Credit Card,False,False,False,False,2025,1,January,2025-01,Sunday,6,True,Chitwan,7859.08,0.0
TXN103356,2025-09-15,CUST1023,Bikash Rai,Kathmandu - Kupondole,Electronics,Extension Board,3,1817.61,5452.83,Debit/Credit Card,False,False,False,False,2025,9,September,2025-09,Monday,0,False,Kathmandu,5452.83,0.0
TXN105690,2025-09-08,CUST1007,Sunita Karki,Biratnagar - Main Road,Apparel,Winter Jacket,4,1468.68,5874.72,Khalti,False,False,False,False,2025,9,September,2025-09,Monday,0,False,Biratnagar,5874.72,0.0
TXN103660,2025-10-14,CUST1070,Alina Rai,Kathmandu - Kupondole,Household,Harpic Toilet Cleaner,4,1181.82,4727.28,Cash,False,False,False,False,2025,10,October,2025-10,Tuesday,1,False,Kathmandu,4727.28,0.0
TXN102622,2025-10-19,CUST1032,Deepak Khadka,Butwal - Traffic Chowk,Electronics,Wall Clock,2,2918.54,5837.08,eSewa,False,False,False,False,2025,10,October,2025-10,Sunday,6,True,Butwal,5837.08,0.0
TXN101630,2025-02-12,CUST1028,Rita Maharjan,Butwal - Traffic Chowk,Electronics,Power Bank 10000mAh,4,1910.65,7642.6,eSewa,False,False,False,False,2025,2,February,2025-02,Wednesday,2,False,Butwal,7642.6,0.0
TXN102565,2025-01-20,CUST1101,Sabnam Bhattarai,Kathmandu - New Road,Electronics,Extension Board,2,3198.56,6397.12,eSewa,False,False,False,False,2025,1,January,2025-01,Monday,0,False,Kathmandu,6397.12,0.0
TXN100032,2025-04-07,CUST1149,Sarita Poudel,Butwal - Traffic Chowk,Electronics,Bluetooth Earphones,4,1897.87,7591.48,Cash,False,False,False,False,2025,4,April,2025-04,Monday,0,False,Butwal,7591.48,0.0
TXN101726,2025-11-27,CUST1055,Rohit Poudel,Lalitpur - Pulchowk,Apparel,Winter Jacket,3,1639.78,4919.34,Bank Transfer,False,False,False,False,2025,11,November,2025-11,Thursday,3,False,Lalitpur,4919.34,0.0
TXN104364,2025-10-19,CUST1042,Manisha Basnet,Bhaktapur - Suryabinayak,Apparel,Winter Jacket,2,2826.79,5653.58,eSewa,False,False,False,False,2025,10,October,2025-10,Sunday,6,True,Bhaktapur,5653.58,0.0
TXN105599,2025-04-25,CUST1020,Deepak Magar,Bhaktapur - Suryabinayak,Apparel,Cotton T-Shirt,3,2441.37,7324.11,Bank Transfer,False,False,False,False,2025,4,April,2025-04,Friday,4,False,Bhaktapur,7324.11,0.0
TXN101600,2025-03-15,CUST1045,Sunita Magar,Kathmandu - Kupondole,Electronics,Power Bank 10000mAh,3,2134.37,6403.11,eSewa,True,False,False,False,2025,3,March,2025-03,Saturday,5,True,Kathmandu,6403.11,0.0
TXN102371,2025-09-15,CUST1078,Bijay Magar,Kathmandu - Kupondole,Apparel,Kids Frock,4,1702.71,6810.84,Khalti,False,False,False,False,2025,9,September,2025-09,Monday,0,False,Kathmandu,6810.84,0.0
TXN102503,2025-11-29,CUST1097,Milan Basnet,Kathmandu - New Road,Electronics,Wall Clock,4,1277.03,5108.12,Cash,False,False,False,False,2025,11,November,2025-11,Saturday,5,True,Kathmandu,5108.12,0.0
TXN104339,2025-01-08,CUST1064,Sandip Khadka,Bhaktapur - Suryabinayak,Apparel,Winter Jacket,4,1641.54,6566.16,eSewa,False,False,True,False,2025,1,January,2025-01,Wednesday,2,False,Bhaktapur,6566.16,0.0
TXN101968,2025-10-20,CUST1143,Kritika Shrestha,Bhaktapur - Suryabinayak,Electronics,Wall Clock,4,2758.57,11034.28,Unknown,False,False,False,True,2025,10,October,2025-10,Monday,0,False,Bhaktapur,11034.28,0.0
TXN104815,2025-10-19,CUST1028,Rita Maharjan,Butwal - Traffic Chowk,Apparel,Kids Frock,3,2814.0,8442.0,Debit/Credit Card,False,False,False,False,2025,10,October,2025-10,Sunday,6,True,Butwal,8442.0,0.0
TXN105395,2025-12-07,CUST1034,Kritika Tamang,Butwal - Traffic Chowk,Apparel,Winter Jacket,4,2549.42,10197.68,Khalti,False,False,False,False,2025,12,December,2025-12,Sunday,6,True,Butwal,10197.68,0.0
TXN100879,2025-10-22,CUST1056,Alina Shrestha,Kathmandu - New Road,Apparel,Cotton T-Shirt,3,1869.82,5609.46,Unknown,False,False,False,True,2025,10,October,2025-10,Wednesday,2,False,Kathmandu,5609.46,0.0
TXN101917,2025-05-14,CUST1039,Sabina Thapa,Butwal - Traffic Chowk,Electronics,Power Bank 10000mAh,4,2499.84,9999.36,eSewa,False,False,False,False,2025,5,May,2025-05,Wednesday,2,False,Butwal,9999.36,0.0
TXN104381,2025-08-02,CUST1140,Sabnam Poudel,Pokhara - Lakeside,Apparel,Winter Jacket,3,2201.91,6605.73,eSewa,False,False,False,False,2025,8,August,2025-08,Saturday,5,True,Pokhara,6605.73,0.0
TXN105406,2025-04-27,CUST1009,Sushma Rai,Kathmandu - New Road,Apparel,Kids Frock,3,1779.14,5337.42,eSewa,True,False,False,False,2025,4,April,2025-04,Sunday,6,True,Kathmandu,5337.42,0.0
TXN104950,2025-12-04,CUST1030,Kiran Maharjan,Kathmandu - Kupondole,Electronics,Extension Board,4,2226.02,8904.08,Debit/Credit Card,False,False,False,False,2025,12,December,2025-12,Thursday,3,False,Kathmandu,8904.08,0.0
TXN102247,2025-05-13,CUST1119,Nabin Maharjan,Kathmandu - New Road,Electronics,Wall Clock,4,2238.97,8955.88,eSewa,False,False,False,False,2025,5,May,2025-05,Tuesday,1,False,Kathmandu,8955.88,0.0
TXN104033,2025-02-17,CUST1138,Bikash Tamang,Bhaktapur - Suryabinayak,Electronics,Wall Clock,4,2855.07,11420.28,Khalti,False,False,False,False,2025,2,February,2025-02,Monday,0,False,Bhaktapur,11420.28,0.0
TXN104879,2025-10-22,CUST1102,Sandip Tamang,Butwal - Traffic Chowk,Electronics,Power Bank 10000mAh,3,3309.35,9928.05,eSewa,False,False,False,False,2025,10,October,2025-10,Wednesday,2,False,Butwal,9928.05,0.0
TXN105509,2025-11-05,CUST1025,Kiran Poudel,Kathmandu - Kupondole,Apparel,Kids Frock,4,2357.45,9429.8,Debit/Credit Card,False,False,False,False,2025,11,November,2025-11,Wednesday,2,False,Kathmandu,9429.8,0.0
TXN101990,2025-10-15,CUST1063,Rohit Basnet,Pokhara - Lakeside,Electronics,Wall Clock,3,3417.33,10251.99,eSewa,False,False,False,False,2025,10,October,2025-10,Wednesday,2,False,Pokhara,10251.99,0.0
TXN102605,2025-04-30,CUST1039,Sabina Thapa,Butwal - Traffic Chowk,Apparel,Cotton T-Shirt,4,2659.84,10639.36,Debit/Credit Card,False,False,False,False,2025,4,April,2025-04,Wednesday,2,False,Butwal,10639.36,0.0
TXN100602,2025-04-17,CUST1025,Kiran Poudel,Kathmandu - Kupondole,Electronics,USB Cable Type-C,4,1660.37,6641.48,Debit/Credit Card,False,False,False,False,2025,4,April,2025-04,Thursday,3,False,Kathmandu,6641.48,0.0
TXN101453,2025-09-30,CUST1100,Sujan Shrestha,Pokhara - Lakeside,Apparel,Winter Jacket,4,1685.1,6740.4,eSewa,False,False,False,False,2025,9,September,2025-09,Tuesday,1,False,Pokhara,6740.4,0.0
TXN102661,2025-09-23,CUST1000,Rohit Gurung,Pokhara - Lakeside,Apparel,Cotton T-Shirt,4,2195.78,8783.12,Khalti,False,False,False,False,2025,9,September,2025-09,Tuesday,1,False,Pokhara,8783.12,0.0
TXN105198,2025-09-04,CUST1057,Neha Karki,Butwal - Traffic Chowk,Electronics,Wall Clock,4,3021.38,12085.52,Khalti,False,False,False,False,2025,9,September,2025-09,Thursday,3,False,Butwal,12085.52,0.0
TXN101419,2025-03-25,CUST1061,Bikash Shrestha,Bhaktapur - Suryabinayak,Electronics,Power Bank 10000mAh,4,2874.38,11497.52,Khalti,False,True,False,False,2025,3,March,2025-03,Tuesday,1,False,Bhaktapur,11497.52,0.0
TXN105403,2025-08-31,CUST1025,Kiran Poudel,Biratnagar - Main Road,Apparel,Kids Frock,3,2502.16,7506.48,eSewa,False,False,False,False,2025,8,August,2025-08,Sunday,6,True,Biratnagar,7506.48,0.0
TXN102598,2025-01-19,CUST1137,Sunita Tamang,Bhaktapur - Suryabinayak,Electronics,Power Bank 10000mAh,2,2840.24,5680.48,eSewa,False,False,False,False,2025,1,January,2025-01,Sunday,6,True,Bhaktapur,5680.48,0.0
TXN104679,2025-09-17,CUST1002,Kritika Bhattarai,Bhaktapur - Suryabinayak,Apparel,Kids Frock,3,1663.85,4991.55,Khalti,False,False,False,False,2025,9,September,2025-09,Wednesday,2,False,Bhaktapur,4991.55,0.0
TXN100869,2025-03-10,CUST1108,Neha Karki,Bhaktapur - Suryabinayak,Apparel,Winter Jacket,4,1417.32,5669.28,eSewa,False,False,False,False,2025,3,March,2025-03,Monday,0,False,Bhaktapur,5669.28,0.0
TXN101789,2025-09-03,CUST1040,Puja Gurung,Butwal - Traffic Chowk,Electronics,Power Bank 10000mAh,4,1966.32,7865.28,eSewa,False,False,False,False,2025,9,September,2025-09,Wednesday,2,False,Butwal,7865.28,0.0
TXN105811,2025-10-07,CUST1138,Bikash Tamang,Bhaktapur - Suryabinayak,Electronics,Bluetooth Earphones,4,2833.87,11335.48,eSewa,False,False,False,False,2025,10,October,2025-10,Tuesday,1,False,Bhaktapur,11335.48,0.0
TXN102181,2025-12-10,CUST1052,Aashish Poudel,Lalitpur - Pulchowk,Electronics,Power Bank 10000mAh,3,2248.0,6744.0,Unknown,False,False,False,True,2025,12,December,2025-12,Wednesday,2,False,Lalitpur,6744.0,0.0
TXN102448,2025-06-25,CUST1002,Kritika Bhattarai,Butwal - Traffic Chowk,Electronics,Wall Clock,3,1558.13,4674.39,Cash,False,False,False,False,2025,6,June,2025-06,Wednesday,2,False,Butwal,4674.39,0.0
TXN103649,2025-11-06,CUST1046,Sarita Karki,Lalitpur - Pulchowk,Electronics,Wall Clock,3,2636.42,7909.26,Cash,False,False,False,False,2025,11,November,2025-11,Thursday,3,False,Lalitpur,7909.26,0.0
TXN103387,2025-08-06,CUST1019,Sarita Magar,Kathmandu - Kupondole,Apparel,Kids Frock,2,2550.0,5100.0,Khalti,False,False,False,False,2025,8,August,2025-08,Wednesday,2,False,Kathmandu,5100.0,0.0
TXN100617,2025-07-27,CUST1112,Nabin Magar,Butwal - Traffic Chowk,Electronics,Wall Clock,3,3361.45,10084.35,Unknown,False,False,False,True,2025,7,July,2025-07,Sunday,6,True,Butwal,10084.35,0.0
TXN104860,2025-11-17,CUST1039,Sabina Thapa,Butwal - Traffic Chowk,Apparel,Winter Jacket,4,1172.63,4690.52,Cash,False,False,False,False,2025,11,November,2025-11,Monday,0,False,Butwal,4690.52,0.0
TXN105932,2025-11-28,CUST1038,Anita Magar,Bhaktapur - Suryabinayak,Electronics,Bluetooth Earphones,3,2310.9,6932.7,Cash,False,False,False,False,2025,11,November,2025-11,Friday,4,False,Bhaktapur,6932.7,0.0
TXN100303,2025-11-17,CUST1039,Sabina Thapa,Butwal - Traffic Chowk,Electronics,Bluetooth Earphones,3,3354.93,10064.79,Cash,False,False,False,False,2025,11,November,2025-11,Monday,0,False,Butwal,10064.79,0.0
TXN105820,2025-02-20,CUST1011,Neha Magar,Chitwan - Bharatpur,Electronics,Extension Board,4,2467.1,9868.4,eSewa,False,False,False,False,2025,2,February,2025-02,Thursday,3,False,Chitwan,9868.4,0.0
TXN104608,2025-12-14,CUST1118,Alina Shrestha,Bhaktapur - Suryabinayak,Electronics,Wall Clock,4,1171.25,4685.0,Cash,False,False,False,False,2025,12,December,2025-12,Sunday,6,True,Bhaktapur,4685.0,0.0
TXN104154,2025-05-03,CUST1101,Sabnam Bhattarai,Kathmandu - New Road,Electronics,Bluetooth Earphones,3,2286.18,6858.54,Bank Transfer,False,False,False,False,2025,5,May,2025-05,Saturday,5,True,Kathmandu,6858.54,0.0
TXN105085,2025-04-06,CUST1016,Neha Poudel,Chitwan - Bharatpur,Electronics,Power Bank 10000mAh,4,1798.48,7193.92,Cash,False,False,False,False,2025,4,April,2025-04,Sunday,6,True,Chitwan,7193.92,0.0
TXN100651,2025-11-18,CUST1149,Sarita Poudel,Butwal - Traffic Chowk,Electronics,Wall Clock,4,2707.11,10828.44,Khalti,False,False,False,False,2025,11,November,2025-11,Tuesday,1,False,Butwal,10828.44,0.0
TXN100257,2025-04-15,CUST1121,Sushma Adhikari,Pokhara - Lakeside,Electronics,Power Bank 10000mAh,3,3240.49,9721.47,Khalti,False,False,False,False,2025,4,April,2025-04,Tuesday,1,False,Pokhara,9721.47,0.0
TXN100349,2025-10-20,CUST1025,Kiran Poudel,Kathmandu - Kupondole,Electronics,Wall Clock,4,2192.3,8769.2,Cash,False,False,False,False,2025,10,October,2025-10,Monday,0,False,Kathmandu,8769.2,0.0
TXN101979,2025-03-31,CUST1002,Kritika Bhattarai,Butwal - Traffic Chowk,Apparel,Cotton T-Shirt,3,2865.71,8597.13,Khalti,False,False,False,False,2025,3,March,2025-03,Monday,0,False,Butwal,8597.13,0.0
TXN102792,2025-10-14,CUST1124,Anita Rai,Lalitpur - Pulchowk,Electronics,USB Cable Type-C,3,3080.03,9240.09,Debit/Credit Card,False,False,False,False,2025,10,October,2025-10,Tuesday,1,False,Lalitpur,9240.09,0.0
TXN104065,2025-09-30,CUST1039,Sabina Thapa,Butwal - Traffic Chowk,Apparel,Socks (3-pair pack),3,2351.0499999999997,7053.15,Cash,False,False,True,False,2025,9,September,2025-09,Tuesday,1,False,Butwal,7053.15,0.0
TXN103258,2025-11-20,CUST1050,Manisha Rai,Pokhara - Lakeside,Apparel,Socks (3-pair pack),4,1568.32,6273.28,Debit/Credit Card,False,False,False,False,2025,11,November,2025-11,Thursday,3,False,Pokhara,6273.28,0.0
TXN102112,2025-04-17,CUST1012,Sabina Maharjan,Butwal - Traffic Chowk,Electronics,Wall Clock,4,1515.1,6060.4,Cash,False,False,False,False,2025,4,April,2025-04,Thursday,3,False,Butwal,6060.4,0.0
TXN105903,2025-10-16,CUST1100,Sujan Shrestha,Pokhara - Lakeside,Electronics,Power Bank 10000mAh,3,2499.8,7499.4,Cash,False,False,False,False,2025,10,October,2025-10,Thursday,3,False,Pokhara,7499.4,0.0
TXN104099,2025-10-06,CUST1024,Rajesh Adhikari,Lalitpur - Pulchowk,Electronics,Power Bank 10000mAh,3,1764.93,5294.79,Bank Transfer,False,False,False,False,2025,10,October,2025-10,Monday,0,False,Lalitpur,5294.79,0.0
TXN100845,2025-01-21,CUST1142,Rohit Maharjan,Lalitpur - Pulchowk,Electronics,Power Bank 10000mAh,2,2343.72,4687.44,Unknown,False,False,False,True,2025,1,January,2025-01,Tuesday,1,False,Lalitpur,4687.44,0.0
TXN100434,2025-10-08,CUST1014,Neha Basnet,Kathmandu - Kupondole,Electronics,USB Cable Type-C,4,3034.42,12137.68,Cash,False,False,False,False,2025,10,October,2025-10,Wednesday,2,False,Kathmandu,12137.68,0.0
TXN104729,2025-01-22,CUST1075,Deepak Magar,Butwal - Traffic Chowk,Apparel,Socks (3-pair pack),3,2575.72,7727.16,Cash,False,False,False,False,2025,1,January,2025-01,Wednesday,2,False,Butwal,7727.16,0.0
TXN101953,2025-06-29,CUST1149,Sarita Poudel,Butwal - Traffic Chowk,Electronics,Extension Board,4,1400.77,5603.08,Khalti,False,False,False,False,2025,6,June,2025-06,Sunday,6,True,Butwal,5603.08,0.0
TXN105837,2025-12-14,CUST1042,Manisha Basnet,Bhaktapur - Suryabinayak,Apparel,Kids Frock,2,2524.57,5049.14,Khalti,False,False,True,False,2025,12,December,2025-12,Sunday,6,True,Bhaktapur,5049.14,0.0
TXN104359,2025-11-19,CUST1002,Kritika Bhattarai,Butwal - Traffic Chowk,Electronics,Wall Clock,4,1746.06,6984.24,Cash,False,False,False,False,2025,11,November,2025-11,Wednesday,2,False,Butwal,6984.24,0.0
TXN105956,2025-09-29,CUST1078,Bijay Magar,Kathmandu - Kupondole,Electronics,Wall Clock,3,2157.89,6473.67,Khalti,False,False,False,False,2025,9,September,2025-09,Monday,0,False,Kathmandu,6473.67,0.0
TXN101778,2025-11-29,CUST1123,Sujan Tamang,Kathmandu - New Road,Apparel,Formal Shirt,3,1852.01,5556.03,Khalti,False,False,False,False,2025,11,November,2025-11,Saturday,5,True,Kathmandu,5556.03,0.0
TXN102414,2025-12-21,CUST1097,Milan Basnet,Kathmandu - New Road,Electronics,Bluetooth Earphones,3,2303.7,6911.1,Cash,False,True,False,False,2025,12,December,2025-12,Sunday,6,True,Kathmandu,6911.1,0.0
TXN104407,2025-01-19,CUST1098,Bijay Khadka,Bhaktapur - Suryabinayak,Apparel,Formal Shirt,2,2966.39,5932.78,eSewa,False,False,False,False,2025,1,January,2025-01,Sunday,6,True,Bhaktapur,5932.78,0.0
TXN105494,2025-09-02,CUST1085,Sunita Magar,Bhaktapur - Suryabinayak,Electronics,Extension Board,4,3107.38,12429.52,eSewa,False,False,False,False,2025,9,September,2025-09,Tuesday,1,False,Bhaktapur,12429.52,0.0
TXN101447,2025-10-13,CUST1097,Milan Basnet,Kathmandu - New Road,Electronics,Power Bank 10000mAh,4,1670.58,6682.32,eSewa,False,False,False,False,2025,10,October,2025-10,Monday,0,False,Kathmandu,6682.32,0.0
TXN100096,2025-11-19,CUST1061,Bikash Shrestha,Biratnagar - Main Road,Apparel,Kids Frock,3,2556.42,7669.26,Cash,False,False,False,False,2025,11,November,2025-11,Wednesday,2,False,Biratnagar,7669.26,0.0
TXN100972,2025-10-23,CUST1079,Rohit Lama,Kathmandu - Kupondole,Electronics,USB Cable Type-C,4,1822.24,7288.96,Bank Transfer,False,False,False,False,2025,10,October,2025-10,Thursday,3,False,Kathmandu,7288.96,0.0
TXN103659,2025-02-28,CUST1041,Sushma Bhattarai,Lalitpur - Pulchowk,Apparel,Kids Frock,2,2427.22,4854.44,eSewa,False,False,False,False,2025,2,February,2025-02,Friday,4,False,Lalitpur,4854.44,0.0
TXN100040,2025-02-18,CUST1025,Kiran Poudel,Kathmandu - Kupondole,Apparel,Kids Frock,4,2194.13,8776.52,Cash,False,False,False,False,2025,2,February,2025-02,Tuesday,1,False,Kathmandu,8776.52,0.0
TXN105610,2025-10-25,CUST1052,Aashish Poudel,Lalitpur - Pulchowk,Apparel,Socks (3-pair pack),3,2242.98,6728.94,eSewa,False,False,False,False,2025,10,October,2025-10,Saturday,5,True,Lalitpur,6728.94,0.0
TXN102021,2025-11-05,CUST1049,Sarita Bhattarai,Kathmandu - New Road,Electronics,Wall Clock,2,3212.42,6424.84,Khalti,False,False,False,False,2025,11,November,2025-11,Wednesday,2,False,Kathmandu,6424.84,0.0
TXN105888,2025-03-16,CUST1057,Neha Karki,Kathmandu - New Road,Apparel,Socks (3-pair pack),4,2001.88,8007.52,eSewa,False,False,False,False,2025,3,March,2025-03,Sunday,6,True,Kathmandu,8007.52,0.0
TXN105684,2025-08-11,CUST1052,Aashish Poudel,Butwal - Traffic Chowk,Electronics,USB Cable Type-C,3,3044.53,9133.59,eSewa,False,False,False,False,2025,8,August,2025-08,Monday,0,False,Butwal,9133.59,0.0
TXN101339,2025-01-20,CUST1073,Bikash Shrestha,Kathmandu - New Road,Electronics,Bluetooth Earphones,2,2584.71,5169.42,Debit/Credit Card,False,False,False,False,2025,1,January,2025-01,Monday,0,False,Kathmandu,5169.42,0.0
TXN102358,2025-02-06,CUST1025,Kiran Poudel,Kathmandu - Kupondole,Apparel,Cotton T-Shirt,2,2937.39,5874.78,Cash,True,False,False,False,2025,2,February,2025-02,Thursday,3,False,Kathmandu,5874.78,0.0
TXN105526,2025-04-19,CUST1112,Nabin Magar,Butwal - Traffic Chowk,Electronics,Wall Clock,4,2389.14,9556.56,eSewa,True,False,False,False,2025,4,April,2025-04,Saturday,5,True,Butwal,9556.56,0.0
TXN103087,2025-08-07,CUST1055,Rohit Poudel,Lalitpur - Pulchowk,Electronics,Bluetooth Earphones,3,1552.76,4658.28,eSewa,False,False,False,False,2025,8,August,2025-08,Thursday,3,False,Lalitpur,4658.28,0.0
TXN101100,2025-11-20,CUST1095,Neha Khadka,Pokhara - Lakeside,Electronics,Wall Clock,3,3004.68,9014.04,Cash,False,False,False,False,2025,11,November,2025-11,Thursday,3,False,Pokhara,9014.04,0.0
TXN101220,2025-02-24,CUST1002,Kritika Bhattarai,Butwal - Traffic Chowk,Apparel,Cotton T-Shirt,4,1573.27,6293.08,Debit/Credit Card,False,False,False,False,2025,2,February,2025-02,Monday,0,False,Butwal,6293.08,0.0
TXN105822,2025-06-10,CUST1012,Sabina Maharjan,Pokhara - Lakeside,Electronics,Bluetooth Earphones,3,2028.96,6086.88,eSewa,False,False,False,False,2025,6,June,2025-06,Tuesday,1,False,Pokhara,6086.88,0.0
TXN102632,2025-01-22,CUST1014,Neha Basnet,Kathmandu - Kupondole,Apparel,Kids Frock,4,1194.63,4778.52,Cash,False,False,False,False,2025,1,January,2025-01,Wednesday,2,False,Kathmandu,4778.52,0.0
TXN103214,2025-07-15,CUST1046,Sarita Karki,Chitwan - Bharatpur,Electronics,Wall Clock,4,2802.36,11209.44,Cash,False,False,False,False,2025,7,July,2025-07,Tuesday,1,False,Chitwan,11209.44,0.0
TXN101215,2025-02-06,CUST1025,Kiran Poudel,Biratnagar - Main Road,Apparel,Kids Frock,3,2403.06,7209.18,eSewa,False,False,False,False,2025,2,February,2025-02,Thursday,3,False,Biratnagar,7209.18,0.0
TXN101011,2025-03-05,CUST1110,Sushma Karki,Kathmandu - New Road,Electronics,Wall Clock,4,1655.76,6623.04,eSewa,False,False,False,False,2025,3,March,2025-03,Wednesday,2,False,Kathmandu,6623.04,0.0
TXN100981,2025-10-30,CUST1010,Anita Karki,Biratnagar - Main Road,Electronics,USB Cable Type-C,3,1552.92,4658.76,Cash,False,False,False,False,2025,10,October,2025-10,Thursday,3,False,Biratnagar,4658.76,0.0
TXN103724,2025-05-19,CUST1052,Aashish Poudel,Lalitpur - Pulchowk,Electronics,Power Bank 10000mAh,3,3156.13,9468.39,Debit/Credit Card,False,False,False,False,2025,5,May,2025-05,Monday,0,False,Lalitpur,9468.39,0.0
TXN102178,2025-03-21,CUST1011,Neha Magar,Chitwan - Bharatpur,Apparel,Kids Frock,3,1709.83,5129.49,Cash,False,False,False,False,2025,3,March,2025-03,Friday,4,False,Chitwan,5129.49,0.0
TXN102303,2025-04-09,CUST1035,Rita Shrestha,Biratnagar - Main Road,Apparel,Formal Shirt,3,1990.53,5971.59,Cash,False,False,False,False,2025,4,April,2025-04,Wednesday,2,False,Biratnagar,5971.59,0.0
TXN103267,2025-10-26,CUST1056,Alina Shrestha,Kathmandu - Kupondole,Electronics,Extension Board,4,3456.12,13824.48,Cash,False,False,False,False,2025,10,October,2025-10,Sunday,6,True,Kathmandu,13824.48,0.0
TXN101721,2025-08-12,CUST1012,Sabina Maharjan,Pokhara - Lakeside,Apparel,Socks (3-pair pack),4,2754.9,11019.6,eSewa,False,False,False,False,2025,8,August,2025-08,Tuesday,1,False,Pokhara,11019.6,0.0
TXN102985,2025-11-26,CUST1014,Neha Basnet,Kathmandu - Kupondole,Apparel,Cotton T-Shirt,4,2252.5,9010.0,Khalti,False,False,False,False,2025,11,November,2025-11,Wednesday,2,False,Kathmandu,9010.0,0.0
TXN100129,2025-10-27,CUST1149,Sarita Poudel,Butwal - Traffic Chowk,Electronics,Bluetooth Earphones,3,2507.33,7521.99,Cash,False,False,False,False,2025,10,October,2025-10,Monday,0,False,Butwal,7521.99,0.0
TXN103141,2025-07-21,CUST1070,Alina Rai,Kathmandu - Kupondole,Apparel,Kids Frock,3,2504.69,7514.07,Khalti,False,False,False,False,2025,7,July,2025-07,Monday,0,False,Kathmandu,7514.07,0.0
TXN101694,2025-10-17,CUST1010,Anita Karki,Chitwan - Bharatpur,Apparel,Winter Jacket,4,2078.63,8314.52,Khalti,False,False,False,False,2025,10,October,2025-10,Friday,4,False,Chitwan,8314.52,0.0
TXN100120,2025-11-18,CUST1031,Sabnam Khadka,Bhaktapur - Suryabinayak,Apparel,Formal Shirt,4,1434.33,5737.32,Cash,False,False,False,False,2025,11,November,2025-11,Tuesday,1,False,Bhaktapur,5737.32,0.0
TXN101246,2025-07-24,CUST1119,Nabin Maharjan,Kathmandu - Kupondole,Apparel,Kids Frock,3,2954.42,8863.26,Khalti,False,False,False,False,2025,7,July,2025-07,Thursday,3,False,Kathmandu,8863.26,0.0
TXN102239,2025-05-28,CUST1036,Sunita Maharjan,Kathmandu - Kupondole,Electronics,USB Cable Type-C,3,2370.04,7110.12,Cash,False,False,False,False,2025,5,May,2025-05,Wednesday,2,False,Kathmandu,7110.12,0.0
TXN105665,2025-02-24,CUST1078,Bijay Magar,Kathmandu - Kupondole,Electronics,Extension Board,2,3244.7,6489.4,Cash,False,False,False,False,2025,2,February,2025-02,Monday,0,False,Kathmandu,6489.4,0.0
TXN102646,2025-10-27,CUST1020,Deepak Magar,Bhaktapur - Suryabinayak,Electronics,Power Bank 10000mAh,3,2098.69,6296.07,Cash,False,False,False,False,2025,10,October,2025-10,Monday,0,False,Bhaktapur,6296.07,0.0
TXN104726,2025-12-02,CUST1130,Alina Rai,Bhaktapur - Suryabinayak,Apparel,Cotton T-Shirt,3,2887.81,8663.43,Cash,False,False,False,False,2025,12,December,2025-12,Tuesday,1,False,Bhaktapur,8663.43,0.0
TXN101012,2025-08-24,CUST1057,Neha Karki,Kathmandu - New Road,Apparel,Formal Shirt,4,1733.03,6932.12,eSewa,False,False,False,False,2025,8,August,2025-08,Sunday,6,True,Kathmandu,6932.12,0.0
TXN102661,2025-09-23,CUST1000,Rohit Gurung,Pokhara - Lakeside,Electronics,Power Bank 10000mAh,2,2950.92,5901.84,Cash,False,False,False,False,2025,9,September,2025-09,Tuesday,1,False,Pokhara,5901.84,0.0
TXN100752,2025-03-30,CUST1020,Deepak Magar,Bhaktapur - Suryabinayak,Apparel,Formal Shirt,3,1927.15,5781.45,eSewa,False,False,False,False,2025,3,March,2025-03,Sunday,6,True,Bhaktapur,5781.45,0.0
TXN105207,2025-11-27,CUST1140,Sabnam Poudel,Pokhara - Lakeside,Apparel,Cotton T-Shirt,4,1788.35,7153.4,eSewa,True,False,False,False,2025,11,November,2025-11,Thursday,3,False,Pokhara,7153.4,0.0
TXN101368,2025-12-08,CUST1052,Aashish Poudel,Lalitpur - Pulchowk,Apparel,Formal Shirt,2,2596.2,5192.4,Cash,False,False,False,False,2025,12,December,2025-12,Monday,0,False,Lalitpur,5192.4,0.0
TXN104628,2025-09-11,CUST1135,Sabina Bhattarai,Lalitpur - Pulchowk,Electronics,Bluetooth Earphones,4,3001.01,12004.04,Cash,False,False,False,False,2025,9,September,2025-09,Thursday,3,False,Lalitpur,12004.04,0.0
TXN101929,2025-05-31,CUST1099,Rohit Magar,Butwal - Traffic Chowk,Electronics,Wall Clock,2,2929.63,5859.26,Cash,False,False,False,False,2025,5,May,2025-05,Saturday,5,True,Butwal,5859.26,0.0
TXN101341,2025-10-23,CUST1118,Alina Shrestha,Bhaktapur - Suryabinayak,Electronics,Bluetooth Earphones,3,1626.16,4878.48,eSewa,False,False,False,False,2025,10,October,2025-10,Thursday,3,False,Bhaktapur,4878.48,0.0
TXN104439,2025-10-03,CUST1022,Bijay Gurung,Kathmandu - Kupondole,Apparel,Formal Shirt,4,2525.28,10101.12,Cash,False,False,False,False,2025,10,October,2025-10,Friday,4,False,Kathmandu,10101.12,0.0
TXN100831,2025-10-01,CUST1004,Rajesh Adhikari,Kathmandu - Kupondole,Electronics,Extension Board,3,1690.09,5070.27,Khalti,False,False,False,False,2025,10,October,2025-10,Wednesday,2,False,Kathmandu,5070.27,0.0
TXN101987,2025-08-11,CUST1041,Sushma Bhattarai,Lalitpur - Pulchowk,Electronics,Bluetooth Earphones,4,1196.27,4785.08,Cash,False,False,False,False,2025,8,August,2025-08,Monday,0,False,Lalitpur,4785.08,0.0
TXN102109,2025-10-03,CUST1002,Kritika Bhattarai,Butwal - Traffic Chowk,Apparel,Winter Jacket,4,2853.05,11412.2,Khalti,False,False,False,False,2025,10,October,2025-10,Friday,4,False,Butwal,11412.2,0.0
TXN101110,2025-11-22,CUST1008,Alina Tamang,Bhaktapur - Suryabinayak,Electronics,Bluetooth Earphones,4,1318.28,5273.12,eSewa,False,False,False,False,2025,11,November,2025-11,Saturday,5,True,Bhaktapur,5273.12,0.0
TXN101861,2025-10-07,CUST1052,Aashish Poudel,Lalitpur - Pulchowk,Electronics,Extension Board,3,2139.73,6419.19,Cash,False,False,False,False,2025,10,October,2025-10,Tuesday,1,False,Lalitpur,6419.19,0.0
TXN104617,2025-04-15,CUST1012,Sabina Maharjan,Pokhara - Lakeside,Apparel,Winter Jacket,4,1974.66,7898.64,Cash,False,False,False,False,2025,4,April,2025-04,Tuesday,1,False,Pokhara,7898.64,0.0
TXN104737,2025-11-04,CUST1034,Kritika Tamang,Butwal - Traffic Chowk,Apparel,Winter Jacket,4,1522.28,6089.12,Cash,False,False,False,False,2025,11,November,2025-11,Tuesday,1,False,Butwal,6089.12,0.0
TXN100383,2025-03-16,CUST1036,Sunita Maharjan,Kathmandu - Kupondole,Apparel,Cotton T-Shirt,4,1828.68,7314.72,Unknown,False,False,False,True,2025,3,March,2025-03,Sunday,6,True,Kathmandu,7314.72,0.0
TXN105368,2025-10-08,CUST1042,Manisha Basnet,Bhaktapur - Suryabinayak,Electronics,USB Cable Type-C,3,2723.08,8169.24,Khalti,False,False,False,False,2025,10,October,2025-10,Wednesday,2,False,Bhaktapur,8169.24,0.0
TXN103215,2025-10-18,CUST1046,Sarita Karki,Lalitpur - Pulchowk,Electronics,Bluetooth Earphones,3,2157.82,6473.46,Cash,False,False,False,False,2025,10,October,2025-10,Saturday,5,True,Lalitpur,6473.46,0.0
TXN101764,2025-10-09,CUST1056,Alina Shrestha,Kathmandu - New Road,Apparel,Winter Jacket,4,2693.66,10774.64,Bank Transfer,False,False,False,False,2025,10,October,2025-10,Thursday,3,False,Kathmandu,10774.64,0.0
TXN104627,2025-04-09,CUST1039,Sabina Thapa,Butwal - Traffic Chowk,Apparel,Formal Shirt,4,1367.5,5470.0,Khalti,False,False,False,False,2025,4,April,2025-04,Wednesday,2,False,Butwal,5470.0,0.0
TXN101995,2025-06-17,CUST1057,Neha Karki,Kathmandu - New Road,Electronics,Extension Board,4,1508.49,6033.96,eSewa,False,False,False,False,2025,6,June,2025-06,Tuesday,1,False,Kathmandu,6033.96,0.0
TXN105610,2025-10-25,CUST1052,Aashish Poudel,Lalitpur - Pulchowk,Electronics,Extension Board,3,3174.67,9524.01,Cash,False,False,False,False,2025,10,October,2025-10,Saturday,5,True,Lalitpur,9524.01,0.0
TXN104549,2025-11-06,CUST1019,Sarita Magar,Kathmandu - Kupondole,Electronics,Power Bank 10000mAh,2,2888.91,5777.82,Debit/Credit Card,False,False,False,False,2025,11,November,2025-11,Thursday,3,False,Kathmandu,5777.82,0.0
TXN105682,2025-05-15,CUST1011,Neha Magar,Chitwan - Bharatpur,Electronics,Wall Clock,4,2835.03,11340.12,Khalti,False,False,False,False,2025,5,May,2025-05,Thursday,3,False,Chitwan,11340.12,0.0
TXN104899,2025-11-02,CUST1050,Manisha Rai,Pokhara - Lakeside,Electronics,USB Cable Type-C,3,3340.19,10020.57,Khalti,False,False,False,False,2025,11,November,2025-11,Sunday,6,True,Pokhara,10020.57,0.0
TXN101626,2025-10-02,CUST1039,Sabina Thapa,Butwal - Traffic Chowk,Electronics,USB Cable Type-C,3,2489.27,7467.81,Cash,False,False,False,False,2025,10,October,2025-10,Thursday,3,False,Butwal,7467.81,0.0
TXN103595,2025-04-20,CUST1083,Rohit Shrestha,Kathmandu - New Road,Apparel,Formal Shirt,4,1228.55,4914.2,Debit/Credit Card,False,False,False,False,2025,4,April,2025-04,Sunday,6,True,Kathmandu,4914.2,0.0
TXN100575,2025-09-11,CUST1044,Puja Magar,Bhaktapur - Suryabinayak,Electronics,Wall Clock,3,2853.38,8560.14,Cash,False,False,False,False,2025,9,September,2025-09,Thursday,3,False,Bhaktapur,8560.14,0.0
TXN103982,2025-10-23,CUST1066,Kritika Khadka,Kathmandu - New Road,Apparel,Cotton T-Shirt,4,2897.45,11589.8,eSewa,False,False,False,False,2025,10,October,2025-10,Thursday,3,False,Kathmandu,11589.8,0.0
TXN103688,2025-11-06,CUST1136,Bikash Gurung,Lalitpur - Pulchowk,Apparel,Winter Jacket,2,2771.6,5543.2,Debit/Credit Card,False,False,False,False,2025,11,November,2025-11,Thursday,3,False,Lalitpur,5543.2,0.0
TXN100521,2025-12-24,CUST1020,Deepak Magar,Bhaktapur - Suryabinayak,Apparel,Kids Frock,3,2055.18,6165.54,Cash,False,False,False,False,2025,12,December,2025-12,Wednesday,2,False,Bhaktapur,6165.54,0.0
TXN101563,2025-06-10,CUST1019,Sarita Magar,Kathmandu - Kupondole,Apparel,Socks (3-pair pack),4,1247.14,4988.56,Khalti,False,False,False,False,2025,6,June,2025-06,Tuesday,1,False,Kathmandu,4988.56,0.0
TXN103426,2025-02-06,CUST1138,Bikash Tamang,Bhaktapur - Suryabinayak,Electronics,Wall Clock,4,1671.24,6684.96,Khalti,False,False,False,False,2025,2,February,2025-02,Thursday,3,False,Bhaktapur,6684.96,0.0
TXN101388,2025-03-20,CUST1057,Neha Karki,Kathmandu - New Road,Electronics,Power Bank 10000mAh,3,3055.09,9165.27,eSewa,False,False,False,False,2025,3,March,2025-03,Thursday,3,False,Kathmandu,9165.27,0.0
TXN101363,2025-11-23,CUST1057,Neha Karki,Kathmandu - New Road,Electronics,Wall Clock,3,3402.62,10207.86,Khalti,False,False,False,False,2025,11,November,2025-11,Sunday,6,True,Kathmandu,10207.86,0.0
TXN100999,2025-04-07,CUST1014,Neha Basnet,Bhaktapur - Suryabinayak,Electronics,Wall Clock,3,2762.95,8288.85,Cash,False,False,False,False,2025,4,April,2025-04,Monday,0,False,Bhaktapur,8288.85,0.0
TXN100768,2025-11-03,CUST1052,Aashish Poudel,Kathmandu - Kupondole,Electronics,Wall Clock,2,2826.77,5653.54,Khalti,False,False,False,False,2025,11,November,2025-11,Monday,0,False,Kathmandu,5653.54,0.0
TXN100375,2025-04-04,CUST1052,Aashish Poudel,Lalitpur - Pulchowk,Apparel,Socks (3-pair pack),2,2906.78,5813.56,Debit/Credit Card,False,False,False,False,2025,4,April,2025-04,Friday,4,False,Lalitpur,5813.56,0.0
TXN103938,2025-12-12,CUST1032,Deepak Khadka,Butwal - Traffic Chowk,Electronics,Extension Board,2,3460.0,6920.0,Cash,True,False,False,False,2025,12,December,2025-12,Friday,4,False,Butwal,6920.0,0.0
TXN101217,2025-08-16,CUST1012,Sabina Maharjan,Lalitpur - Pulchowk,Electronics,USB Cable Type-C,4,2513.91,10055.64,Cash,False,False,False,False,2025,8,August,2025-08,Saturday,5,True,Lalitpur,10055.64,0.0
TXN103399,2025-12-01,CUST1108,Neha Karki,Bhaktapur - Suryabinayak,Apparel,Formal Shirt,4,2868.44,11473.76,eSewa,False,False,False,False,2025,12,December,2025-12,Monday,0,False,Bhaktapur,11473.76,0.0
TXN103953,2025-03-30,CUST1138,Bikash Tamang,Butwal - Traffic Chowk,Apparel,Formal Shirt,3,1840.27,5520.81,Cash,False,True,False,False,2025,3,March,2025-03,Sunday,6,True,Butwal,5520.81,0.0
TXN102855,2025-01-04,CUST1108,Neha Karki,Bhaktapur - Suryabinayak,Apparel,Winter Jacket,4,2042.64,8170.56,eSewa,False,False,False,False,2025,1,January,2025-01,Saturday,5,True,Bhaktapur,8170.56,0.0
TXN104893,2025-04-05,CUST1025,Kiran Poudel,Kathmandu - Kupondole,Apparel,Cotton T-Shirt,2,2620.86,5241.72,eSewa,False,False,False,False,2025,4,April,2025-04,Saturday,5,True,Kathmandu,5241.72,0.0
TXN104033,2025-02-17,CUST1138,Bikash Tamang,Bhaktapur - Suryabinayak,Apparel,Socks (3-pair pack),4,2440.52,9762.08,Cash,False,False,False,False,2025,2,February,2025-02,Monday,0,False,Bhaktapur,9762.08,0.0
TXN104762,2025-02-08,CUST1100,Sujan Shrestha,Pokhara - Lakeside,Electronics,Extension Board,2,2546.68,5093.36,Cash,False,False,False,False,2025,2,February,2025-02,Saturday,5,True,Pokhara,5093.36,0.0
TXN101171,2025-11-11,CUST1025,Kiran Poudel,Kathmandu - Kupondole,Electronics,Power Bank 10000mAh,3,2253.13,6759.39,eSewa,False,False,False,False,2025,11,November,2025-11,Tuesday,1,False,Kathmandu,6759.39,0.0
TXN100540,2025-09-28,CUST1055,Rohit Poudel,Lalitpur - Pulchowk,Apparel,Kids Frock,4,2192.56,8770.24,Unknown,False,False,False,True,2025,9,September,2025-09,Sunday,6,True,Lalitpur,8770.24,0.0
TXN100760,2025-09-16,CUST1134,Sandip Khadka,Pokhara - Lakeside,Electronics,Bluetooth Earphones,4,2990.29,11961.16,Debit/Credit Card,False,False,False,False,2025,9,September,2025-09,Tuesday,1,False,Pokhara,11961.16,0.0
TXN103313,2025-11-29,CUST1038,Anita Magar,Bhaktapur - Suryabinayak,Electronics,Extension Board,3,2022.29,6066.87,Debit/Credit Card,False,False,True,False,2025,11,November,2025-11,Saturday,5,True,Bhaktapur,6066.87,0.0
TXN104736,2025-03-10,CUST1112,Nabin Magar,Butwal - Traffic Chowk,Apparel,Kids Frock,3,1621.45,4864.35,Debit/Credit Card,False,False,False,False,2025,3,March,2025-03,Monday,0,False,Butwal,4864.35,0.0
TXN100110,2025-10-21,CUST1025,Kiran Poudel,Kathmandu - Kupondole,Apparel,Formal Shirt,2,2618.4,5236.8,Cash,False,False,False,False,2025,10,October,2025-10,Tuesday,1,False,Kathmandu,5236.8,0.0
TXN105895,2025-09-25,CUST1040,Puja Gurung,Bhaktapur - Suryabinayak,Electronics,Power Bank 10000mAh,2,2934.85,5869.7,Cash,False,False,False,False,2025,9,September,2025-09,Thursday,3,False,Bhaktapur,5869.7,0.0
TXN101714,2025-04-14,CUST1114,Sabnam Khadka,Kathmandu - New Road,Electronics,USB Cable Type-C,2,2626.89,5253.78,Cash,False,True,False,False,2025,4,April,2025-04,Monday,0,False,Kathmandu,5253.78,0.0
TXN101465,2025-09-26,CUST1149,Sarita Poudel,Butwal - Traffic Chowk,Apparel,Winter Jacket,4,1500.75,6003.0,Cash,False,False,False,False,2025,9,September,2025-09,Friday,4,False,Butwal,6003.0,0.0
TXN104418,2025-03-31,CUST1019,Sarita Magar,Butwal - Traffic Chowk,Apparel,Socks (3-pair pack),4,1231.38,4925.52,Debit/Credit Card,False,False,False,False,2025,3,March,2025-03,Monday,0,False,Butwal,4925.52,0.0
TXN104698,2025-11-15,CUST1088,Deepak Lama,Kathmandu - Kupondole,Apparel,Formal Shirt,2,2472.43,4944.86,Cash,False,False,False,False,2025,11,November,2025-11,Saturday,5,True,Kathmandu,4944.86,0.0
TXN100374,2025-02-14,CUST1048,Kritika Rai,Kathmandu - New Road,Electronics,USB Cable Type-C,3,2077.62,6232.86,eSewa,False,False,False,False,2025,2,February,2025-02,Friday,4,False,Kathmandu,6232.86,0.0
TXN104277,2025-09-10,CUST1143,Kritika Shrestha,Bhaktapur - Suryabinayak,Apparel,Cotton T-Shirt,4,2267.36,9069.44,eSewa,False,False,False,False,2025,9,September,2025-09,Wednesday,2,False,Bhaktapur,9069.44,0.0
TXN105502,2025-10-01,CUST1033,Rohit Khadka,Butwal - Traffic Chowk,Electronics,Extension Board,2,3050.2,6100.4,Bank Transfer,False,False,False,False,2025,10,October,2025-10,Wednesday,2,False,Butwal,6100.4,0.0
TXN100740,2025-01-13,CUST1100,Sujan Shrestha,Pokhara - Lakeside,Electronics,Wall Clock,4,1611.44,6445.76,Khalti,False,False,False,False,2025,1,January,2025-01,Monday,0,False,Pokhara,6445.76,0.0
TXN100226,2025-10-31,CUST1006,Alina Rai,Pokhara - Lakeside,Apparel,Socks (3-pair pack),4,2170.25,8681.0,Debit/Credit Card,False,False,False,False,2025,10,October,2025-10,Friday,4,False,Pokhara,8681.0,0.0
TXN100097,2025-06-22,CUST1014,Neha Basnet,Pokhara - Lakeside,Apparel,Formal Shirt,4,1517.43,6069.72,Cash,False,False,False,False,2025,6,June,2025-06,Sunday,6,True,Pokhara,6069.72,0.0
TXN104817,2025-12-16,CUST1040,Puja Gurung,Butwal - Traffic Chowk,Electronics,Wall Clock,4,1864.49,7457.96,eSewa,False,False,False,False,2025,12,December,2025-12,Tuesday,1,False,Butwal,7457.96,0.0
TXN102892,2025-09-06,CUST1005,Milan Lama,Butwal - Traffic Chowk,Electronics,Extension Board,4,1662.64,6650.56,eSewa,False,False,False,False,2025,9,September,2025-09,Saturday,5,True,Butwal,6650.56,0.0
TXN100107,2025-12-03,CUST1069,Bijay Magar,Lalitpur - Pulchowk,Electronics,Bluetooth Earphones,3,2954.03,8862.09,eSewa,False,False,False,False,2025,12,December,2025-12,Wednesday,2,False,Lalitpur,8862.09,0.0
TXN101503,2025-12-02,CUST1052,Aashish Poudel,Lalitpur - Pulchowk,Apparel,Socks (3-pair pack),2,2429.42,4858.84,Khalti,False,False,False,False,2025,12,December,2025-12,Tuesday,1,False,Lalitpur,4858.84,0.0
TXN100452,2025-09-25,CUST1039,Sabina Thapa,Butwal - Traffic Chowk,Apparel,Formal Shirt,2,2767.96,5535.92,eSewa,False,False,False,False,2025,9,September,2025-09,Thursday,3,False,Butwal,5535.92,0.0
TXN105339,2025-04-22,CUST1131,Sabnam Maharjan,Kathmandu - New Road,Apparel,Socks (3-pair pack),3,1572.68,4718.04,Cash,False,False,False,False,2025,4,April,2025-04,Tuesday,1,False,Kathmandu,4718.04,0.0
TXN105812,2025-09-21,CUST1002,Kritika Bhattarai,Butwal - Traffic Chowk,Apparel,Formal Shirt,4,2135.2,8540.8,Debit/Credit Card,False,False,False,False,2025,9,September,2025-09,Sunday,6,True,Butwal,8540.8,0.0
TXN104100,2025-12-04,CUST1149,Sarita Poudel,Butwal - Traffic Chowk,Electronics,Bluetooth Earphones,4,3431.53,13726.12,Debit/Credit Card,False,False,False,False,2025,12,December,2025-12,Thursday,3,False,Butwal,13726.12,0.0
TXN102192,2025-02-20,CUST1012,Sabina Maharjan,Pokhara - Lakeside,Apparel,Socks (3-pair pack),4,1371.81,5487.24,Cash,False,False,False,False,2025,2,February,2025-02,Thursday,3,False,Pokhara,5487.24,0.0
TXN100988,2025-04-11,CUST1070,Alina Rai,Kathmandu - Kupondole,Electronics,Bluetooth Earphones,4,2790.09,11160.36,Debit/Credit Card,False,False,False,False,2025,4,April,2025-04,Friday,4,False,Kathmandu,11160.36,0.0
TXN100777,2025-10-25,CUST1048,Kritika Rai,Kathmandu - New Road,Electronics,Wall Clock,4,3257.01,13028.04,eSewa,False,False,False,False,2025,10,October,2025-10,Saturday,5,True,Kathmandu,13028.04,0.0
TXN104444,2025-08-16,CUST1028,Rita Maharjan,Bhaktapur - Suryabinayak,Electronics,Bluetooth Earphones,3,1780.89,5342.67,Cash,False,False,False,False,2025,8,August,2025-08,Saturday,5,True,Bhaktapur,5342.67,0.0
TXN105978,2025-04-15,CUST1056,Alina Shrestha,Kathmandu - New Road,Electronics,Bluetooth Earphones,2,3001.86,6003.72,Cash,False,False,False,False,2025,4,April,2025-04,Tuesday,1,False,Kathmandu,6003.72,0.0
TXN100830,2025-10-10,CUST1013,Kiran Shrestha,Biratnagar - Main Road,Apparel,Kids Frock,4,2419.72,9678.88,Cash,False,False,False,False,2025,10,October,2025-10,Friday,4,False,Biratnagar,9678.88,0.0
TXN102324,2025-05-14,CUST1005,Milan Lama,Butwal - Traffic Chowk,Electronics,Wall Clock,3,2515.66,7546.98,Cash,False,False,False,False,2025,5,May,2025-05,Wednesday,2,False,Butwal,7546.98,0.0
TXN101921,2025-08-21,CUST1025,Kiran Poudel,Kathmandu - Kupondole,Apparel,Kids Frock,4,2998.79,11995.16,eSewa,False,False,False,False,2025,8,August,2025-08,Thursday,3,False,Kathmandu,11995.16,0.0
TXN100635,2025-03-25,CUST1070,Alina Rai,Kathmandu - Kupondole,Electronics,USB Cable Type-C,4,2286.32,9145.28,eSewa,False,False,False,False,2025,3,March,2025-03,Tuesday,1,False,Kathmandu,9145.28,0.0
TXN102612,2025-06-26,CUST1100,Sujan Shrestha,Pokhara - Lakeside,Electronics,Bluetooth Earphones,3,2713.29,8139.87,Debit/Credit Card,False,False,False,False,2025,6,June,2025-06,Thursday,3,False,Pokhara,8139.87,0.0
TXN104623,2025-09-06,CUST1069,Bijay Magar,Lalitpur - Pulchowk,Apparel,Winter Jacket,4,2923.64,11694.56,eSewa,False,False,False,False,2025,9,September,2025-09,Saturday,5,True,Lalitpur,11694.56,0.0
TXN104891,2025-05-01,CUST1068,Sarita Adhikari,Pokhara - Lakeside,Apparel,Kids Frock,4,1561.29,6245.16,Cash,False,False,False,False,2025,5,May,2025-05,Thursday,3,False,Pokhara,6245.16,0.0
TXN102438,2025-02-28,CUST1127,Sunita Adhikari,Kathmandu - New Road,Apparel,Socks (3-pair pack),3,2021.2299999999998,6063.69,Khalti,False,False,True,False,2025,2,February,2025-02,Friday,4,False,Kathmandu,6063.69,0.0
TXN102284,2025-09-23,CUST1101,Sabnam Bhattarai,Lalitpur - Pulchowk,Apparel,Cotton T-Shirt,3,2772.27,8316.81,eSewa,False,False,False,False,2025,9,September,2025-09,Tuesday,1,False,Lalitpur,8316.81,0.0
TXN103809,2025-01-05,CUST1080,Sandip Basnet,Chitwan - Bharatpur,Apparel,Kids Frock,4,2864.57,11458.28,Unknown,False,False,False,True,2025,1,January,2025-01,Sunday,6,True,Chitwan,11458.28,0.0
TXN102239,2025-05-28,CUST1036,Sunita Maharjan,Kathmandu - Kupondole,Apparel,Socks (3-pair pack),4,1777.52,7110.08,eSewa,False,False,False,False,2025,5,May,2025-05,Wednesday,2,False,Kathmandu,7110.08,0.0
TXN102794,2025-01-10,CUST1136,Bikash Gurung,Lalitpur - Pulchowk,Apparel,Formal Shirt,4,2106.24,8424.96,Cash,False,False,False,False,2025,1,January,2025-01,Friday,4,False,Lalitpur,8424.96,0.0
TXN102616,2025-01-09,CUST1117,Prakash Shrestha,Pokhara - Lakeside,Apparel,Winter Jacket,3,2048.68,6146.04,Khalti,False,False,False,False,2025,1,January,2025-01,Thursday,3,False,Pokhara,6146.04,0.0
TXN105741,2025-08-14,CUST1041,Sushma Bhattarai,Lalitpur - Pulchowk,Apparel,Formal Shirt,4,2105.64,8422.56,Khalti,True,False,False,False,2025,8,August,2025-08,Thursday,3,False,Lalitpur,8422.56,0.0
TXN102888,2025-07-23,CUST1069,Bijay Magar,Lalitpur - Pulchowk,Electronics,Bluetooth Earphones,2,2969.6,5939.2,Khalti,False,False,False,False,2025,7,July,2025-07,Wednesday,2,False,Lalitpur,5939.2,0.0
TXN104685,2025-01-25,CUST1115,Rohit Maharjan,Chitwan - Bharatpur,Apparel,Cotton T-Shirt,3,2894.36,8683.08,Khalti,False,False,False,False,2025,1,January,2025-01,Saturday,5,True,Chitwan,8683.08,0.0
TXN102123,2025-09-26,CUST1021,Rajesh Khadka,Biratnagar - Main Road,Electronics,Wall Clock,3,1615.11,4845.33,Cash,False,False,False,False,2025,9,September,2025-09,Friday,4,False,Biratnagar,4845.33,0.0
TXN102573,2025-05-06,CUST1032,Deepak Khadka,Butwal - Traffic Chowk,Electronics,Wall Clock,3,2031.57,6094.71,Bank Transfer,True,False,False,False,2025,5,May,2025-05,Tuesday,1,False,Butwal,6094.71,0.0
TXN102020,2025-04-03,CUST1095,Neha Khadka,Pokhara - Lakeside,Household,Surf Excel 1kg,4,1188.03,4752.12,Cash,False,False,False,False,2025,4,April,2025-04,Thursday,3,False,Pokhara,4752.12,0.0
TXN102716,2025-05-02,CUST1096,Sabnam Magar,Pokhara - Lakeside,Apparel,Kids Frock,4,2066.93,8267.72,Debit/Credit Card,False,False,False,False,2025,5,May,2025-05,Friday,4,False,Pokhara,8267.72,0.0
TXN104482,2025-10-14,CUST1002,Kritika Bhattarai,Butwal - Traffic Chowk,Apparel,Kids Frock,2,2356.46,4712.92,Cash,False,False,False,False,2025,10,October,2025-10,Tuesday,1,False,Butwal,4712.92,0.0
TXN104151,2025-09-10,CUST1025,Kiran Poudel,Kathmandu - Kupondole,Apparel,Formal Shirt,3,2689.63,8068.89,eSewa,False,False,False,False,2025,9,September,2025-09,Wednesday,2,False,Kathmandu,8068.89,0.0
TXN104745,2025-07-01,CUST1057,Neha Karki,Kathmandu - New Road,Apparel,Winter Jacket,4,1704.36,6817.44,Cash,False,False,False,False,2025,7,July,2025-07,Tuesday,1,False,Kathmandu,6817.44,0.0
TXN103978,2025-05-29,CUST1025,Kiran Poudel,Kathmandu - Kupondole,Electronics,Power Bank 10000mAh,4,3453.06,13812.24,Cash,False,True,False,False,2025,5,May,2025-05,Thursday,3,False,Kathmandu,13812.24,0.0
TXN100437,2025-10-15,CUST1025,Kiran Poudel,Kathmandu - Kupondole,Electronics,Bluetooth Earphones,2,3013.4,6026.8,eSewa,False,False,False,False,2025,10,October,2025-10,Wednesday,2,False,Kathmandu,6026.8,0.0
TXN103420,2025-12-18,CUST1110,Sushma Karki,Kathmandu - New Road,Apparel,Winter Jacket,4,1254.87,5019.48,eSewa,False,False,False,False,2025,12,December,2025-12,Thursday,3,False,Kathmandu,5019.48,0.0
TXN104722,2025-10-05,CUST1020,Deepak Magar,Bhaktapur - Suryabinayak,Electronics,Extension Board,4,1701.76,6807.04,eSewa,False,False,False,False,2025,10,October,2025-10,Sunday,6,True,Bhaktapur,6807.04,0.0
TXN101775,2025-02-18,CUST1121,Sushma Adhikari,Pokhara - Lakeside,Electronics,Extension Board,3,2712.97,8138.91,eSewa,False,False,False,False,2025,2,February,2025-02,Tuesday,1,False,Pokhara,8138.91,0.0
TXN104673,2025-07-12,CUST1085,Sunita Magar,Bhaktapur - Suryabinayak,Apparel,Formal Shirt,4,1221.61,4886.44,Khalti,False,False,False,False,2025,7,July,2025-07,Saturday,5,True,Bhaktapur,4886.44,0.0
TXN105609,2025-11-17,CUST1038,Anita Magar,Bhaktapur - Suryabinayak,Apparel,Formal Shirt,3,2894.71,8684.13,Cash,False,False,False,False,2025,11,November,2025-11,Monday,0,False,Bhaktapur,8684.13,0.0
TXN104282,2025-12-06,CUST1025,Kiran Poudel,Butwal - Traffic Chowk,Apparel,Winter Jacket,4,2223.13,8892.52,Cash,False,False,False,False,2025,12,December,2025-12,Saturday,5,True,Butwal,8892.52,0.0
TXN102490,2025-03-25,CUST1140,Sabnam Poudel,Pokhara - Lakeside,Electronics,Extension Board,3,3440.41,10321.23,Khalti,False,False,False,False,2025,3,March,2025-03,Tuesday,1,False,Pokhara,10321.23,0.0
TXN100817,2025-10-18,CUST1100,Sujan Shrestha,Pokhara - Lakeside,Apparel,Kids Frock,4,1379.92,5519.68,eSewa,False,False,False,False,2025,10,October,2025-10,Saturday,5,True,Pokhara,5519.68,0.0
TXN102865,2025-07-14,CUST1013,Kiran Shrestha,Bhaktapur - Suryabinayak,Apparel,Formal Shirt,2,2683.08,5366.16,Khalti,False,False,False,False,2025,7,July,2025-07,Monday,0,False,Bhaktapur,5366.16,0.0
TXN105367,2025-09-09,CUST1059,Rajesh Shrestha,Kathmandu - Kupondole,Apparel,Cotton T-Shirt,4,1293.25,5173.0,Khalti,False,False,False,False,2025,9,September,2025-09,Tuesday,1,False,Kathmandu,5173.0,0.0
TXN101554,2025-01-31,CUST1041,Sushma Bhattarai,Lalitpur - Pulchowk,Electronics,Power Bank 10000mAh,2,2786.04,5572.08,Khalti,False,False,False,False,2025,1,January,2025-01,Friday,4,False,Lalitpur,5572.08,0.0
TXN105142,2025-03-16,CUST1068,Sarita Adhikari,Pokhara - Lakeside,Electronics,Power Bank 10000mAh,3,2540.31,7620.93,Bank Transfer,False,False,False,False,2025,3,March,2025-03,Sunday,6,True,Pokhara,7620.93,0.0
TXN105329,2025-11-24,CUST1002,Kritika Bhattarai,Butwal - Traffic Chowk,Electronics,USB Cable Type-C,2,3339.41,6678.82,Cash,False,False,False,False,2025,11,November,2025-11,Monday,0,False,Butwal,6678.82,0.0
TXN102399,2025-04-08,CUST1039,Sabina Thapa,Butwal - Traffic Chowk,Electronics,Extension Board,4,1436.11,5744.44,Bank Transfer,False,False,False,False,2025,4,April,2025-04,Tuesday,1,False,Butwal,5744.44,0.0
TXN105874,2025-03-20,CUST1020,Deepak Magar,Bhaktapur - Suryabinayak,Electronics,Wall Clock,4,2916.5,11666.0,eSewa,False,False,False,False,2025,3,March,2025-03,Thursday,3,False,Bhaktapur,11666.0,0.0
TXN101211,2025-04-25,CUST1104,Kritika Lama,Lalitpur - Pulchowk,Apparel,Kids Frock,4,2341.61,9366.44,eSewa,True,False,False,False,2025,4,April,2025-04,Friday,4,False,Lalitpur,9366.44,0.0
TXN105662,2025-03-26,CUST1130,Alina Rai,Bhaktapur - Suryabinayak,Electronics,Extension Board,3,1982.27,5946.81,eSewa,False,False,False,False,2025,3,March,2025-03,Wednesday,2,False,Bhaktapur,5946.81,0.0
TXN105106,2025-07-14,CUST1100,Sujan Shrestha,Pokhara - Lakeside,Electronics,Power Bank 10000mAh,2,2430.39,4860.78,Debit/Credit Card,False,False,False,False,2025,7,July,2025-07,Monday,0,False,Pokhara,4860.78,0.0
TXN100288,2025-04-03,CUST1107,Rajesh Basnet,Chitwan - Bharatpur,Electronics,Extension Board,4,3474.95,13899.8,eSewa,False,False,False,False,2025,4,April,2025-04,Thursday,3,False,Chitwan,13899.8,0.0
TXN105049,2025-09-24,CUST1142,Rohit Maharjan,Lalitpur - Pulchowk,Electronics,Wall Clock,4,2894.08,11576.32,eSewa,False,False,True,False,2025,9,September,2025-09,Wednesday,2,False,Lalitpur,11576.32,0.0
TXN105036,2025-10-26,CUST1057,Neha Karki,Kathmandu - New Road,Electronics,Extension Board,3,2295.24,6885.72,Debit/Credit Card,False,False,False,False,2025,10,October,2025-10,Sunday,6,True,Kathmandu,6885.72,0.0
TXN103479,2025-04-25,CUST1046,Sarita Karki,Lalitpur - Pulchowk,Apparel,Cotton T-Shirt,3,1873.05,5619.15,Khalti,True,False,False,False,2025,4,April,2025-04,Friday,4,False,Lalitpur,5619.15,0.0
TXN103970,2025-09-12,CUST1080,Sandip Basnet,Chitwan - Bharatpur,Electronics,Bluetooth Earphones,4,1703.15,6812.6,Debit/Credit Card,False,False,False,False,2025,9,September,2025-09,Friday,4,False,Chitwan,6812.6,0.0
TXN103825,2025-07-09,CUST1055,Rohit Poudel,Lalitpur - Pulchowk,Apparel,Kids Frock,4,2585.14,10340.56,eSewa,False,False,False,False,2025,7,July,2025-07,Wednesday,2,False,Lalitpur,10340.56,0.0
TXN104990,2025-09-08,CUST1106,Prakash Shrestha,Lalitpur - Pulchowk,Apparel,Winter Jacket,3,2911.67,8735.01,Cash,False,False,False,False,2025,9,September,2025-09,Monday,0,False,Lalitpur,8735.01,0.0
TXN103848,2025-11-05,CUST1019,Sarita Magar,Lalitpur - Pulchowk,Electronics,Extension Board,4,2085.69,8342.76,Cash,False,False,False,False,2025,11,November,2025-11,Wednesday,2,False,Lalitpur,8342.76,0.0
TXN105732,2025-09-04,CUST1019,Sarita Magar,Kathmandu - Kupondole,Apparel,Kids Frock,4,1292.17,5168.68,Cash,False,False,False,False,2025,9,September,2025-09,Thursday,3,False,Kathmandu,5168.68,0.0
TXN100472,2025-07-26,CUST1050,Manisha Rai,Kathmandu - Kupondole,Electronics,Power Bank 10000mAh,4,1323.29,5293.16,Khalti,False,False,False,False,2025,7,July,2025-07,Saturday,5,True,Kathmandu,5293.16,0.0
TXN103479,2025-04-25,CUST1046,Sarita Karki,Lalitpur - Pulchowk,Electronics,Extension Board,3,2474.29,7422.87,Khalti,False,False,True,False,2025,4,April,2025-04,Friday,4,False,Lalitpur,7422.87,0.0
TXN100300,2025-11-06,CUST1118,Alina Shrestha,Bhaktapur - Suryabinayak,Electronics,USB Cable Type-C,3,2320.45,6961.35,Unknown,False,False,False,True,2025,11,November,2025-11,Thursday,3,False,Bhaktapur,6961.35,0.0
TXN103305,2025-03-13,CUST1074,Bikash Rai,Kathmandu - Kupondole,Apparel,Cotton T-Shirt,3,1590.76,4772.28,Cash,False,False,False,False,2025,3,March,2025-03,Thursday,3,False,Kathmandu,4772.28,0.0
TXN102731,2025-10-12,CUST1046,Sarita Karki,Lalitpur - Pulchowk,Apparel,Winter Jacket,2,2544.32,5088.64,Cash,False,False,False,False,2025,10,October,2025-10,Sunday,6,True,Lalitpur,5088.64,0.0
TXN102434,2025-11-24,CUST1135,Sabina Bhattarai,Lalitpur - Pulchowk,Apparel,Kids Frock,2,2425.68,4851.36,eSewa,False,False,False,False,2025,11,November,2025-11,Monday,0,False,Lalitpur,4851.36,0.0
TXN100184,2025-07-10,CUST1110,Sushma Karki,Kathmandu - New Road,Apparel,Formal Shirt,4,1252.17,5008.68,Cash,False,False,False,False,2025,7,July,2025-07,Thursday,3,False,Kathmandu,5008.68,0.0
TXN105810,2025-10-01,CUST1020,Deepak Magar,Bhaktapur - Suryabinayak,Apparel,Kids Frock,3,2208.27,6624.81,Cash,False,False,False,False,2025,10,October,2025-10,Wednesday,2,False,Bhaktapur,6624.81,0.0
TXN101680,2025-09-23,CUST1102,Sandip Tamang,Chitwan - Bharatpur,Electronics,Wall Clock,4,2100.83,8403.32,eSewa,False,False,False,False,2025,9,September,2025-09,Tuesday,1,False,Chitwan,8403.32,0.0
TXN105081,2025-11-01,CUST1149,Sarita Poudel,Butwal - Traffic Chowk,Electronics,Bluetooth Earphones,4,2064.12,8256.48,Cash,False,False,False,False,2025,11,November,2025-11,Saturday,5,True,Butwal,8256.48,0.0
TXN102963,2025-01-08,CUST1028,Rita Maharjan,Butwal - Traffic Chowk,Apparel,Cotton T-Shirt,4,2521.91,10087.64,Bank Transfer,False,False,False,False,2025,1,January,2025-01,Wednesday,2,False,Butwal,10087.64,0.0
TXN100772,2025-09-13,CUST1093,Aashish Magar,Bhaktapur - Suryabinayak,Electronics,Bluetooth Earphones,2,3203.72,6407.44,Cash,False,False,False,False,2025,9,September,2025-09,Saturday,5,True,Bhaktapur,6407.44,0.0
TXN102226,2025-07-19,CUST1035,Rita Shrestha,Kathmandu - New Road,Electronics,Bluetooth Earphones,2,2444.72,4889.44,Debit/Credit Card,False,False,False,False,2025,7,July,2025-07,Saturday,5,True,Kathmandu,4889.44,0.0
TXN105575,2025-11-18,CUST1130,Alina Rai,Bhaktapur - Suryabinayak,Household,Steel Lunch Box,4,1180.66,4722.64,Cash,False,False,False,False,2025,11,November,2025-11,Tuesday,1,False,Bhaktapur,4722.64,0.0
TXN100722,2025-03-10,CUST1078,Bijay Magar,Kathmandu - Kupondole,Electronics,Extension Board,2,2431.84,4863.68,Cash,False,False,False,False,2025,3,March,2025-03,Monday,0,False,Kathmandu,4863.68,0.0
TXN102305,2025-06-07,CUST1108,Neha Karki,Bhaktapur - Suryabinayak,Electronics,Power Bank 10000mAh,3,2258.76,6776.28,Cash,False,False,False,False,2025,6,June,2025-06,Saturday,5,True,Bhaktapur,6776.28,0.0
TXN100986,2025-04-16,CUST1056,Alina Shrestha,Biratnagar - Main Road,Household,LED Bulb 9W,4,1191.22,4764.88,Cash,False,False,False,False,2025,4,April,2025-04,Wednesday,2,False,Biratnagar,4764.88,0.0
TXN101507,2025-04-27,CUST1004,Rajesh Adhikari,Kathmandu - Kupondole,Apparel,Cotton T-Shirt,4,2130.75,8523.0,eSewa,False,False,False,False,2025,4,April,2025-04,Sunday,6,True,Kathmandu,8523.0,0.0
TXN105391,2025-01-31,CUST1078,Bijay Magar,Kathmandu - Kupondole,Electronics,Power Bank 10000mAh,3,2618.23,7854.69,Debit/Credit Card,False,False,False,False,2025,1,January,2025-01,Friday,4,False,Kathmandu,7854.69,0.0
TXN100952,2025-06-16,CUST1061,Bikash Shrestha,Bhaktapur - Suryabinayak,Electronics,Power Bank 10000mAh,4,1949.26,7797.04,Bank Transfer,False,False,False,False,2025,6,June,2025-06,Monday,0,False,Bhaktapur,7797.04,0.0
TXN105911,2025-01-04,CUST1149,Sarita Poudel,Butwal - Traffic Chowk,Apparel,Socks (3-pair pack),2,2688.39,5376.78,eSewa,False,False,False,False,2025,1,January,2025-01,Saturday,5,True,Butwal,5376.78,0.0
TXN100102,2025-06-24,CUST1118,Alina Shrestha,Bhaktapur - Suryabinayak,Apparel,Kids Frock,4,2107.34,8429.36,eSewa,False,False,False,False,2025,6,June,2025-06,Tuesday,1,False,Bhaktapur,8429.36,0.0
TXN102349,2025-03-02,CUST1135,Sabina Bhattarai,Lalitpur - Pulchowk,Apparel,Kids Frock,3,1990.44,5971.32,eSewa,False,False,False,False,2025,3,March,2025-03,Sunday,6,True,Lalitpur,5971.32,0.0
TXN104858,2025-09-28,CUST1061,Bikash Shrestha,Bhaktapur - Suryabinayak,Apparel,Socks (3-pair pack),3,2026.63,6079.89,Cash,False,False,False,False,2025,9,September,2025-09,Sunday,6,True,Bhaktapur,6079.89,0.0
TXN104252,2025-05-26,CUST1066,Kritika Khadka,Chitwan - Bharatpur,Apparel,Socks (3-pair pack),3,1579.28,4737.84,Khalti,False,False,False,False,2025,5,May,2025-05,Monday,0,False,Chitwan,4737.84,0.0
TXN100128,2025-04-24,CUST1010,Anita Karki,Chitwan - Bharatpur,Apparel,Socks (3-pair pack),3,2093.57,6280.71,eSewa,False,False,False,False,2025,4,April,2025-04,Thursday,3,False,Chitwan,6280.71,0.0
TXN105322,2025-11-28,CUST1040,Puja Gurung,Chitwan - Bharatpur,Electronics,USB Cable Type-C,2,3482.84,6965.68,eSewa,False,False,False,False,2025,11,November,2025-11,Friday,4,False,Chitwan,6965.68,0.0
TXN102512,2025-09-20,CUST1102,Sandip Tamang,Butwal - Traffic Chowk,Electronics,Power Bank 10000mAh,3,2651.13,7953.39,Debit/Credit Card,False,False,False,False,2025,9,September,2025-09,Saturday,5,True,Butwal,7953.39,0.0
TXN105122,2025-04-09,CUST1002,Kritika Bhattarai,Butwal - Traffic Chowk,Electronics,Extension Board,4,2310.93,9243.72,Debit/Credit Card,False,False,False,False,2025,4,April,2025-04,Wednesday,2,False,Butwal,9243.72,0.0
TXN100666,2025-12-17,CUST1100,Sujan Shrestha,Pokhara - Lakeside,Electronics,Extension Board,4,3223.83,12895.32,Unknown,False,False,False,True,2025,12,December,2025-12,Wednesday,2,False,Pokhara,12895.32,0.0
TXN101688,2025-09-30,CUST1002,Kritika Bhattarai,Butwal - Traffic Chowk,Apparel,Winter Jacket,4,2939.03,11756.12,Khalti,True,False,False,False,2025,9,September,2025-09,Tuesday,1,False,Butwal,11756.12,0.0
TXN102384,2025-08-21,CUST1020,Deepak Magar,Lalitpur - Pulchowk,Electronics,Bluetooth Earphones,3,3357.75,10073.25,Cash,False,False,False,False,2025,8,August,2025-08,Thursday,3,False,Lalitpur,10073.25,0.0
TXN101487,2025-09-04,CUST1052,Aashish Poudel,Lalitpur - Pulchowk,Electronics,Wall Clock,2,2361.62,4723.24,eSewa,False,False,False,False,2025,9,September,2025-09,Thursday,3,False,Lalitpur,4723.24,0.0
TXN101914,2025-10-30,CUST1078,Bijay Magar,Kathmandu - Kupondole,Apparel,Cotton T-Shirt,2,2634.47,5268.94,Cash,False,False,False,False,2025,10,October,2025-10,Thursday,3,False,Kathmandu,5268.94,0.0
TXN103973,2025-09-04,CUST1016,Neha Poudel,Chitwan - Bharatpur,Apparel,Winter Jacket,4,1499.48,5997.92,Khalti,False,False,False,False,2025,9,September,2025-09,Thursday,3,False,Chitwan,5997.92,0.0
TXN104971,2025-05-18,CUST1057,Neha Karki,Kathmandu - New Road,Apparel,Formal Shirt,4,1655.48,6621.92,eSewa,False,False,False,False,2025,5,May,2025-05,Sunday,6,True,Kathmandu,6621.92,0.0
TXN100753,2025-11-14,CUST1012,Sabina Maharjan,Pokhara - Lakeside,Apparel,Kids Frock,4,1384.95,5539.8,Khalti,False,False,False,False,2025,11,November,2025-11,Friday,4,False,Pokhara,5539.8,0.0
TXN103850,2025-11-03,CUST1052,Aashish Poudel,Lalitpur - Pulchowk,Electronics,Power Bank 10000mAh,2,2994.42,5988.84,Debit/Credit Card,False,False,False,False,2025,11,November,2025-11,Monday,0,False,Lalitpur,5988.84,0.0
TXN103817,2025-12-26,CUST1020,Deepak Magar,Bhaktapur - Suryabinayak,Apparel,Kids Frock,4,2288.59,9154.36,eSewa,False,False,False,False,2025,12,December,2025-12,Friday,4,False,Bhaktapur,9154.36,0.0
TXN100180,2025-09-26,CUST1052,Aashish Poudel,Lalitpur - Pulchowk,Apparel,Socks (3-pair pack),4,1437.84,5751.36,Khalti,False,False,False,False,2025,9,September,2025-09,Friday,4,False,Lalitpur,5751.36,0.0
TXN101240,2025-10-29,CUST1012,Sabina Maharjan,Pokhara - Lakeside,Electronics,Wall Clock,4,3271.07,13084.28,Khalti,False,False,False,False,2025,10,October,2025-10,Wednesday,2,False,Pokhara,13084.28,0.0
TXN104297,2025-09-10,CUST1118,Alina Shrestha,Bhaktapur - Suryabinayak,Electronics,Extension Board,3,3197.11,9591.33,Cash,False,False,False,False,2025,9,September,2025-09,Wednesday,2,False,Bhaktapur,9591.33,0.0
TXN105950,2025-06-19,CUST1070,Alina Rai,Kathmandu - Kupondole,Electronics,Extension Board,4,2255.31,9021.24,Cash,False,False,False,False,2025,6,June,2025-06,Thursday,3,False,Kathmandu,9021.24,0.0
TXN103111,2025-09-24,CUST1016,Neha Poudel,Chitwan - Bharatpur,Electronics,Extension Board,2,2944.39,5888.78,Khalti,False,False,False,False,2025,9,September,2025-09,Wednesday,2,False,Chitwan,5888.78,0.0
TXN102488,2025-08-29,CUST1040,Puja Gurung,Butwal - Traffic Chowk,Electronics,Wall Clock,2,2851.17,5702.34,Khalti,False,False,False,False,2025,8,August,2025-08,Friday,4,False,Butwal,5702.34,0.0
TXN100898,2025-05-02,CUST1084,Sabnam Bhattarai,Biratnagar - Main Road,Electronics,USB Cable Type-C,3,2718.73,8156.19,eSewa,False,False,False,False,2025,5,May,2025-05,Friday,4,False,Biratnagar,8156.19,0.0
TXN102017,2025-01-26,CUST1149,Sarita Poudel,Butwal - Traffic Chowk,Apparel,Cotton T-Shirt,4,1642.44,6569.76,Cash,False,False,False,False,2025,1,January,2025-01,Sunday,6,True,Butwal,6569.76,0.0
TXN105492,2025-09-02,CUST1003,Kiran Adhikari,Kathmandu - Kupondole,Apparel,Winter Jacket,4,1641.54,6566.16,Unknown,False,False,False,True,2025,9,September,2025-09,Tuesday,1,False,Kathmandu,6566.16,0.0
TXN100302,2025-08-29,CUST1061,Bikash Shrestha,Biratnagar - Main Road,Apparel,Cotton T-Shirt,3,2758.96,8276.88,Debit/Credit Card,False,False,False,False,2025,8,August,2025-08,Friday,4,False,Biratnagar,8276.88,0.0
TXN105979,2025-02-05,CUST1097,Milan Basnet,Kathmandu - New Road,Electronics,Power Bank 10000mAh,4,3165.37,12661.48,Unknown,False,False,False,True,2025,2,February,2025-02,Wednesday,2,False,Kathmandu,12661.48,0.0
TXN101039,2025-01-24,CUST1015,Sushma Bhattarai,Kathmandu - Kupondole,Apparel,Cotton T-Shirt,4,2985.73,11942.92,Cash,False,False,False,False,2025,1,January,2025-01,Friday,4,False,Kathmandu,11942.92,0.0
TXN102748,2025-10-09,CUST1018,Puja Khadka,Bhaktapur - Suryabinayak,Electronics,Power Bank 10000mAh,4,3338.5,13354.0,eSewa,False,False,False,False,2025,10,October,2025-10,Thursday,3,False,Bhaktapur,13354.0,0.0
TXN105698,2025-11-21,CUST1069,Bijay Magar,Lalitpur - Pulchowk,Electronics,USB Cable Type-C,4,3382.5,13530.0,Khalti,True,False,False,False,2025,11,November,2025-11,Friday,4,False,Lalitpur,13530.0,0.0
TXN102179,2025-06-11,CUST1121,Sushma Adhikari,Pokhara - Lakeside,Apparel,Socks (3-pair pack),2,2453.3,4906.6,Khalti,False,False,False,False,2025,6,June,2025-06,Wednesday,2,False,Pokhara,4906.6,0.0
TXN101372,2025-02-28,CUST1039,Sabina Thapa,Bhaktapur - Suryabinayak,Electronics,USB Cable Type-C,2,3194.23,6388.46,Debit/Credit Card,False,True,False,False,2025,2,February,2025-02,Friday,4,False,Bhaktapur,6388.46,0.0
TXN103242,2025-08-30,CUST1012,Sabina Maharjan,Pokhara - Lakeside,Apparel,Cotton T-Shirt,2,2466.96,4933.92,Khalti,False,False,False,False,2025,8,August,2025-08,Saturday,5,True,Pokhara,4933.92,0.0
TXN100040,2025-02-18,CUST1025,Kiran Poudel,Kathmandu - Kupondole,Electronics,Extension Board,3,2853.33,8559.99,Cash,False,False,False,False,2025,2,February,2025-02,Tuesday,1,False,Kathmandu,8559.99,0.0
TXN100540,2025-09-28,CUST1055,Rohit Poudel,Lalitpur - Pulchowk,Electronics,Extension Board,3,1947.4,5842.2,Debit/Credit Card,False,False,False,False,2025,9,September,2025-09,Sunday,6,True,Lalitpur,5842.2,0.0
TXN101167,2025-01-18,CUST1135,Sabina Bhattarai,Lalitpur - Pulchowk,Electronics,Power Bank 10000mAh,2,2356.51,4713.02,Khalti,False,False,False,False,2025,1,January,2025-01,Saturday,5,True,Lalitpur,4713.02,0.0
TXN102061,2025-05-01,CUST1032,Deepak Khadka,Butwal - Traffic Chowk,Apparel,Winter Jacket,4,1647.14,6588.56,eSewa,False,False,False,False,2025,5,May,2025-05,Thursday,3,False,Butwal,6588.56,0.0
TXN102712,2025-03-28,CUST1025,Kiran Poudel,Kathmandu - Kupondole,Apparel,Kids Frock,2,2553.63,5107.26,Debit/Credit Card,False,False,False,False,2025,3,March,2025-03,Friday,4,False,Kathmandu,5107.26,0.0
TXN104360,2025-10-07,CUST1008,Alina Tamang,Bhaktapur - Suryabinayak,Electronics,Bluetooth Earphones,4,1526.82,6107.28,eSewa,False,False,False,False,2025,10,October,2025-10,Tuesday,1,False,Bhaktapur,6107.28,0.0
TXN100483,2025-10-02,CUST1028,Rita Maharjan,Butwal - Traffic Chowk,Apparel,Kids Frock,3,1902.82,5708.46,Cash,False,True,False,False,2025,10,October,2025-10,Thursday,3,False,Butwal,5708.46,0.0
TXN102258,2025-05-10,CUST1010,Anita Karki,Bhaktapur - Suryabinayak,Apparel,Kids Frock,4,2397.0,9588.0,Khalti,False,False,False,False,2025,5,May,2025-05,Saturday,5,True,Bhaktapur,9588.0,0.0
TXN101368,2025-12-08,CUST1052,Aashish Poudel,Lalitpur - Pulchowk,Electronics,USB Cable Type-C,3,3223.81,9671.43,Khalti,False,False,False,False,2025,12,December,2025-12,Monday,0,False,Lalitpur,9671.43,0.0
TXN100561,2025-06-02,CUST1010,Anita Karki,Chitwan - Bharatpur,Electronics,Wall Clock,4,3481.98,13927.92,eSewa,False,False,False,False,2025,6,June,2025-06,Monday,0,False,Chitwan,13927.92,0.0
TXN104490,2025-07-25,CUST1107,Rajesh Basnet,Butwal - Traffic Chowk,Electronics,Bluetooth Earphones,3,2115.87,6347.61,eSewa,False,False,False,False,2025,7,July,2025-07,Friday,4,False,Butwal,6347.61,0.0
TXN102602,2025-04-27,CUST1118,Alina Shrestha,Bhaktapur - Suryabinayak,Electronics,Extension Board,3,1928.48,5785.44,Debit/Credit Card,False,False,False,False,2025,4,April,2025-04,Sunday,6,True,Bhaktapur,5785.44,0.0
TXN105963,2025-01-14,CUST1005,Milan Lama,Butwal - Traffic Chowk,Apparel,Socks (3-pair pack),4,2768.7,11074.8,eSewa,False,False,False,False,2025,1,January,2025-01,Tuesday,1,False,Butwal,11074.8,0.0
TXN104648,2025-11-25,CUST1100,Sujan Shrestha,Pokhara - Lakeside,Apparel,Kids Frock,3,2386.0,7158.0,Cash,False,False,False,False,2025,11,November,2025-11,Tuesday,1,False,Pokhara,7158.0,0.0
TXN104550,2025-04-25,CUST1063,Rohit Basnet,Pokhara - Lakeside,Apparel,Winter Jacket,3,2655.56,7966.68,Khalti,False,False,False,False,2025,4,April,2025-04,Friday,4,False,Pokhara,7966.68,0.0
TXN100905,2025-09-22,CUST1024,Rajesh Adhikari,Lalitpur - Pulchowk,Electronics,Bluetooth Earphones,4,2719.59,10878.36,Cash,False,False,True,False,2025,9,September,2025-09,Monday,0,False,Lalitpur,10878.36,0.0
TXN104182,2025-02-18,CUST1089,Sunita Bhattarai,Pokhara - Lakeside,Electronics,USB Cable Type-C,4,2713.95,10855.8,eSewa,False,False,False,False,2025,2,February,2025-02,Tuesday,1,False,Pokhara,10855.8,0.0
TXN101604,2025-04-09,CUST1139,Sabnam Adhikari,Bhaktapur - Suryabinayak,Electronics,Extension Board,4,1629.81,6519.24,Khalti,False,False,False,False,2025,4,April,2025-04,Wednesday,2,False,Bhaktapur,6519.24,0.0
TXN102568,2025-09-30,CUST1019,Sarita Magar,Kathmandu - Kupondole,Apparel,Winter Jacket,2,2839.43,5678.86,Khalti,False,False,False,False,2025,9,September,2025-09,Tuesday,1,False,Kathmandu,5678.86,0.0
TXN100314,2025-02-15,CUST1039,Sabina Thapa,Butwal - Traffic Chowk,Apparel,Winter Jacket,4,1471.71,5886.84,Khalti,False,False,False,False,2025,2,February,2025-02,Saturday,5,True,Butwal,5886.84,0.0
TXN102533,2025-10-11,CUST1010,Anita Karki,Chitwan - Bharatpur,Electronics,Wall Clock,4,1386.39,5545.56,Cash,False,False,False,False,2025,10,October,2025-10,Saturday,5,True,Chitwan,5545.56,0.0
TXN101202,2025-12-26,CUST1135,Sabina Bhattarai,Lalitpur - Pulchowk,Electronics,Power Bank 10000mAh,4,1842.73,7370.92,Cash,False,False,False,False,2025,12,December,2025-12,Friday,4,False,Lalitpur,7370.92,0.0
TXN102926,2025-12-05,CUST1032,Deepak Khadka,Butwal - Traffic Chowk,Apparel,Kids Frock,4,2301.36,9205.44,Khalti,False,False,False,False,2025,12,December,2025-12,Friday,4,False,Butwal,9205.44,0.0
TXN105115,2025-12-11,CUST1002,Kritika Bhattarai,Butwal - Traffic Chowk,Apparel,Winter Jacket,3,1744.42,5233.26,Khalti,False,False,False,False,2025,12,December,2025-12,Thursday,3,False,Butwal,5233.26,0.0
TXN100811,2025-07-26,CUST1037,Kritika Gurung,Kathmandu - New Road,Electronics,Wall Clock,3,2794.9,8384.7,Bank Transfer,False,False,False,False,2025,7,July,2025-07,Saturday,5,True,Kathmandu,8384.7,0.0
TXN102670,2025-03-21,CUST1128,Milan Karki,Chitwan - Bharatpur,Electronics,USB Cable Type-C,3,2319.54,6958.62,eSewa,False,False,False,False,2025,3,March,2025-03,Friday,4,False,Chitwan,6958.62,0.0
TXN105978,2025-04-15,CUST1056,Alina Shrestha,Kathmandu - New Road,Apparel,Formal Shirt,2,2425.03,4850.06,eSewa,False,False,False,False,2025,4,April,2025-04,Tuesday,1,False,Kathmandu,4850.06,0.0
TXN101955,2025-12-09,CUST1149,Sarita Poudel,Butwal - Traffic Chowk,Apparel,Winter Jacket,2,2739.17,5478.34,eSewa,False,False,False,False,2025,12,December,2025-12,Tuesday,1,False,Butwal,5478.34,0.0
TXN101177,2025-08-21,CUST1012,Sabina Maharjan,Pokhara - Lakeside,Apparel,Winter Jacket,4,2560.14,10240.56,Cash,True,False,False,False,2025,8,August,2025-08,Thursday,3,False,Pokhara,10240.56,0.0
TXN103231,2025-04-03,CUST1034,Kritika Tamang,Butwal - Traffic Chowk,Apparel,Winter Jacket,3,2922.9,8768.7,eSewa,False,False,False,False,2025,4,April,2025-04,Thursday,3,False,Butwal,8768.7,0.0
TXN102688,2025-01-12,CUST1059,Rajesh Shrestha,Kathmandu - Kupondole,Electronics,USB Cable Type-C,4,2990.1,11960.4,Khalti,False,False,False,False,2025,1,January,2025-01,Sunday,6,True,Kathmandu,11960.4,0.0
TXN101498,2025-05-22,CUST1004,Rajesh Adhikari,Kathmandu - Kupondole,Apparel,Formal Shirt,3,2621.49,7864.47,Cash,False,False,False,False,2025,5,May,2025-05,Thursday,3,False,Kathmandu,7864.47,0.0
TXN104466,2025-01-16,CUST1102,Sandip Tamang,Kathmandu - New Road,Electronics,Power Bank 10000mAh,4,1709.38,6837.52,Khalti,False,False,False,False,2025,1,January,2025-01,Thursday,3,False,Kathmandu,6837.52,0.0
TXN103125,2025-06-04,CUST1118,Alina Shrestha,Bhaktapur - Suryabinayak,Apparel,Winter Jacket,4,2285.38,9141.52,Bank Transfer,False,False,False,False,2025,6,June,2025-06,Wednesday,2,False,Bhaktapur,9141.52,0.0
TXN101975,2025-05-04,CUST1119,Nabin Maharjan,Kathmandu - New Road,Electronics,USB Cable Type-C,3,2558.2,7674.6,eSewa,False,False,False,False,2025,5,May,2025-05,Sunday,6,True,Kathmandu,7674.6,0.0
TXN102104,2025-09-06,CUST1046,Sarita Karki,Lalitpur - Pulchowk,Electronics,USB Cable Type-C,3,3445.67,10337.01,eSewa,False,False,False,False,2025,9,September,2025-09,Saturday,5,True,Lalitpur,10337.01,0.0
TXN103626,2025-09-20,CUST1052,Aashish Poudel,Lalitpur - Pulchowk,Apparel,Kids Frock,4,1605.93,6423.72,eSewa,False,False,False,False,2025,9,September,2025-09,Saturday,5,True,Lalitpur,6423.72,0.0
TXN104790,2025-03-02,CUST1039,Sabina Thapa,Butwal - Traffic Chowk,Apparel,Cotton T-Shirt,2,2740.23,5480.46,Cash,False,False,False,False,2025,3,March,2025-03,Sunday,6,True,Butwal,5480.46,0.0
TXN104030,2025-07-09,CUST1069,Bijay Magar,Lalitpur - Pulchowk,Electronics,Extension Board,4,3270.19,13080.76,Debit/Credit Card,False,False,True,False,2025,7,July,2025-07,Wednesday,2,False,Lalitpur,13080.76,0.0
TXN103763,2025-10-31,CUST1010,Anita Karki,Chitwan - Bharatpur,Electronics,Power Bank 10000mAh,4,2428.11,9712.44,eSewa,False,False,False,False,2025,10,October,2025-10,Friday,4,False,Chitwan,9712.44,0.0
TXN103208,2025-08-28,CUST1035,Rita Shrestha,Biratnagar - Main Road,Electronics,Power Bank 10000mAh,4,3150.8,12603.2,Cash,False,False,False,False,2025,8,August,2025-08,Thursday,3,False,Biratnagar,12603.2,0.0
TXN103053,2025-09-11,CUST1054,Sujan Poudel,Bhaktapur - Suryabinayak,Electronics,Extension Board,4,3211.7,12846.8,eSewa,False,False,False,False,2025,9,September,2025-09,Thursday,3,False,Bhaktapur,12846.8,0.0
TXN101942,2025-11-27,CUST1020,Deepak Magar,Bhaktapur - Suryabinayak,Apparel,Kids Frock,4,2366.12,9464.48,Cash,False,False,False,False,2025,11,November,2025-11,Thursday,3,False,Bhaktapur,9464.48,0.0
TXN104447,2025-11-10,CUST1061,Bikash Shrestha,Bhaktapur - Suryabinayak,Electronics,Power Bank 10000mAh,4,3270.14,13080.56,Cash,False,False,False,False,2025,11,November,2025-11,Monday,0,False,Bhaktapur,13080.56,0.0
TXN101807,2025-07-29,CUST1149,Sarita Poudel,Butwal - Traffic Chowk,Apparel,Kids Frock,3,2114.88,6344.64,Cash,False,False,False,False,2025,7,July,2025-07,Tuesday,1,False,Butwal,6344.64,0.0
TXN105785,2025-01-14,CUST1070,Alina Rai,Kathmandu - Kupondole,Apparel,Formal Shirt,3,2214.48,6643.44,eSewa,False,False,False,False,2025,1,January,2025-01,Tuesday,1,False,Kathmandu,6643.44,0.0
TXN105970,2025-04-02,CUST1135,Sabina Bhattarai,Pokhara - Lakeside,Electronics,Extension Board,3,2350.78,7052.34,Debit/Credit Card,False,False,False,False,2025,4,April,2025-04,Wednesday,2,False,Pokhara,7052.34,0.0
TXN102233,2025-04-20,CUST1131,Sabnam Maharjan,Kathmandu - New Road,Electronics,Bluetooth Earphones,3,1965.86,5897.58,eSewa,False,False,False,False,2025,4,April,2025-04,Sunday,6,True,Kathmandu,5897.58,0.0
TXN104224,2025-02-15,CUST1013,Kiran Shrestha,Biratnagar - Main Road,Apparel,Winter Jacket,3,2819.55,8458.65,Khalti,False,False,False,False,2025,2,February,2025-02,Saturday,5,True,Biratnagar,8458.65,0.0
TXN104885,2025-10-09,CUST1052,Aashish Poudel,Lalitpur - Pulchowk,Electronics,USB Cable Type-C,4,2860.93,11443.72,eSewa,False,False,False,False,2025,10,October,2025-10,Thursday,3,False,Lalitpur,11443.72,0.0
TXN103327,2025-07-25,CUST1013,Kiran Shrestha,Biratnagar - Main Road,Apparel,Formal Shirt,4,2154.49,8617.96,eSewa,False,False,False,False,2025,7,July,2025-07,Friday,4,False,Biratnagar,8617.96,0.0
TXN102244,2025-04-10,CUST1070,Alina Rai,Kathmandu - Kupondole,Electronics,USB Cable Type-C,4,1282.52,5130.08,eSewa,False,False,False,False,2025,4,April,2025-04,Thursday,3,False,Kathmandu,5130.08,0.0
TXN102529,2025-08-13,CUST1106,Prakash Shrestha,Lalitpur - Pulchowk,Electronics,Bluetooth Earphones,3,3429.77,10289.31,Khalti,False,False,False,False,2025,8,August,2025-08,Wednesday,2,False,Lalitpur,10289.31,0.0
TXN100134,2025-09-13,CUST1025,Kiran Poudel,Kathmandu - New Road,Electronics,Power Bank 10000mAh,3,3009.7099999999996,9029.13,eSewa,False,False,True,False,2025,9,September,2025-09,Saturday,5,True,Kathmandu,9029.13,0.0
TXN100397,2025-11-18,CUST1123,Sujan Tamang,Kathmandu - Kupondole,Apparel,Kids Frock,2,2457.95,4915.9,Cash,False,False,False,False,2025,11,November,2025-11,Tuesday,1,False,Kathmandu,4915.9,0.0
TXN104969,2025-03-27,CUST1019,Sarita Magar,Kathmandu - Kupondole,Apparel,Kids Frock,2,2509.44,5018.88,Khalti,True,False,False,False,2025,3,March,2025-03,Thursday,3,False,Kathmandu,5018.88,0.0
TXN100394,2025-10-06,CUST1147,Rohit Khadka,Chitwan - Bharatpur,Apparel,Formal Shirt,4,2677.27,10709.08,eSewa,False,False,False,False,2025,10,October,2025-10,Monday,0,False,Chitwan,10709.08,0.0
TXN102932,2025-10-25,CUST1067,Anita Shrestha,Kathmandu - Kupondole,Electronics,Bluetooth Earphones,3,3160.28,9480.84,eSewa,False,False,False,False,2025,10,October,2025-10,Saturday,5,True,Kathmandu,9480.84,0.0
TXN102581,2025-12-13,CUST1019,Sarita Magar,Kathmandu - Kupondole,Apparel,Cotton T-Shirt,3,2490.16,7470.48,Khalti,False,False,False,False,2025,12,December,2025-12,Saturday,5,True,Kathmandu,7470.48,0.0
TXN103439,2025-09-27,CUST1110,Sushma Karki,Kathmandu - New Road,Apparel,Kids Frock,4,1800.51,7202.04,Debit/Credit Card,False,False,False,False,2025,9,September,2025-09,Saturday,5,True,Kathmandu,7202.04,0.0
TXN102119,2025-06-09,CUST1067,Anita Shrestha,Kathmandu - Kupondole,Apparel,Winter Jacket,3,1808.02,5424.06,eSewa,False,False,False,False,2025,6,June,2025-06,Monday,0,False,Kathmandu,5424.06,0.0
TXN101442,2025-12-07,CUST1080,Sandip Basnet,Chitwan - Bharatpur,Apparel,Winter Jacket,3,2758.3,8274.9,eSewa,False,False,False,False,2025,12,December,2025-12,Sunday,6,True,Chitwan,8274.9,0.0
TXN105765,2025-10-05,CUST1119,Nabin Maharjan,Kathmandu - New Road,Apparel,Winter Jacket,4,1709.54,6838.16,eSewa,False,False,False,False,2025,10,October,2025-10,Sunday,6,True,Kathmandu,6838.16,0.0
TXN101934,2025-09-29,CUST1038,Anita Magar,Lalitpur - Pulchowk,Apparel,Winter Jacket,2,2437.85,4875.7,eSewa,False,False,False,False,2025,9,September,2025-09,Monday,0,False,Lalitpur,4875.7,0.0
TXN105760,2025-09-08,CUST1015,Sushma Bhattarai,Kathmandu - Kupondole,Apparel,Kids Frock,3,2172.53,6517.59,Cash,False,False,False,False,2025,9,September,2025-09,Monday,0,False,Kathmandu,6517.59,0.0
TXN101805,2025-09-12,CUST1019,Sarita Magar,Kathmandu - Kupondole,Apparel,Cotton T-Shirt,4,2599.77,10399.08,Cash,False,False,False,False,2025,9,September,2025-09,Friday,4,False,Kathmandu,10399.08,0.0
TXN100076,2025-11-14,CUST1041,Sushma Bhattarai,Lalitpur - Pulchowk,Apparel,Kids Frock,3,1931.81,5795.43,Debit/Credit Card,False,False,False,False,2025,11,November,2025-11,Friday,4,False,Lalitpur,5795.43,0.0
TXN102026,2025-03-03,CUST1088,Deepak Lama,Kathmandu - Kupondole,Electronics,Bluetooth Earphones,4,1735.85,6943.4,Cash,False,False,False,False,2025,3,March,2025-03,Monday,0,False,Kathmandu,6943.4,0.0
TXN100981,2025-10-30,CUST1010,Anita Karki,Biratnagar - Main Road,Apparel,Socks (3-pair pack),3,2445.74,7337.22,eSewa,False,False,False,False,2025,10,October,2025-10,Thursday,3,False,Biratnagar,7337.22,0.0
TXN104502,2025-06-21,CUST1019,Sarita Magar,Kathmandu - Kupondole,Apparel,Cotton T-Shirt,4,2523.93,10095.72,Bank Transfer,False,False,False,False,2025,6,June,2025-06,Saturday,5,True,Kathmandu,10095.72,0.0
TXN104780,2025-10-14,CUST1142,Rohit Maharjan,Lalitpur - Pulchowk,Electronics,USB Cable Type-C,3,2827.91,8483.73,eSewa,False,False,False,False,2025,10,October,2025-10,Tuesday,1,False,Lalitpur,8483.73,0.0
TXN104373,2025-04-04,CUST1070,Alina Rai,Kathmandu - Kupondole,Electronics,USB Cable Type-C,2,2895.49,5790.98,Khalti,False,False,False,False,2025,4,April,2025-04,Friday,4,False,Kathmandu,5790.98,0.0
TXN102566,2025-12-09,CUST1048,Kritika Rai,Kathmandu - New Road,Electronics,Extension Board,4,2264.85,9059.4,eSewa,False,False,False,False,2025,12,December,2025-12,Tuesday,1,False,Kathmandu,9059.4,0.0
TXN101474,2025-06-08,CUST1069,Bijay Magar,Lalitpur - Pulchowk,Electronics,Bluetooth Earphones,4,2738.66,10954.64,Bank Transfer,False,False,False,False,2025,6,June,2025-06,Sunday,6,True,Lalitpur,10954.64,0.0
TXN105082,2025-06-05,CUST1130,Alina Rai,Bhaktapur - Suryabinayak,Apparel,Formal Shirt,4,2329.22,9316.88,Cash,False,False,False,False,2025,6,June,2025-06,Thursday,3,False,Bhaktapur,9316.88,0.0
TXN104395,2025-10-20,CUST1127,Sunita Adhikari,Kathmandu - New Road,Apparel,Formal Shirt,4,1572.32,6289.28,eSewa,False,False,False,False,2025,10,October,2025-10,Monday,0,False,Kathmandu,6289.28,0.0
TXN100683,2025-08-31,CUST1080,Sandip Basnet,Chitwan - Bharatpur,Electronics,Bluetooth Earphones,4,2148.35,8593.4,Khalti,False,False,False,False,2025,8,August,2025-08,Sunday,6,True,Chitwan,8593.4,0.0
TXN104198,2025-09-06,CUST1002,Kritika Bhattarai,Butwal - Traffic Chowk,Apparel,Formal Shirt,3,2828.65,8485.95,Debit/Credit Card,False,False,False,False,2025,9,September,2025-09,Saturday,5,True,Butwal,8485.95,0.0
TXN101149,2025-11-20,CUST1002,Kritika Bhattarai,Butwal - Traffic Chowk,Apparel,Formal Shirt,2,2374.62,4749.24,eSewa,False,False,False,False,2025,11,November,2025-11,Thursday,3,False,Butwal,4749.24,0.0
TXN103759,2025-06-21,CUST1058,Alina Lama,Butwal - Traffic Chowk,Electronics,USB Cable Type-C,2,2350.61,4701.22,Cash,False,False,False,False,2025,6,June,2025-06,Saturday,5,True,Butwal,4701.22,0.0
TXN102627,2025-10-27,CUST1014,Neha Basnet,Kathmandu - Kupondole,Apparel,Kids Frock,3,1797.23,5391.69,eSewa,False,False,False,False,2025,10,October,2025-10,Monday,0,False,Kathmandu,5391.69,0.0
TXN105003,2025-01-22,CUST1068,Sarita Adhikari,Pokhara - Lakeside,Apparel,Kids Frock,2,2560.2,5120.4,Khalti,False,False,False,False,2025,1,January,2025-01,Wednesday,2,False,Pokhara,5120.4,0.0
TXN105896,2025-09-23,CUST1015,Sushma Bhattarai,Chitwan - Bharatpur,Electronics,Bluetooth Earphones,4,1492.31,5969.24,Cash,False,False,False,False,2025,9,September,2025-09,Tuesday,1,False,Chitwan,5969.24,0.0
TXN101721,2025-08-12,CUST1012,Sabina Maharjan,Pokhara - Lakeside,Electronics,USB Cable Type-C,2,3197.43,6394.86,eSewa,False,False,False,False,2025,8,August,2025-08,Tuesday,1,False,Pokhara,6394.86,0.0
TXN105552,2025-10-07,CUST1014,Neha Basnet,Kathmandu - Kupondole,Electronics,Extension Board,3,3397.37,10192.11,Khalti,False,False,False,False,2025,10,October,2025-10,Tuesday,1,False,Kathmandu,10192.11,0.0
TXN101796,2025-01-17,CUST1061,Bikash Shrestha,Chitwan - Bharatpur,Apparel,Kids Frock,4,2532.03,10128.12,Khalti,False,False,False,False,2025,1,January,2025-01,Friday,4,False,Chitwan,10128.12,0.0
TXN104898,2025-04-20,CUST1055,Rohit Poudel,Lalitpur - Pulchowk,Electronics,Power Bank 10000mAh,3,2641.26,7923.78,Khalti,False,False,False,False,2025,4,April,2025-04,Sunday,6,True,Lalitpur,7923.78,0.0
TXN100761,2025-08-28,CUST1109,Deepak Lama,Kathmandu - Kupondole,Apparel,Kids Frock,4,2500.45,10001.8,Debit/Credit Card,False,False,False,False,2025,8,August,2025-08,Thursday,3,False,Kathmandu,10001.8,0.0
TXN100119,2025-07-23,CUST1015,Sushma Bhattarai,Kathmandu - Kupondole,Electronics,Wall Clock,3,1565.34,4696.02,Cash,False,False,False,False,2025,7,July,2025-07,Wednesday,2,False,Kathmandu,4696.02,0.0
TXN102494,2025-05-21,CUST1135,Sabina Bhattarai,Lalitpur - Pulchowk,Electronics,Wall Clock,2,3021.22,6042.44,eSewa,False,False,False,False,2025,5,May,2025-05,Wednesday,2,False,Lalitpur,6042.44,0.0
TXN103202,2025-01-07,CUST1135,Sabina Bhattarai,Lalitpur - Pulchowk,Apparel,Winter Jacket,4,1201.02,4804.08,eSewa,False,False,False,False,2025,1,January,2025-01,Tuesday,1,False,Lalitpur,4804.08,0.0
TXN103455,2025-11-13,CUST1110,Sushma Karki,Kathmandu - New Road,Electronics,Bluetooth Earphones,2,2528.57,5057.14,Cash,False,False,False,False,2025,11,November,2025-11,Thursday,3,False,Kathmandu,5057.14,0.0
TXN102757,2025-04-14,CUST1132,Sabina Thapa,Kathmandu - New Road,Electronics,Bluetooth Earphones,2,2461.1,4922.2,Khalti,False,False,False,False,2025,4,April,2025-04,Monday,0,False,Kathmandu,4922.2,0.0
TXN105609,2025-11-17,CUST1038,Anita Magar,Bhaktapur - Suryabinayak,Apparel,Winter Jacket,3,2145.83,6437.49,Debit/Credit Card,False,False,False,False,2025,11,November,2025-11,Monday,0,False,Bhaktapur,6437.49,0.0
TXN101398,2025-10-01,CUST1002,Kritika Bhattarai,Kathmandu - Kupondole,Electronics,Extension Board,2,3087.42,6174.84,Cash,False,False,False,False,2025,10,October,2025-10,Wednesday,2,False,Kathmandu,6174.84,0.0
TXN103310,2025-09-19,CUST1023,Bikash Rai,Kathmandu - Kupondole,Apparel,Kids Frock,4,2105.3,8421.2,Unknown,False,False,False,True,2025,9,September,2025-09,Friday,4,False,Kathmandu,8421.2,0.0
TXN100553,2025-10-21,CUST1007,Sunita Karki,Biratnagar - Main Road,Apparel,Winter Jacket,2,2759.44,5518.88,Cash,True,False,False,False,2025,10,October,2025-10,Tuesday,1,False,Biratnagar,5518.88,0.0
TXN104869,2025-12-13,CUST1123,Sujan Tamang,Kathmandu - New Road,Apparel,Socks (3-pair pack),4,2004.14,8016.56,Cash,False,False,False,False,2025,12,December,2025-12,Saturday,5,True,Kathmandu,8016.56,0.0
TXN105397,2025-09-15,CUST1020,Deepak Magar,Bhaktapur - Suryabinayak,Apparel,Kids Frock,4,1837.15,7348.6,Debit/Credit Card,False,False,False,False,2025,9,September,2025-09,Monday,0,False,Bhaktapur,7348.6,0.0
TXN101989,2025-10-27,CUST1059,Rajesh Shrestha,Kathmandu - Kupondole,Apparel,Kids Frock,3,1952.05,5856.15,Khalti,False,False,False,False,2025,10,October,2025-10,Monday,0,False,Kathmandu,5856.15,0.0
TXN101089,2025-08-07,CUST1042,Manisha Basnet,Bhaktapur - Suryabinayak,Apparel,Socks (3-pair pack),3,2253.16,6759.48,Unknown,False,False,False,True,2025,8,August,2025-08,Thursday,3,False,Bhaktapur,6759.48,0.0
TXN101253,2025-09-15,CUST1003,Kiran Adhikari,Kathmandu - Kupondole,Electronics,USB Cable Type-C,3,2898.81,8696.43,eSewa,False,False,False,False,2025,9,September,2025-09,Monday,0,False,Kathmandu,8696.43,0.0
TXN104212,2025-08-28,CUST1040,Puja Gurung,Butwal - Traffic Chowk,Apparel,Formal Shirt,4,1268.48,5073.92,eSewa,False,False,False,False,2025,8,August,2025-08,Thursday,3,False,Butwal,5073.92,0.0
TXN105618,2025-10-15,CUST1108,Neha Karki,Bhaktapur - Suryabinayak,Apparel,Cotton T-Shirt,3,2053.68,6161.04,eSewa,False,False,False,False,2025,10,October,2025-10,Wednesday,2,False,Bhaktapur,6161.04,0.0
TXN105523,2025-12-08,CUST1024,Rajesh Adhikari,Biratnagar - Main Road,Apparel,Winter Jacket,2,2993.08,5986.16,Debit/Credit Card,False,False,False,False,2025,12,December,2025-12,Monday,0,False,Biratnagar,5986.16,0.0
TXN101021,2025-10-20,CUST1004,Rajesh Adhikari,Kathmandu - Kupondole,Apparel,Cotton T-Shirt,2,2949.52,5899.04,Bank Transfer,False,False,False,False,2025,10,October,2025-10,Monday,0,False,Kathmandu,5899.04,0.0
TXN104521,2025-09-02,CUST1115,Rohit Maharjan,Chitwan - Bharatpur,Apparel,Kids Frock,3,2063.69,6191.07,eSewa,False,False,False,False,2025,9,September,2025-09,Tuesday,1,False,Chitwan,6191.07,0.0
TXN102815,2025-03-01,CUST1041,Sushma Bhattarai,Lalitpur - Pulchowk,Electronics,Power Bank 10000mAh,4,2935.76,11743.04,Debit/Credit Card,False,False,False,False,2025,3,March,2025-03,Saturday,5,True,Lalitpur,11743.04,0.0
TXN100297,2025-09-16,CUST1039,Sabina Thapa,Butwal - Traffic Chowk,Electronics,Wall Clock,3,1956.47,5869.41,Khalti,False,False,False,False,2025,9,September,2025-09,Tuesday,1,False,Butwal,5869.41,0.0
TXN101280,2025-02-21,CUST1040,Puja Gurung,Butwal - Traffic Chowk,Apparel,Formal Shirt,4,2457.71,9830.84,Khalti,False,False,False,False,2025,2,February,2025-02,Friday,4,False,Butwal,9830.84,0.0
TXN104178,2025-01-28,CUST1044,Puja Magar,Biratnagar - Main Road,Apparel,Socks (3-pair pack),3,2555.54,7666.62,Debit/Credit Card,False,False,False,False,2025,1,January,2025-01,Tuesday,1,False,Biratnagar,7666.62,0.0
TXN100936,2025-03-16,CUST1061,Bikash Shrestha,Bhaktapur - Suryabinayak,Electronics,Extension Board,4,3479.73,13918.92,Cash,False,False,False,False,2025,3,March,2025-03,Sunday,6,True,Bhaktapur,13918.92,0.0
TXN101015,2025-09-18,CUST1044,Puja Magar,Bhaktapur - Suryabinayak,Electronics,Power Bank 10000mAh,4,1865.4,7461.6,Cash,False,False,False,False,2025,9,September,2025-09,Thursday,3,False,Bhaktapur,7461.6,0.0
TXN103168,2025-11-08,CUST1039,Sabina Thapa,Bhaktapur - Suryabinayak,Electronics,Extension Board,4,2751.14,11004.56,Cash,False,False,False,False,2025,11,November,2025-11,Saturday,5,True,Bhaktapur,11004.56,0.0
TXN103695,2025-06-30,CUST1041,Sushma Bhattarai,Lalitpur - Pulchowk,Apparel,Cotton T-Shirt,2,2983.68,5967.36,eSewa,False,False,False,False,2025,6,June,2025-06,Monday,0,False,Lalitpur,5967.36,0.0
TXN104449,2025-05-08,CUST1019,Sarita Magar,Kathmandu - Kupondole,Electronics,USB Cable Type-C,4,1639.61,6558.44,Khalti,False,False,False,False,2025,5,May,2025-05,Thursday,3,False,Kathmandu,6558.44,0.0
TXN104746,2025-03-18,CUST1088,Deepak Lama,Kathmandu - Kupondole,Electronics,Power Bank 10000mAh,3,3376.99,10130.97,Khalti,False,False,False,False,2025,3,March,2025-03,Tuesday,1,False,Kathmandu,10130.97,0.0
TXN104431,2025-02-04,CUST1108,Neha Karki,Chitwan - Bharatpur,Electronics,Power Bank 10000mAh,4,1525.38,6101.52,Cash,False,False,False,False,2025,2,February,2025-02,Tuesday,1,False,Chitwan,6101.52,0.0
TXN105828,2025-09-10,CUST1085,Sunita Magar,Bhaktapur - Suryabinayak,Apparel,Cotton T-Shirt,2,2583.43,5166.86,Bank Transfer,False,False,False,False,2025,9,September,2025-09,Wednesday,2,False,Bhaktapur,5166.86,0.0
TXN103979,2025-11-07,CUST1100,Sujan Shrestha,Pokhara - Lakeside,Apparel,Kids Frock,3,2647.13,7941.39,Cash,False,False,False,False,2025,11,November,2025-11,Friday,4,False,Pokhara,7941.39,0.0
TXN101149,2025-11-20,CUST1002,Kritika Bhattarai,Butwal - Traffic Chowk,Electronics,Bluetooth Earphones,2,3175.07,6350.14,Debit/Credit Card,False,False,False,False,2025,11,November,2025-11,Thursday,3,False,Butwal,6350.14,0.0
TXN100994,2025-03-18,CUST1053,Deepak Bhattarai,Pokhara - Lakeside,Electronics,USB Cable Type-C,3,1961.03,5883.09,Khalti,False,False,False,False,2025,3,March,2025-03,Tuesday,1,False,Pokhara,5883.09,0.0
TXN103671,2025-10-08,CUST1149,Sarita Poudel,Chitwan - Bharatpur,Electronics,Bluetooth Earphones,3,2638.97,7916.91,Cash,False,False,False,False,2025,10,October,2025-10,Wednesday,2,False,Chitwan,7916.91,0.0
TXN103306,2025-12-14,CUST1088,Deepak Lama,Kathmandu - Kupondole,Apparel,Cotton T-Shirt,3,2389.22,7167.66,Unknown,False,False,False,True,2025,12,December,2025-12,Sunday,6,True,Kathmandu,7167.66,0.0
TXN105462,2025-10-05,CUST1070,Alina Rai,Kathmandu - Kupondole,Apparel,Kids Frock,4,2320.23,9280.92,Khalti,False,True,False,False,2025,10,October,2025-10,Sunday,6,True,Kathmandu,9280.92,0.0
TXN101147,2025-09-08,CUST1012,Sabina Maharjan,Pokhara - Lakeside,Electronics,Power Bank 10000mAh,4,2017.5,8070.0,eSewa,False,False,False,False,2025,9,September,2025-09,Monday,0,False,Pokhara,8070.0,0.0
TXN102495,2025-10-26,CUST1149,Sarita Poudel,Kathmandu - New Road,Apparel,Kids Frock,3,2159.85,6479.55,Cash,False,False,False,False,2025,10,October,2025-10,Sunday,6,True,Kathmandu,6479.55,0.0
TXN102315,2025-04-12,CUST1007,Sunita Karki,Biratnagar - Main Road,Electronics,USB Cable Type-C,4,2428.48,9713.92,Cash,False,False,False,False,2025,4,April,2025-04,Saturday,5,True,Biratnagar,9713.92,0.0
TXN103995,2025-01-25,CUST1110,Sushma Karki,Kathmandu - New Road,Apparel,Cotton T-Shirt,3,1859.89,5579.67,Cash,False,False,False,False,2025,1,January,2025-01,Saturday,5,True,Kathmandu,5579.67,0.0
TXN101259,2025-08-11,CUST1005,Milan Lama,Butwal - Traffic Chowk,Electronics,USB Cable Type-C,4,2925.07,11700.28,Cash,False,False,False,False,2025,8,August,2025-08,Monday,0,False,Butwal,11700.28,0.0
TXN103675,2025-02-11,CUST1041,Sushma Bhattarai,Pokhara - Lakeside,Electronics,Extension Board,4,1972.97,7891.88,Khalti,False,False,False,False,2025,2,February,2025-02,Tuesday,1,False,Pokhara,7891.88,0.0
TXN101569,2025-09-28,CUST1127,Sunita Adhikari,Kathmandu - Kupondole,Apparel,Socks (3-pair pack),2,2400.12,4800.24,Cash,False,False,False,False,2025,9,September,2025-09,Sunday,6,True,Kathmandu,4800.24,0.0
TXN101282,2025-08-04,CUST1101,Sabnam Bhattarai,Chitwan - Bharatpur,Electronics,USB Cable Type-C,3,3155.16,9465.48,eSewa,False,False,False,False,2025,8,August,2025-08,Monday,0,False,Chitwan,9465.48,0.0
TXN105334,2025-09-17,CUST1070,Alina Rai,Lalitpur - Pulchowk,Electronics,Bluetooth Earphones,3,2982.75,8948.25,eSewa,False,False,False,False,2025,9,September,2025-09,Wednesday,2,False,Lalitpur,8948.25,0.0
TXN104767,2025-09-09,CUST1016,Neha Poudel,Chitwan - Bharatpur,Electronics,Wall Clock,4,2959.18,11836.72,Unknown,False,False,False,True,2025,9,September,2025-09,Tuesday,1,False,Chitwan,11836.72,0.0
TXN102138,2025-02-02,CUST1149,Sarita Poudel,Butwal - Traffic Chowk,Electronics,Power Bank 10000mAh,2,3296.46,6592.92,Cash,False,False,False,False,2025,2,February,2025-02,Sunday,6,True,Butwal,6592.92,0.0
TXN104573,2025-10-10,CUST1014,Neha Basnet,Kathmandu - Kupondole,Apparel,Winter Jacket,4,2383.98,9535.92,eSewa,False,False,False,False,2025,10,October,2025-10,Friday,4,False,Kathmandu,9535.92,0.0
TXN105265,2025-06-30,CUST1008,Alina Tamang,Bhaktapur - Suryabinayak,Electronics,Power Bank 10000mAh,4,1988.45,7953.8,Cash,False,False,False,False,2025,6,June,2025-06,Monday,0,False,Bhaktapur,7953.8,0.0
TXN105056,2025-08-03,CUST1069,Bijay Magar,Chitwan - Bharatpur,Apparel,Cotton T-Shirt,3,1800.69,5402.07,Debit/Credit Card,False,False,False,False,2025,8,August,2025-08,Sunday,6,True,Chitwan,5402.07,0.0
TXN101667,2025-11-08,CUST1015,Sushma Bhattarai,Kathmandu - Kupondole,Apparel,Kids Frock,3,2605.65,7816.95,eSewa,False,False,False,False,2025,11,November,2025-11,Saturday,5,True,Kathmandu,7816.95,0.0
TXN104605,2025-11-19,CUST1108,Neha Karki,Bhaktapur - Suryabinayak,Apparel,Kids Frock,3,2849.29,8547.87,Khalti,True,False,False,False,2025,11,November,2025-11,Wednesday,2,False,Bhaktapur,8547.87,0.0
TXN102150,2025-05-08,CUST1035,Rita Shrestha,Chitwan - Bharatpur,Apparel,Cotton T-Shirt,4,1164.11,4656.44,Khalti,False,False,False,False,2025,5,May,2025-05,Thursday,3,False,Chitwan,4656.44,0.0
TXN100671,2025-02-05,CUST1140,Sabnam Poudel,Pokhara - Lakeside,Apparel,Winter Jacket,4,2564.1,10256.4,eSewa,False,False,False,False,2025,2,February,2025-02,Wednesday,2,False,Pokhara,10256.4,0.0
TXN100933,2025-11-01,CUST1149,Sarita Poudel,Kathmandu - Kupondole,Electronics,Extension Board,3,2213.24,6639.72,Bank Transfer,False,False,False,False,2025,11,November,2025-11,Saturday,5,True,Kathmandu,6639.72,0.0
TXN101022,2025-07-28,CUST1020,Deepak Magar,Lalitpur - Pulchowk,Apparel,Winter Jacket,4,1454.03,5816.12,Khalti,False,False,False,False,2025,7,July,2025-07,Monday,0,False,Lalitpur,5816.12,0.0
TXN102664,2025-06-03,CUST1025,Kiran Poudel,Kathmandu - Kupondole,Apparel,Formal Shirt,4,2819.73,11278.92,Cash,False,False,False,False,2025,6,June,2025-06,Tuesday,1,False,Kathmandu,11278.92,0.0
TXN103216,2025-12-27,CUST1052,Aashish Poudel,Kathmandu - New Road,Electronics,USB Cable Type-C,3,2051.49,6154.47,Cash,False,False,False,False,2025,12,December,2025-12,Saturday,5,True,Kathmandu,6154.47,0.0
TXN104751,2025-09-19,CUST1130,Alina Rai,Bhaktapur - Suryabinayak,Electronics,Power Bank 10000mAh,3,2692.76,8078.28,Cash,False,False,False,False,2025,9,September,2025-09,Friday,4,False,Bhaktapur,8078.28,0.0
TXN102181,2025-12-10,CUST1052,Aashish Poudel,Lalitpur - Pulchowk,Electronics,Extension Board,2,3203.85,6407.7,Cash,False,False,False,False,2025,12,December,2025-12,Wednesday,2,False,Lalitpur,6407.7,0.0
TXN104769,2025-04-07,CUST1004,Rajesh Adhikari,Kathmandu - Kupondole,Apparel,Winter Jacket,3,2584.17,7752.51,Khalti,False,False,False,False,2025,4,April,2025-04,Monday,0,False,Kathmandu,7752.51,0.0
TXN105144,2025-11-04,CUST1075,Deepak Magar,Butwal - Traffic Chowk,Apparel,Winter Jacket,2,2995.84,5991.68,eSewa,False,False,False,False,2025,11,November,2025-11,Tuesday,1,False,Butwal,5991.68,0.0
TXN100465,2025-11-04,CUST1070,Alina Rai,Kathmandu - Kupondole,Electronics,Power Bank 10000mAh,3,2414.4,7243.2,Unknown,False,False,False,True,2025,11,November,2025-11,Tuesday,1,False,Kathmandu,7243.2,0.0
TXN101574,2025-05-17,CUST1149,Sarita Poudel,Chitwan - Bharatpur,Electronics,Wall Clock,3,2519.64,7558.92,eSewa,True,False,False,False,2025,5,May,2025-05,Saturday,5,True,Chitwan,7558.92,0.0
TXN103218,2025-11-15,CUST1093,Aashish Magar,Bhaktapur - Suryabinayak,Apparel,Formal Shirt,2,2558.95,5117.9,eSewa,False,False,False,False,2025,11,November,2025-11,Saturday,5,True,Bhaktapur,5117.9,0.0
TXN105724,2025-08-09,CUST1056,Alina Shrestha,Kathmandu - New Road,Electronics,Extension Board,3,2426.9,7280.7,Khalti,False,True,False,False,2025,8,August,2025-08,Saturday,5,True,Kathmandu,7280.7,0.0
TXN101484,2025-09-27,CUST1005,Milan Lama,Butwal - Traffic Chowk,Apparel,Formal Shirt,4,2597.26,10389.04,Cash,False,False,False,False,2025,9,September,2025-09,Saturday,5,True,Butwal,10389.04,0.0
TXN104133,2025-01-30,CUST1118,Alina Shrestha,Bhaktapur - Suryabinayak,Apparel,Kids Frock,4,1971.42,7885.68,eSewa,False,False,False,False,2025,1,January,2025-01,Thursday,3,False,Bhaktapur,7885.68,0.0
TXN104420,2025-10-20,CUST1031,Sabnam Khadka,Bhaktapur - Suryabinayak,Electronics,USB Cable Type-C,3,1636.84,4910.52,Khalti,False,False,False,False,2025,10,October,2025-10,Monday,0,False,Bhaktapur,4910.52,0.0
TXN100739,2025-11-15,CUST1025,Kiran Poudel,Kathmandu - Kupondole,Electronics,Power Bank 10000mAh,3,2641.44,7924.32,Cash,False,False,False,False,2025,11,November,2025-11,Saturday,5,True,Kathmandu,7924.32,0.0
TXN103862,2025-03-01,CUST1039,Sabina Thapa,Butwal - Traffic Chowk,Electronics,Power Bank 10000mAh,2,2626.4,5252.8,Cash,False,False,False,False,2025,3,March,2025-03,Saturday,5,True,Butwal,5252.8,0.0
TXN104675,2025-06-12,CUST1052,Aashish Poudel,Lalitpur - Pulchowk,Apparel,Kids Frock,3,2895.91,8687.73,eSewa,False,False,False,False,2025,6,June,2025-06,Thursday,3,False,Lalitpur,8687.73,0.0
TXN103480,2025-03-26,CUST1110,Sushma Karki,Kathmandu - New Road,Electronics,Bluetooth Earphones,4,2026.57,8106.28,Khalti,False,False,False,False,2025,3,March,2025-03,Wednesday,2,False,Kathmandu,8106.28,0.0
TXN104559,2025-08-29,CUST1025,Kiran Poudel,Kathmandu - Kupondole,Electronics,Extension Board,4,1928.34,7713.36,Cash,False,False,False,False,2025,8,August,2025-08,Friday,4,False,Kathmandu,7713.36,0.0
TXN102317,2025-05-21,CUST1059,Rajesh Shrestha,Kathmandu - Kupondole,Apparel,Kids Frock,4,2439.38,9757.52,Khalti,False,False,False,False,2025,5,May,2025-05,Wednesday,2,False,Kathmandu,9757.52,0.0
TXN100380,2025-09-03,CUST1085,Sunita Magar,Bhaktapur - Suryabinayak,Apparel,Formal Shirt,4,1896.91,7587.64,Khalti,False,False,False,False,2025,9,September,2025-09,Wednesday,2,False,Bhaktapur,7587.64,0.0
TXN101221,2025-08-13,CUST1056,Alina Shrestha,Kathmandu - New Road,Electronics,USB Cable Type-C,3,1922.02,5766.06,Cash,False,False,False,False,2025,8,August,2025-08,Wednesday,2,False,Kathmandu,5766.06,0.0
TXN103646,2025-10-21,CUST1019,Sarita Magar,Kathmandu - Kupondole,Apparel,Cotton T-Shirt,2,2811.48,5622.96,Cash,False,True,False,False,2025,10,October,2025-10,Tuesday,1,False,Kathmandu,5622.96,0.0
TXN102623,2025-04-10,CUST1002,Kritika Bhattarai,Butwal - Traffic Chowk,Electronics,Bluetooth Earphones,3,1671.28,5013.84,Cash,False,False,False,False,2025,4,April,2025-04,Thursday,3,False,Butwal,5013.84,0.0
TXN103837,2025-10-20,CUST1110,Sushma Karki,Chitwan - Bharatpur,Apparel,Socks (3-pair pack),2,2831.65,5663.3,Cash,False,False,False,False,2025,10,October,2025-10,Monday,0,False,Chitwan,5663.3,0.0
TXN105684,2025-08-11,CUST1052,Aashish Poudel,Butwal - Traffic Chowk,Electronics,Wall Clock,3,2050.5,6151.5,eSewa,False,False,False,False,2025,8,August,2025-08,Monday,0,False,Butwal,6151.5,0.0
TXN103877,2025-08-30,CUST1036,Sunita Maharjan,Lalitpur - Pulchowk,Apparel,Cotton T-Shirt,2,2874.14,5748.28,Debit/Credit Card,False,False,False,False,2025,8,August,2025-08,Saturday,5,True,Lalitpur,5748.28,0.0
TXN100530,2025-11-30,CUST1101,Sabnam Bhattarai,Kathmandu - New Road,Electronics,Wall Clock,4,2662.85,10651.4,Cash,False,False,False,False,2025,11,November,2025-11,Sunday,6,True,Kathmandu,10651.4,0.0
TXN102805,2025-08-22,CUST1036,Sunita Maharjan,Kathmandu - Kupondole,Electronics,Extension Board,4,2768.86,11075.44,Cash,False,False,False,False,2025,8,August,2025-08,Friday,4,False,Kathmandu,11075.44,0.0
TXN101303,2025-12-09,CUST1118,Alina Shrestha,Lalitpur - Pulchowk,Apparel,Winter Jacket,3,2713.94,8141.82,Khalti,False,False,False,False,2025,12,December,2025-12,Tuesday,1,False,Lalitpur,8141.82,0.0
TXN101249,2025-04-21,CUST1118,Alina Shrestha,Kathmandu - New Road,Apparel,Cotton T-Shirt,3,2344.48,7033.44,eSewa,False,False,False,False,2025,4,April,2025-04,Monday,0,False,Kathmandu,7033.44,0.0
TXN105030,2025-04-01,CUST1072,Kritika Thapa,Biratnagar - Main Road,Apparel,Socks (3-pair pack),4,2316.62,9266.48,Khalti,False,False,False,False,2025,4,April,2025-04,Tuesday,1,False,Biratnagar,9266.48,0.0
TXN105336,2025-09-24,CUST1015,Sushma Bhattarai,Kathmandu - Kupondole,Apparel,Socks (3-pair pack),3,2539.03,7617.09,eSewa,False,False,False,False,2025,9,September,2025-09,Wednesday,2,False,Kathmandu,7617.09,0.0
TXN104117,2025-05-17,CUST1140,Sabnam Poudel,Pokhara - Lakeside,Apparel,Socks (3-pair pack),3,2726.63,8179.89,Cash,False,False,False,False,2025,5,May,2025-05,Saturday,5,True,Pokhara,8179.89,0.0
TXN102735,2025-03-21,CUST1039,Sabina Thapa,Butwal - Traffic Chowk,Electronics,Power Bank 10000mAh,2,2582.44,5164.88,Cash,False,False,False,False,2025,3,March,2025-03,Friday,4,False,Butwal,5164.88,0.0
TXN105255,2025-06-18,CUST1078,Bijay Magar,Kathmandu - Kupondole,Electronics,Wall Clock,2,3172.49,6344.98,eSewa,False,False,False,False,2025,6,June,2025-06,Wednesday,2,False,Kathmandu,6344.98,0.0
TXN105818,2025-03-31,CUST1048,Kritika Rai,Kathmandu - New Road,Electronics,Wall Clock,3,2745.74,8237.22,eSewa,False,False,False,False,2025,3,March,2025-03,Monday,0,False,Kathmandu,8237.22,0.0
TXN103392,2025-06-16,CUST1020,Deepak Magar,Bhaktapur - Suryabinayak,Electronics,Wall Clock,3,2242.58,6727.74,Cash,False,False,False,False,2025,6,June,2025-06,Monday,0,False,Bhaktapur,6727.74,0.0
TXN102275,2025-05-04,CUST1100,Sujan Shrestha,Pokhara - Lakeside,Electronics,Extension Board,3,2031.8,6095.4,Unknown,False,False,False,True,2025,5,May,2025-05,Sunday,6,True,Pokhara,6095.4,0.0
TXN105512,2025-11-24,CUST1149,Sarita Poudel,Butwal - Traffic Chowk,Electronics,Power Bank 10000mAh,3,1736.16,5208.48,eSewa,False,False,False,False,2025,11,November,2025-11,Monday,0,False,Butwal,5208.48,0.0
TXN105577,2025-12-23,CUST1016,Neha Poudel,Chitwan - Bharatpur,Apparel,Socks (3-pair pack),3,1849.98,5549.94,Khalti,False,False,False,False,2025,12,December,2025-12,Tuesday,1,False,Chitwan,5549.94,0.0
TXN103450,2025-09-02,CUST1030,Kiran Maharjan,Pokhara - Lakeside,Apparel,Socks (3-pair pack),2,2641.28,5282.56,eSewa,False,False,False,False,2025,9,September,2025-09,Tuesday,1,False,Pokhara,5282.56,0.0
TXN101377,2025-09-07,CUST1061,Bikash Shrestha,Bhaktapur - Suryabinayak,Apparel,Cotton T-Shirt,4,2280.53,9122.12,Bank Transfer,False,False,False,False,2025,9,September,2025-09,Sunday,6,True,Bhaktapur,9122.12,0.0
TXN103179,2025-01-10,CUST1050,Manisha Rai,Pokhara - Lakeside,Apparel,Formal Shirt,2,2826.66,5653.32,eSewa,False,False,False,False,2025,1,January,2025-01,Friday,4,False,Pokhara,5653.32,0.0
TXN102066,2025-03-10,CUST1082,Aashish Tamang,Lalitpur - Pulchowk,Apparel,Socks (3-pair pack),3,1977.81,5933.43,Khalti,False,False,False,False,2025,3,March,2025-03,Monday,0,False,Lalitpur,5933.43,0.0
TXN105910,2025-04-29,CUST1045,Sunita Magar,Kathmandu - Kupondole,Apparel,Winter Jacket,2,2690.32,5380.64,Cash,False,False,False,False,2025,4,April,2025-04,Tuesday,1,False,Kathmandu,5380.64,0.0
TXN101426,2025-06-15,CUST1108,Neha Karki,Bhaktapur - Suryabinayak,Electronics,USB Cable Type-C,2,3149.63,6299.26,Cash,False,False,False,False,2025,6,June,2025-06,Sunday,6,True,Bhaktapur,6299.26,0.0
TXN104481,2025-07-14,CUST1002,Kritika Bhattarai,Butwal - Traffic Chowk,Electronics,Power Bank 10000mAh,3,1721.61,5164.83,Cash,False,False,False,False,2025,7,July,2025-07,Monday,0,False,Butwal,5164.83,0.0
TXN104701,2025-11-10,CUST1136,Bikash Gurung,Lalitpur - Pulchowk,Electronics,Bluetooth Earphones,4,1667.0,6668.0,eSewa,False,False,False,False,2025,11,November,2025-11,Monday,0,False,Lalitpur,6668.0,0.0
TXN101568,2025-12-09,CUST1107,Rajesh Basnet,Butwal - Traffic Chowk,Electronics,Power Bank 10000mAh,2,3465.2,6930.4,eSewa,False,False,False,False,2025,12,December,2025-12,Tuesday,1,False,Butwal,6930.4,0.0
TXN102440,2025-08-06,CUST1002,Kritika Bhattarai,Butwal - Traffic Chowk,Apparel,Kids Frock,3,2566.15,7698.45,eSewa,False,False,False,False,2025,8,August,2025-08,Wednesday,2,False,Butwal,7698.45,0.0
TXN100875,2025-04-25,CUST1024,Rajesh Adhikari,Chitwan - Bharatpur,Apparel,Kids Frock,3,2844.8,8534.4,Cash,False,False,False,False,2025,4,April,2025-04,Friday,4,False,Chitwan,8534.4,0.0
TXN102650,2025-11-17,CUST1069,Bijay Magar,Lalitpur - Pulchowk,Apparel,Kids Frock,3,1676.44,5029.32,eSewa,False,False,False,False,2025,11,November,2025-11,Monday,0,False,Lalitpur,5029.32,0.0
TXN104240,2025-07-13,CUST1020,Deepak Magar,Bhaktapur - Suryabinayak,Apparel,Socks (3-pair pack),4,2034.19,8136.76,Cash,False,False,False,False,2025,7,July,2025-07,Sunday,6,True,Bhaktapur,8136.76,0.0
TXN100972,2025-10-23,CUST1079,Rohit Lama,Kathmandu - Kupondole,Electronics,Bluetooth Earphones,3,2369.55,7108.65,eSewa,False,False,False,False,2025,10,October,2025-10,Thursday,3,False,Kathmandu,7108.65,0.0
TXN100812,2025-12-17,CUST1130,Alina Rai,Bhaktapur - Suryabinayak,Apparel,Cotton T-Shirt,4,2805.84,11223.36,Cash,False,False,False,False,2025,12,December,2025-12,Wednesday,2,False,Bhaktapur,11223.36,0.0
TXN105999,2025-09-08,CUST1016,Neha Poudel,Chitwan - Bharatpur,Electronics,Wall Clock,4,2003.86,8015.44,Bank Transfer,False,False,False,False,2025,9,September,2025-09,Monday,0,False,Chitwan,8015.44,0.0
TXN101297,2025-07-07,CUST1025,Kiran Poudel,Biratnagar - Main Road,Electronics,USB Cable Type-C,3,3289.29,9867.87,Cash,False,False,False,False,2025,7,July,2025-07,Monday,0,False,Biratnagar,9867.87,0.0
TXN102811,2025-10-15,CUST1073,Bikash Shrestha,Kathmandu - New Road,Electronics,Wall Clock,3,3435.96,10307.88,Bank Transfer,False,False,False,False,2025,10,October,2025-10,Wednesday,2,False,Kathmandu,10307.88,0.0
TXN101501,2025-11-08,CUST1019,Sarita Magar,Kathmandu - Kupondole,Electronics,Bluetooth Earphones,2,2848.41,5696.82,eSewa,False,False,False,False,2025,11,November,2025-11,Saturday,5,True,Kathmandu,5696.82,0.0
TXN102741,2025-09-05,CUST1002,Kritika Bhattarai,Butwal - Traffic Chowk,Apparel,Socks (3-pair pack),4,1562.39,6249.56,eSewa,False,False,False,False,2025,9,September,2025-09,Friday,4,False,Butwal,6249.56,0.0
TXN101943,2025-04-16,CUST1019,Sarita Magar,Kathmandu - Kupondole,Electronics,Bluetooth Earphones,3,2625.8,7877.4,Debit/Credit Card,False,False,False,False,2025,4,April,2025-04,Wednesday,2,False,Kathmandu,7877.4,0.0
TXN101663,2025-11-06,CUST1110,Sushma Karki,Kathmandu - New Road,Apparel,Winter Jacket,4,1741.55,6966.2,Khalti,False,False,False,False,2025,11,November,2025-11,Thursday,3,False,Kathmandu,6966.2,0.0
TXN100736,2025-08-22,CUST1052,Aashish Poudel,Lalitpur - Pulchowk,Apparel,Formal Shirt,4,1816.84,7267.36,Cash,False,False,False,False,2025,8,August,2025-08,Friday,4,False,Lalitpur,7267.36,0.0
TXN105305,2025-10-02,CUST1093,Aashish Magar,Kathmandu - New Road,Apparel,Socks (3-pair pack),2,2748.52,5497.04,Cash,False,False,False,False,2025,10,October,2025-10,Thursday,3,False,Kathmandu,5497.04,0.0
TXN102121,2025-01-15,CUST1017,Nabin Lama,Pokhara - Lakeside,Apparel,Winter Jacket,4,1373.0,5492.0,Cash,False,False,False,False,2025,1,January,2025-01,Wednesday,2,False,Pokhara,5492.0,0.0
TXN105417,2025-10-12,CUST1102,Sandip Tamang,Butwal - Traffic Chowk,Electronics,Power Bank 10000mAh,4,2019.58,8078.32,Debit/Credit Card,False,False,False,False,2025,10,October,2025-10,Sunday,6,True,Butwal,8078.32,0.0
TXN105313,2025-09-30,CUST1061,Bikash Shrestha,Bhaktapur - Suryabinayak,Apparel,Kids Frock,3,2892.45,8677.35,Cash,False,False,False,False,2025,9,September,2025-09,Tuesday,1,False,Bhaktapur,8677.35,0.0
TXN103210,2025-11-28,CUST1019,Sarita Magar,Kathmandu - Kupondole,Apparel,Socks (3-pair pack),4,1973.15,7892.6,eSewa,False,False,False,False,2025,11,November,2025-11,Friday,4,False,Kathmandu,7892.6,0.0
TXN102390,2025-04-26,CUST1068,Sarita Adhikari,Pokhara - Lakeside,Electronics,Power Bank 10000mAh,4,1855.29,7421.16,eSewa,False,False,False,False,2025,4,April,2025-04,Saturday,5,True,Pokhara,7421.16,0.0
TXN104996,2025-10-18,CUST1135,Sabina Bhattarai,Lalitpur - Pulchowk,Electronics,Wall Clock,3,2108.77,6326.31,Bank Transfer,False,False,False,False,2025,10,October,2025-10,Saturday,5,True,Lalitpur,6326.31,0.0
TXN105516,2025-11-10,CUST1108,Neha Karki,Bhaktapur - Suryabinayak,Apparel,Winter Jacket,4,2213.95,8855.8,Cash,False,False,False,False,2025,11,November,2025-11,Monday,0,False,Bhaktapur,8855.8,0.0
TXN100545,2025-03-30,CUST1005,Milan Lama,Butwal - Traffic Chowk,Electronics,Bluetooth Earphones,3,2269.97,6809.91,eSewa,False,False,False,False,2025,3,March,2025-03,Sunday,6,True,Butwal,6809.91,0.0
TXN100891,2025-12-31,CUST1070,Alina Rai,Kathmandu - Kupondole,Electronics,Power Bank 10000mAh,3,1837.42,5512.26,Cash,False,False,False,False,2025,12,December,2025-12,Wednesday,2,False,Kathmandu,5512.26,0.0
TXN104887,2025-06-04,CUST1061,Bikash Shrestha,Bhaktapur - Suryabinayak,Electronics,Wall Clock,4,1698.01,6792.04,Khalti,False,False,False,False,2025,6,June,2025-06,Wednesday,2,False,Bhaktapur,6792.04,0.0
TXN100313,2025-10-10,CUST1036,Sunita Maharjan,Kathmandu - Kupondole,Electronics,USB Cable Type-C,2,2969.62,5939.24,Cash,False,False,False,False,2025,10,October,2025-10,Friday,4,False,Kathmandu,5939.24,0.0
TXN104299,2025-10-12,CUST1052,Aashish Poudel,Lalitpur - Pulchowk,Apparel,Formal Shirt,3,2933.16,8799.48,Bank Transfer,False,False,False,False,2025,10,October,2025-10,Sunday,6,True,Lalitpur,8799.48,0.0
TXN101237,2025-10-16,CUST1002,Kritika Bhattarai,Butwal - Traffic Chowk,Electronics,Wall Clock,2,2435.8,4871.6,Debit/Credit Card,False,False,False,False,2025,10,October,2025-10,Thursday,3,False,Butwal,4871.6,0.0
TXN104683,2025-11-27,CUST1149,Sarita Poudel,Butwal - Traffic Chowk,Electronics,Bluetooth Earphones,3,1648.53,4945.59,eSewa,False,False,False,False,2025,11,November,2025-11,Thursday,3,False,Butwal,4945.59,0.0
TXN103834,2025-09-25,CUST1002,Kritika Bhattarai,Butwal - Traffic Chowk,Electronics,Extension Board,4,2903.11,11612.44,Bank Transfer,False,False,False,False,2025,9,September,2025-09,Thursday,3,False,Butwal,11612.44,0.0
TXN103738,2025-09-13,CUST1039,Sabina Thapa,Butwal - Traffic Chowk,Apparel,Kids Frock,4,1752.07,7008.28,eSewa,False,False,False,False,2025,9,September,2025-09,Saturday,5,True,Butwal,7008.28,0.0
TXN101186,2025-09-30,CUST1076,Bikash Shrestha,Pokhara - Lakeside,Electronics,Bluetooth Earphones,4,1510.01,6040.04,Cash,False,False,False,False,2025,9,September,2025-09,Tuesday,1,False,Pokhara,6040.04,0.0
TXN100543,2025-07-29,CUST1008,Alina Tamang,Bhaktapur - Suryabinayak,Apparel,Kids Frock,2,2774.28,5548.56,Khalti,False,False,False,False,2025,7,July,2025-07,Tuesday,1,False,Bhaktapur,5548.56,0.0
TXN100082,2025-02-13,CUST1077,Prakash Basnet,Bhaktapur - Suryabinayak,Apparel,Kids Frock,4,2698.38,10793.52,eSewa,False,False,False,False,2025,2,February,2025-02,Thursday,3,False,Bhaktapur,10793.52,0.0
TXN104039,2025-11-13,CUST1123,Sujan Tamang,Kathmandu - New Road,Electronics,USB Cable Type-C,4,1982.96,7931.84,eSewa,False,False,False,False,2025,11,November,2025-11,Thursday,3,False,Kathmandu,7931.84,0.0
TXN102482,2025-09-30,CUST1145,Manisha Adhikari,Biratnagar - Main Road,Apparel,Formal Shirt,3,2122.26,6366.78,Khalti,False,False,False,False,2025,9,September,2025-09,Tuesday,1,False,Biratnagar,6366.78,0.0
TXN105608,2025-08-08,CUST1044,Puja Magar,Bhaktapur - Suryabinayak,Apparel,Formal Shirt,3,1691.83,5075.49,Bank Transfer,False,False,False,False,2025,8,August,2025-08,Friday,4,False,Bhaktapur,5075.49,0.0
TXN103278,2025-09-19,CUST1002,Kritika Bhattarai,Lalitpur - Pulchowk,Electronics,Wall Clock,2,3458.48,6916.96,Debit/Credit Card,False,False,False,False,2025,9,September,2025-09,Friday,4,False,Lalitpur,6916.96,0.0
TXN101417,2025-07-09,CUST1073,Bikash Shrestha,Kathmandu - New Road,Electronics,Bluetooth Earphones,3,1810.33,5430.99,Cash,False,False,False,False,2025,7,July,2025-07,Wednesday,2,False,Kathmandu,5430.99,0.0
TXN101813,2025-11-04,CUST1112,Nabin Magar,Butwal - Traffic Chowk,Electronics,USB Cable Type-C,4,1303.66,5214.64,Bank Transfer,False,False,False,False,2025,11,November,2025-11,Tuesday,1,False,Butwal,5214.64,0.0
TXN100611,2025-11-20,CUST1055,Rohit Poudel,Lalitpur - Pulchowk,Electronics,Power Bank 10000mAh,3,3398.24,10194.72,eSewa,False,False,False,False,2025,11,November,2025-11,Thursday,3,False,Lalitpur,10194.72,0.0
TXN104750,2025-05-18,CUST1005,Milan Lama,Butwal - Traffic Chowk,Electronics,USB Cable Type-C,4,1921.09,7684.36,Cash,False,False,False,False,2025,5,May,2025-05,Sunday,6,True,Butwal,7684.36,0.0
TXN102461,2025-04-04,CUST1083,Rohit Shrestha,Chitwan - Bharatpur,Apparel,Formal Shirt,4,2795.79,11183.16,Cash,False,False,False,False,2025,4,April,2025-04,Friday,4,False,Chitwan,11183.16,0.0
TXN105316,2025-10-17,CUST1101,Sabnam Bhattarai,Kathmandu - New Road,Apparel,Kids Frock,4,2825.67,11302.68,Khalti,False,False,False,False,2025,10,October,2025-10,Friday,4,False,Kathmandu,11302.68,0.0
TXN102872,2025-09-15,CUST1020,Deepak Magar,Bhaktapur - Suryabinayak,Electronics,Power Bank 10000mAh,4,2472.59,9890.36,Cash,False,False,False,False,2025,9,September,2025-09,Monday,0,False,Bhaktapur,9890.36,0.0
TXN104129,2025-04-29,CUST1097,Milan Basnet,Kathmandu - New Road,Electronics,Extension Board,3,2592.02,7776.06,Khalti,True,False,False,False,2025,4,April,2025-04,Tuesday,1,False,Kathmandu,7776.06,0.0
TXN103328,2025-07-04,CUST1009,Sushma Rai,Chitwan - Bharatpur,Electronics,Power Bank 10000mAh,4,1464.09,5856.36,Bank Transfer,False,False,False,False,2025,7,July,2025-07,Friday,4,False,Chitwan,5856.36,0.0
TXN101922,2025-04-21,CUST1014,Neha Basnet,Kathmandu - Kupondole,Apparel,Cotton T-Shirt,3,2320.43,6961.29,Cash,False,False,False,False,2025,4,April,2025-04,Monday,0,False,Kathmandu,6961.29,0.0
TXN105269,2025-10-18,CUST1025,Kiran Poudel,Kathmandu - Kupondole,Apparel,Cotton T-Shirt,3,2568.78,7706.34,Cash,False,False,False,False,2025,10,October,2025-10,Saturday,5,True,Kathmandu,7706.34,0.0
TXN101273,2025-07-01,CUST1069,Bijay Magar,Lalitpur - Pulchowk,Electronics,Wall Clock,4,1334.33,5337.32,Cash,False,False,False,False,2025,7,July,2025-07,Tuesday,1,False,Lalitpur,5337.32,0.0
TXN105709,2025-05-27,CUST1052,Aashish Poudel,Lalitpur - Pulchowk,Apparel,Kids Frock,4,1548.08,6192.32,Cash,False,True,False,False,2025,5,May,2025-05,Tuesday,1,False,Lalitpur,6192.32,0.0
TXN103947,2025-09-29,CUST1066,Kritika Khadka,Chitwan - Bharatpur,Apparel,Winter Jacket,3,2743.33,8229.99,Cash,False,False,False,False,2025,9,September,2025-09,Monday,0,False,Chitwan,8229.99,0.0
TXN103140,2025-11-06,CUST1118,Alina Shrestha,Bhaktapur - Suryabinayak,Electronics,Power Bank 10000mAh,4,2113.14,8452.56,Debit/Credit Card,False,False,False,False,2025,11,November,2025-11,Thursday,3,False,Bhaktapur,8452.56,0.0
TXN105461,2025-07-11,CUST1083,Rohit Shrestha,Kathmandu - New Road,Electronics,Extension Board,4,1628.18,6512.72,Khalti,False,False,False,False,2025,7,July,2025-07,Friday,4,False,Kathmandu,6512.72,0.0
TXN105420,2025-01-06,CUST1119,Nabin Maharjan,Kathmandu - New Road,Electronics,Power Bank 10000mAh,4,2615.9,10463.6,Debit/Credit Card,False,False,False,False,2025,1,January,2025-01,Monday,0,False,Kathmandu,10463.6,0.0
TXN104417,2025-12-18,CUST1052,Aashish Poudel,Lalitpur - Pulchowk,Apparel,Kids Frock,3,2556.02,7668.06,Khalti,False,False,False,False,2025,12,December,2025-12,Thursday,3,False,Lalitpur,7668.06,0.0
TXN102744,2025-09-08,CUST1002,Kritika Bhattarai,Butwal - Traffic Chowk,Apparel,Kids Frock,4,2501.39,10005.56,Khalti,True,False,False,False,2025,9,September,2025-09,Monday,0,False,Butwal,10005.56,0.0
TXN102288,2025-11-17,CUST1019,Sarita Magar,Kathmandu - Kupondole,Apparel,Socks (3-pair pack),3,1761.14,5283.42,Debit/Credit Card,False,False,False,False,2025,11,November,2025-11,Monday,0,False,Kathmandu,5283.42,0.0
TXN101254,2025-11-26,CUST1003,Kiran Adhikari,Kathmandu - Kupondole,Electronics,USB Cable Type-C,4,1310.18,5240.72,eSewa,False,False,False,False,2025,11,November,2025-11,Wednesday,2,False,Kathmandu,5240.72,0.0
TXN103977,2025-11-12,CUST1101,Sabnam Bhattarai,Kathmandu - New Road,Electronics,Power Bank 10000mAh,4,1536.31,6145.24,eSewa,False,False,False,False,2025,11,November,2025-11,Wednesday,2,False,Kathmandu,6145.24,0.0
TXN100825,2025-11-12,CUST1048,Kritika Rai,Kathmandu - New Road,Apparel,Formal Shirt,4,2319.32,9277.28,Khalti,False,False,False,False,2025,11,November,2025-11,Wednesday,2,False,Kathmandu,9277.28,0.0
TXN105190,2025-05-30,CUST1061,Bikash Shrestha,Bhaktapur - Suryabinayak,Apparel,Socks (3-pair pack),4,1439.54,5758.16,Cash,False,True,False,False,2025,5,May,2025-05,Friday,4,False,Bhaktapur,5758.16,0.0
TXN104891,2025-05-01,CUST1068,Sarita Adhikari,Pokhara - Lakeside,Apparel,Formal Shirt,4,1479.03,5916.12,Bank Transfer,False,False,False,False,2025,5,May,2025-05,Thursday,3,False,Pokhara,5916.12,0.0
TXN101237,2025-10-16,CUST1002,Kritika Bhattarai,Butwal - Traffic Chowk,Apparel,Kids Frock,3,2762.14,8286.42,Khalti,False,False,False,False,2025,10,October,2025-10,Thursday,3,False,Butwal,8286.42,0.0
TXN104771,2025-11-04,CUST1048,Kritika Rai,Kathmandu - New Road,Apparel,Cotton T-Shirt,4,1526.31,6105.24,Cash,False,False,False,False,2025,11,November,2025-11,Tuesday,1,False,Kathmandu,6105.24,0.0
TXN105859,2025-12-17,CUST1118,Alina Shrestha,Bhaktapur - Suryabinayak,Apparel,Socks (3-pair pack),4,1856.67,7426.68,eSewa,False,False,False,False,2025,12,December,2025-12,Wednesday,2,False,Bhaktapur,7426.68,0.0
TXN100471,2025-08-03,CUST1101,Sabnam Bhattarai,Kathmandu - New Road,Apparel,Socks (3-pair pack),4,2003.24,8012.96,eSewa,False,False,False,False,2025,8,August,2025-08,Sunday,6,True,Kathmandu,8012.96,0.0
TXN103205,2025-11-08,CUST1020,Deepak Magar,Kathmandu - Kupondole,Electronics,Wall Clock,4,2039.56,8158.24,Cash,False,False,False,False,2025,11,November,2025-11,Saturday,5,True,Kathmandu,8158.24,0.0
TXN103753,2025-02-03,CUST1046,Sarita Karki,Lalitpur - Pulchowk,Apparel,Winter Jacket,3,1591.93,4775.79,Khalti,False,False,False,False,2025,2,February,2025-02,Monday,0,False,Lalitpur,4775.79,0.0
TXN102474,2025-10-20,CUST1078,Bijay Magar,Kathmandu - Kupondole,Electronics,Bluetooth Earphones,4,1246.6,4986.4,Cash,False,False,False,False,2025,10,October,2025-10,Monday,0,False,Kathmandu,4986.4,0.0
TXN100331,2025-11-27,CUST1100,Sujan Shrestha,Kathmandu - New Road,Apparel,Cotton T-Shirt,3,2881.51,8644.53,Debit/Credit Card,False,False,False,False,2025,11,November,2025-11,Thursday,3,False,Kathmandu,8644.53,0.0
TXN103199,2025-11-23,CUST1061,Bikash Shrestha,Bhaktapur - Suryabinayak,Electronics,USB Cable Type-C,3,3161.02,9483.06,Cash,False,False,False,False,2025,11,November,2025-11,Sunday,6,True,Bhaktapur,9483.06,0.0
TXN104541,2025-11-02,CUST1020,Deepak Magar,Bhaktapur - Suryabinayak,Apparel,Cotton T-Shirt,4,2595.73,10382.92,eSewa,False,False,False,False,2025,11,November,2025-11,Sunday,6,True,Bhaktapur,10382.92,0.0
TXN102270,2025-09-17,CUST1008,Alina Tamang,Bhaktapur - Suryabinayak,Apparel,Cotton T-Shirt,3,2668.62,8005.86,Khalti,False,False,False,False,2025,9,September,2025-09,Wednesday,2,False,Bhaktapur,8005.86,0.0
TXN101400,2025-11-14,CUST1107,Rajesh Basnet,Butwal - Traffic Chowk,Apparel,Winter Jacket,3,1646.85,4940.55,Cash,False,False,False,False,2025,11,November,2025-11,Friday,4,False,Butwal,4940.55,0.0
TXN102086,2025-09-23,CUST1024,Rajesh Adhikari,Lalitpur - Pulchowk,Electronics,Extension Board,2,2332.7,4665.4,Khalti,False,False,False,False,2025,9,September,2025-09,Tuesday,1,False,Lalitpur,4665.4,0.0
TXN101435,2025-10-06,CUST1031,Sabnam Khadka,Bhaktapur - Suryabinayak,Electronics,Power Bank 10000mAh,4,2416.21,9664.84,Khalti,False,False,False,False,2025,10,October,2025-10,Monday,0,False,Bhaktapur,9664.84,0.0
TXN102325,2025-09-11,CUST1085,Sunita Magar,Kathmandu - New Road,Electronics,Extension Board,2,2810.1,5620.2,Cash,False,False,True,False,2025,9,September,2025-09,Thursday,3,False,Kathmandu,5620.2,0.0
TXN104731,2025-06-20,CUST1046,Sarita Karki,Lalitpur - Pulchowk,Electronics,Extension Board,4,1420.09,5680.36,Khalti,False,False,False,False,2025,6,June,2025-06,Friday,4,False,Lalitpur,5680.36,0.0
TXN101982,2025-06-07,CUST1118,Alina Shrestha,Bhaktapur - Suryabinayak,Apparel,Kids Frock,4,2887.44,11549.76,Unknown,False,False,False,True,2025,6,June,2025-06,Saturday,5,True,Bhaktapur,11549.76,0.0
TXN104414,2025-06-15,CUST1025,Kiran Poudel,Bhaktapur - Suryabinayak,Electronics,Wall Clock,2,2707.12,5414.24,Khalti,False,False,False,False,2025,6,June,2025-06,Sunday,6,True,Bhaktapur,5414.24,0.0
TXN100524,2025-10-21,CUST1025,Kiran Poudel,Kathmandu - Kupondole,Electronics,USB Cable Type-C,4,1603.5,6414.0,Cash,False,False,False,False,2025,10,October,2025-10,Tuesday,1,False,Kathmandu,6414.0,0.0
TXN105219,2025-05-02,CUST1009,Sushma Rai,Kathmandu - New Road,Apparel,Socks (3-pair pack),3,2605.81,7817.43,eSewa,False,False,False,False,2025,5,May,2025-05,Friday,4,False,Kathmandu,7817.43,0.0
TXN102067,2025-11-18,CUST1131,Sabnam Maharjan,Pokhara - Lakeside,Electronics,USB Cable Type-C,3,3171.75,9515.25,Khalti,False,False,False,False,2025,11,November,2025-11,Tuesday,1,False,Pokhara,9515.25,0.0
TXN105559,2025-11-18,CUST1019,Sarita Magar,Kathmandu - Kupondole,Electronics,Wall Clock,2,3295.01,6590.02,Debit/Credit Card,False,False,False,False,2025,11,November,2025-11,Tuesday,1,False,Kathmandu,6590.02,0.0
TXN103017,2025-10-29,CUST1134,Sandip Khadka,Pokhara - Lakeside,Apparel,Winter Jacket,4,2868.02,11472.08,Cash,False,False,False,False,2025,10,October,2025-10,Wednesday,2,False,Pokhara,11472.08,0.0
TXN102734,2025-02-28,CUST1096,Sabnam Magar,Lalitpur - Pulchowk,Electronics,Power Bank 10000mAh,3,3197.49,9592.47,Bank Transfer,False,False,False,False,2025,2,February,2025-02,Friday,4,False,Lalitpur,9592.47,0.0
TXN100820,2025-09-17,CUST1003,Kiran Adhikari,Kathmandu - Kupondole,Household,LED Bulb 9W,4,1188.53,4754.12,Debit/Credit Card,False,False,False,False,2025,9,September,2025-09,Wednesday,2,False,Kathmandu,4754.12,0.0
TXN100496,2025-09-01,CUST1019,Sarita Magar,Kathmandu - Kupondole,Electronics,USB Cable Type-C,3,2742.21,8226.63,Khalti,False,False,False,False,2025,9,September,2025-09,Monday,0,False,Kathmandu,8226.63,0.0
TXN104884,2025-01-27,CUST1130,Alina Rai,Bhaktapur - Suryabinayak,Electronics,Wall Clock,4,2387.29,9549.16,Cash,False,False,False,False,2025,1,January,2025-01,Monday,0,False,Bhaktapur,9549.16,0.0
TXN104592,2025-11-04,CUST1055,Rohit Poudel,Lalitpur - Pulchowk,Electronics,Power Bank 10000mAh,2,2726.51,5453.02,eSewa,False,False,False,False,2025,11,November,2025-11,Tuesday,1,False,Lalitpur,5453.02,0.0
TXN103770,2025-02-27,CUST1077,Prakash Basnet,Kathmandu - Kupondole,Apparel,Formal Shirt,4,2751.56,11006.24,Cash,False,False,False,False,2025,2,February,2025-02,Thursday,3,False,Kathmandu,11006.24,0.0
TXN103518,2025-04-06,CUST1100,Sujan Shrestha,Pokhara - Lakeside,Apparel,Socks (3-pair pack),4,1588.79,6355.16,Khalti,False,False,False,False,2025,4,April,2025-04,Sunday,6,True,Pokhara,6355.16,0.0
TXN103298,2025-09-28,CUST1002,Kritika Bhattarai,Butwal - Traffic Chowk,Apparel,Kids Frock,4,1601.95,6407.8,Cash,False,False,False,False,2025,9,September,2025-09,Sunday,6,True,Butwal,6407.8,0.0
TXN105822,2025-06-10,CUST1012,Sabina Maharjan,Pokhara - Lakeside,Apparel,Formal Shirt,4,1794.21,7176.84,Debit/Credit Card,False,False,False,False,2025,6,June,2025-06,Tuesday,1,False,Pokhara,7176.84,0.0
TXN102638,2025-11-03,CUST1011,Neha Magar,Chitwan - Bharatpur,Apparel,Kids Frock,2,2849.05,5698.1,Cash,False,False,False,False,2025,11,November,2025-11,Monday,0,False,Chitwan,5698.1,0.0
TXN104397,2025-02-14,CUST1135,Sabina Bhattarai,Lalitpur - Pulchowk,Electronics,Extension Board,4,2560.41,10241.64,Debit/Credit Card,False,False,False,False,2025,2,February,2025-02,Friday,4,False,Lalitpur,10241.64,0.0
TXN105521,2025-01-21,CUST1014,Neha Basnet,Kathmandu - Kupondole,Electronics,Wall Clock,3,2392.77,7178.31,eSewa,False,False,False,False,2025,1,January,2025-01,Tuesday,1,False,Kathmandu,7178.31,0.0
TXN104061,2025-09-22,CUST1095,Neha Khadka,Pokhara - Lakeside,Apparel,Socks (3-pair pack),3,2607.5,7822.5,eSewa,False,False,False,False,2025,9,September,2025-09,Monday,0,False,Pokhara,7822.5,0.0
TXN100141,2025-05-01,CUST1005,Milan Lama,Butwal - Traffic Chowk,Electronics,Bluetooth Earphones,2,3356.07,6712.14,Debit/Credit Card,False,False,False,False,2025,5,May,2025-05,Thursday,3,False,Butwal,6712.14,0.0
TXN105936,2025-01-16,CUST1081,Puja Khadka,Kathmandu - Kupondole,Electronics,Wall Clock,3,1615.8,4847.4,eSewa,False,False,False,False,2025,1,January,2025-01,Thursday,3,False,Kathmandu,4847.4,0.0
TXN105636,2025-03-18,CUST1095,Neha Khadka,Bhaktapur - Suryabinayak,Electronics,Extension Board,4,3034.7,12138.8,Cash,False,False,False,False,2025,3,March,2025-03,Tuesday,1,False,Bhaktapur,12138.8,0.0
TXN103661,2025-04-03,CUST1136,Bikash Gurung,Kathmandu - New Road,Electronics,Bluetooth Earphones,4,1547.51,6190.04,eSewa,False,False,False,False,2025,4,April,2025-04,Thursday,3,False,Kathmandu,6190.04,0.0
TXN104078,2025-09-03,CUST1130,Alina Rai,Bhaktapur - Suryabinayak,Electronics,Bluetooth Earphones,4,2654.08,10616.32,Cash,False,False,False,False,2025,9,September,2025-09,Wednesday,2,False,Bhaktapur,10616.32,0.0
TXN103802,2025-02-10,CUST1049,Sarita Bhattarai,Kathmandu - New Road,Electronics,Wall Clock,4,1771.29,7085.16,Cash,False,False,False,False,2025,2,February,2025-02,Monday,0,False,Kathmandu,7085.16,0.0
TXN102884,2025-06-25,CUST1005,Milan Lama,Butwal - Traffic Chowk,Electronics,Wall Clock,2,2918.07,5836.14,Cash,False,False,False,False,2025,6,June,2025-06,Wednesday,2,False,Butwal,5836.14,0.0
TXN103024,2025-07-13,CUST1012,Sabina Maharjan,Pokhara - Lakeside,Electronics,Power Bank 10000mAh,4,2907.99,11631.96,eSewa,False,False,False,False,2025,7,July,2025-07,Sunday,6,True,Pokhara,11631.96,0.0
TXN101704,2025-08-31,CUST1041,Sushma Bhattarai,Lalitpur - Pulchowk,Electronics,USB Cable Type-C,4,1843.9,7375.6,Cash,False,False,False,False,2025,8,August,2025-08,Sunday,6,True,Lalitpur,7375.6,0.0
TXN100162,2025-01-23,CUST1057,Neha Karki,Kathmandu - New Road,Apparel,Formal Shirt,4,2415.82,9663.28,Cash,False,False,False,False,2025,1,January,2025-01,Thursday,3,False,Kathmandu,9663.28,0.0
TXN102932,2025-10-25,CUST1067,Anita Shrestha,Kathmandu - Kupondole,Electronics,Power Bank 10000mAh,2,2814.47,5628.94,Cash,False,False,False,False,2025,10,October,2025-10,Saturday,5,True,Kathmandu,5628.94,0.0
TXN101954,2025-12-11,CUST1002,Kritika Bhattarai,Butwal - Traffic Chowk,Apparel,Winter Jacket,4,1660.23,6640.92,Cash,False,False,False,False,2025,12,December,2025-12,Thursday,3,False,Butwal,6640.92,0.0
TXN105365,2025-07-17,CUST1049,Sarita Bhattarai,Kathmandu - New Road,Apparel,Formal Shirt,4,2496.59,9986.36,Cash,False,False,False,False,2025,7,July,2025-07,Thursday,3,False,Kathmandu,9986.36,0.0
TXN104322,2025-06-26,CUST1136,Bikash Gurung,Lalitpur - Pulchowk,Electronics,Wall Clock,2,2679.81,5359.62,eSewa,True,False,False,False,2025,6,June,2025-06,Thursday,3,False,Lalitpur,5359.62,0.0
TXN101432,2025-11-06,CUST1034,Kritika Tamang,Butwal - Traffic Chowk,Electronics,Power Bank 10000mAh,3,2290.09,6870.27,Khalti,False,False,False,False,2025,11,November,2025-11,Thursday,3,False,Butwal,6870.27,0.0
TXN102843,2025-04-27,CUST1102,Sandip Tamang,Butwal - Traffic Chowk,Apparel,Cotton T-Shirt,4,1641.22,6564.88,Bank Transfer,False,False,False,False,2025,4,April,2025-04,Sunday,6,True,Butwal,6564.88,0.0
TXN100041,2025-04-24,CUST1057,Neha Karki,Kathmandu - New Road,Electronics,Power Bank 10000mAh,3,2601.05,7803.15,Cash,False,False,False,False,2025,4,April,2025-04,Thursday,3,False,Kathmandu,7803.15,0.0
TXN102042,2025-07-23,CUST1020,Deepak Magar,Bhaktapur - Suryabinayak,Apparel,Winter Jacket,4,2800.14,11200.56,Khalti,False,False,False,False,2025,7,July,2025-07,Wednesday,2,False,Bhaktapur,11200.56,0.0
TXN102759,2025-11-17,CUST1014,Neha Basnet,Kathmandu - Kupondole,Apparel,Cotton T-Shirt,3,2962.83,8888.49,Khalti,False,False,False,False,2025,11,November,2025-11,Monday,0,False,Kathmandu,8888.49,0.0
TXN105619,2025-01-02,CUST1149,Sarita Poudel,Butwal - Traffic Chowk,Apparel,Kids Frock,4,2692.59,10770.36,eSewa,False,False,False,False,2025,1,January,2025-01,Thursday,3,False,Butwal,10770.36,0.0
TXN102589,2025-09-09,CUST1095,Neha Khadka,Pokhara - Lakeside,Electronics,USB Cable Type-C,3,2146.0,6438.0,Khalti,False,False,False,False,2025,9,September,2025-09,Tuesday,1,False,Pokhara,6438.0,0.0
TXN100896,2025-10-11,CUST1013,Kiran Shrestha,Biratnagar - Main Road,Electronics,Extension Board,2,2466.29,4932.58,Cash,False,False,False,False,2025,10,October,2025-10,Saturday,5,True,Biratnagar,4932.58,0.0
TXN105332,2025-11-21,CUST1031,Sabnam Khadka,Bhaktapur - Suryabinayak,Electronics,Wall Clock,4,2521.02,10084.08,eSewa,False,False,False,False,2025,11,November,2025-11,Friday,4,False,Bhaktapur,10084.08,0.0
TXN105551,2025-05-22,CUST1003,Kiran Adhikari,Kathmandu - Kupondole,Electronics,Wall Clock,4,2746.17,10984.68,Cash,False,False,False,False,2025,5,May,2025-05,Thursday,3,False,Kathmandu,10984.68,0.0
TXN105759,2025-12-04,CUST1093,Aashish Magar,Bhaktapur - Suryabinayak,Electronics,Bluetooth Earphones,4,2412.83,9651.32,Cash,False,False,False,False,2025,12,December,2025-12,Thursday,3,False,Bhaktapur,9651.32,0.0
TXN104000,2025-09-02,CUST1148,Sarita Basnet,Biratnagar - Main Road,Apparel,Winter Jacket,3,1765.98,5297.94,eSewa,False,False,False,False,2025,9,September,2025-09,Tuesday,1,False,Biratnagar,5297.94,0.0
TXN100915,2025-07-04,CUST1135,Sabina Bhattarai,Lalitpur - Pulchowk,Apparel,Cotton T-Shirt,3,1751.38,5254.14,Khalti,False,False,False,False,2025,7,July,2025-07,Friday,4,False,Lalitpur,5254.14,0.0
TXN102814,2025-09-23,CUST1110,Sushma Karki,Kathmandu - New Road,Electronics,USB Cable Type-C,2,3128.2,6256.4,eSewa,False,False,False,False,2025,9,September,2025-09,Tuesday,1,False,Kathmandu,6256.4,0.0
TXN105340,2025-09-23,CUST1025,Kiran Poudel,Kathmandu - Kupondole,Apparel,Winter Jacket,3,1958.59,5875.77,eSewa,False,False,False,False,2025,9,September,2025-09,Tuesday,1,False,Kathmandu,5875.77,0.0
TXN101181,2025-09-01,CUST1016,Neha Poudel,Chitwan - Bharatpur,Electronics,Extension Board,4,2191.86,8767.44,eSewa,False,False,False,False,2025,9,September,2025-09,Monday,0,False,Chitwan,8767.44,0.0
TXN104971,2025-05-18,CUST1057,Neha Karki,Kathmandu - New Road,Apparel,Kids Frock,4,2661.29,10645.16,Debit/Credit Card,False,False,False,False,2025,5,May,2025-05,Sunday,6,True,Kathmandu,10645.16,0.0
TXN103207,2025-02-04,CUST1032,Deepak Khadka,Butwal - Traffic Chowk,Electronics,Wall Clock,4,2062.08,8248.32,Cash,False,False,False,False,2025,2,February,2025-02,Tuesday,1,False,Butwal,8248.32,0.0
TXN100610,2025-08-20,CUST1132,Sabina Thapa,Kathmandu - New Road,Electronics,Bluetooth Earphones,2,2527.45,5054.9,eSewa,False,False,False,False,2025,8,August,2025-08,Wednesday,2,False,Kathmandu,5054.9,0.0
TXN103160,2025-11-25,CUST1053,Deepak Bhattarai,Pokhara - Lakeside,Electronics,Wall Clock,3,2537.95,7613.85,eSewa,False,False,False,False,2025,11,November,2025-11,Tuesday,1,False,Pokhara,7613.85,0.0
TXN101742,2025-04-25,CUST1031,Sabnam Khadka,Bhaktapur - Suryabinayak,Electronics,USB Cable Type-C,4,2220.47,8881.88,Cash,False,False,False,False,2025,4,April,2025-04,Friday,4,False,Bhaktapur,8881.88,0.0
TXN102901,2025-03-20,CUST1046,Sarita Karki,Lalitpur - Pulchowk,Electronics,Power Bank 10000mAh,4,2345.49,9381.96,Khalti,False,False,False,False,2025,3,March,2025-03,Thursday,3,False,Lalitpur,9381.96,0.0
TXN100658,2025-10-05,CUST1061,Bikash Shrestha,Bhaktapur - Suryabinayak,Apparel,Socks (3-pair pack),3,1877.06,5631.18,eSewa,False,False,False,False,2025,10,October,2025-10,Sunday,6,True,Bhaktapur,5631.18,0.0
TXN105963,2025-01-14,CUST1005,Milan Lama,Butwal - Traffic Chowk,Apparel,Formal Shirt,4,1767.19,7068.76,Cash,False,False,False,False,2025,1,January,2025-01,Tuesday,1,False,Butwal,7068.76,0.0
TXN100662,2025-08-18,CUST1019,Sarita Magar,Kathmandu - Kupondole,Electronics,USB Cable Type-C,3,1889.96,5669.88,Cash,False,False,False,False,2025,8,August,2025-08,Monday,0,False,Kathmandu,5669.88,0.0
TXN100920,2025-06-22,CUST1088,Deepak Lama,Kathmandu - Kupondole,Apparel,Cotton T-Shirt,4,1644.14,6576.56,Khalti,False,False,False,False,2025,6,June,2025-06,Sunday,6,True,Kathmandu,6576.56,0.0
TXN103158,2025-10-24,CUST1113,Nabin Basnet,Butwal - Traffic Chowk,Apparel,Winter Jacket,3,2136.1,6408.3,eSewa,False,False,False,False,2025,10,October,2025-10,Friday,4,False,Butwal,6408.3,0.0
TXN101669,2025-10-27,CUST1149,Sarita Poudel,Butwal - Traffic Chowk,Apparel,Socks (3-pair pack),3,1806.05,5418.15,Cash,False,False,False,False,2025,10,October,2025-10,Monday,0,False,Butwal,5418.15,0.0
TXN104623,2025-09-06,CUST1069,Bijay Magar,Lalitpur - Pulchowk,Electronics,Power Bank 10000mAh,2,3003.43,6006.86,Khalti,False,False,False,False,2025,9,September,2025-09,Saturday,5,True,Lalitpur,6006.86,0.0
TXN103585,2025-10-18,CUST1015,Sushma Bhattarai,Kathmandu - Kupondole,Electronics,Wall Clock,3,2499.93,7499.79,Khalti,False,False,True,False,2025,10,October,2025-10,Saturday,5,True,Kathmandu,7499.79,0.0
TXN105272,2025-09-05,CUST1031,Sabnam Khadka,Kathmandu - Kupondole,Electronics,USB Cable Type-C,2,3141.29,6282.58,Debit/Credit Card,False,False,False,False,2025,9,September,2025-09,Friday,4,False,Kathmandu,6282.58,0.0
TXN103098,2025-12-17,CUST1025,Kiran Poudel,Pokhara - Lakeside,Apparel,Winter Jacket,4,2509.6,10038.4,Khalti,False,False,False,False,2025,12,December,2025-12,Wednesday,2,False,Pokhara,10038.4,0.0
TXN101254,2025-11-26,CUST1003,Kiran Adhikari,Kathmandu - Kupondole,Apparel,Cotton T-Shirt,4,2325.26,9301.04,Khalti,False,False,False,False,2025,11,November,2025-11,Wednesday,2,False,Kathmandu,9301.04,0.0
TXN103880,2025-03-23,CUST1020,Deepak Magar,Bhaktapur - Suryabinayak,Electronics,Power Bank 10000mAh,4,3135.1,12540.4,eSewa,False,False,False,False,2025,3,March,2025-03,Sunday,6,True,Bhaktapur,12540.4,0.0
TXN103669,2025-11-10,CUST1104,Kritika Lama,Lalitpur - Pulchowk,Apparel,Cotton T-Shirt,4,1815.63,7262.52,Cash,False,False,False,False,2025,11,November,2025-11,Monday,0,False,Lalitpur,7262.52,0.0
TXN102556,2025-05-18,CUST1136,Bikash Gurung,Lalitpur - Pulchowk,Electronics,Extension Board,3,2720.24,8160.72,Cash,False,False,False,False,2025,5,May,2025-05,Sunday,6,True,Lalitpur,8160.72,0.0
TXN105772,2025-10-11,CUST1009,Sushma Rai,Kathmandu - New Road,Electronics,Bluetooth Earphones,3,2041.82,6125.46,Khalti,False,False,False,False,2025,10,October,2025-10,Saturday,5,True,Kathmandu,6125.46,0.0
TXN105721,2025-02-20,CUST1013,Kiran Shrestha,Biratnagar - Main Road,Electronics,Bluetooth Earphones,4,2100.02,8400.08,Debit/Credit Card,False,False,False,False,2025,2,February,2025-02,Thursday,3,False,Biratnagar,8400.08,0.0
TXN103236,2025-10-09,CUST1148,Sarita Basnet,Chitwan - Bharatpur,Electronics,Extension Board,3,2232.14,6696.42,Khalti,False,False,False,False,2025,10,October,2025-10,Thursday,3,False,Chitwan,6696.42,0.0
TXN103762,2025-05-04,CUST1118,Alina Shrestha,Bhaktapur - Suryabinayak,Electronics,Wall Clock,3,2888.58,8665.74,Cash,False,False,False,False,2025,5,May,2025-05,Sunday,6,True,Bhaktapur,8665.74,0.0
TXN104136,2025-10-03,CUST1002,Kritika Bhattarai,Butwal - Traffic Chowk,Electronics,Bluetooth Earphones,4,3386.57,13546.28,eSewa,False,False,False,False,2025,10,October,2025-10,Friday,4,False,Butwal,13546.28,0.0
TXN103673,2025-11-23,CUST1069,Bijay Magar,Lalitpur - Pulchowk,Household,LED Bulb 9W,4,1188.43,4753.72,Debit/Credit Card,False,False,False,False,2025,11,November,2025-11,Sunday,6,True,Lalitpur,4753.72,0.0
TXN105963,2025-01-14,CUST1005,Milan Lama,Butwal - Traffic Chowk,Electronics,Bluetooth Earphones,3,2158.14,6474.42,Cash,False,False,False,False,2025,1,January,2025-01,Tuesday,1,False,Butwal,6474.42,0.0
TXN100285,2025-03-04,CUST1097,Milan Basnet,Kathmandu - New Road,Electronics,Extension Board,3,2748.01,8244.03,Unknown,False,False,False,True,2025,3,March,2025-03,Tuesday,1,False,Kathmandu,8244.03,0.0
TXN101811,2025-06-28,CUST1060,Kritika Tamang,Lalitpur - Pulchowk,Apparel,Kids Frock,3,2366.73,7100.19,Debit/Credit Card,False,False,False,False,2025,6,June,2025-06,Saturday,5,True,Lalitpur,7100.19,0.0
TXN105548,2025-09-09,CUST1055,Rohit Poudel,Pokhara - Lakeside,Electronics,Bluetooth Earphones,2,3257.07,6514.14,Cash,False,False,False,False,2025,9,September,2025-09,Tuesday,1,False,Pokhara,6514.14,0.0
TXN104875,2025-09-28,CUST1010,Anita Karki,Chitwan - Bharatpur,Electronics,Extension Board,3,2200.28,6600.84,Khalti,False,False,False,False,2025,9,September,2025-09,Sunday,6,True,Chitwan,6600.84,0.0
TXN104709,2025-12-30,CUST1119,Nabin Maharjan,Kathmandu - New Road,Electronics,USB Cable Type-C,4,1937.0,7748.0,eSewa,False,False,False,False,2025,12,December,2025-12,Tuesday,1,False,Kathmandu,7748.0,0.0
TXN105893,2025-09-15,CUST1128,Milan Karki,Kathmandu - New Road,Electronics,Bluetooth Earphones,3,2070.17,6210.51,eSewa,False,False,False,False,2025,9,September,2025-09,Monday,0,False,Kathmandu,6210.51,0.0
TXN105827,2025-11-06,CUST1073,Bikash Shrestha,Kathmandu - New Road,Electronics,Extension Board,3,1552.32,4656.96,Cash,False,False,False,False,2025,11,November,2025-11,Thursday,3,False,Kathmandu,4656.96,0.0
TXN104849,2025-09-27,CUST1001,Deepak Lama,Bhaktapur - Suryabinayak,Electronics,USB Cable Type-C,3,2956.32,8868.96,eSewa,True,False,False,False,2025,9,September,2025-09,Saturday,5,True,Bhaktapur,8868.96,0.0
TXN102375,2025-03-25,CUST1106,Prakash Shrestha,Lalitpur - Pulchowk,Apparel,Socks (3-pair pack),4,1498.09,5992.36,Khalti,False,False,False,False,2025,3,March,2025-03,Tuesday,1,False,Lalitpur,5992.36,0.0
TXN100393,2025-01-19,CUST1020,Deepak Magar,Bhaktapur - Suryabinayak,Electronics,USB Cable Type-C,3,2683.76,8051.28,Khalti,False,False,False,False,2025,1,January,2025-01,Sunday,6,True,Bhaktapur,8051.28,0.0
TXN100544,2025-04-28,CUST1059,Rajesh Shrestha,Kathmandu - Kupondole,Apparel,Cotton T-Shirt,3,2708.72,8126.16,Cash,False,False,False,False,2025,4,April,2025-04,Monday,0,False,Kathmandu,8126.16,0.0
TXN101970,2025-11-21,CUST1025,Kiran Poudel,Kathmandu - Kupondole,Electronics,Extension Board,3,2359.79,7079.37,Cash,False,False,False,False,2025,11,November,2025-11,Friday,4,False,Kathmandu,7079.37,0.0
TXN100188,2025-11-19,CUST1032,Deepak Khadka,Lalitpur - Pulchowk,Electronics,Power Bank 10000mAh,2,2969.24,5938.48,eSewa,False,False,False,False,2025,11,November,2025-11,Wednesday,2,False,Lalitpur,5938.48,0.0
TXN100941,2025-06-20,CUST1049,Sarita Bhattarai,Kathmandu - New Road,Apparel,Kids Frock,3,2128.74,6386.22,Cash,False,False,False,False,2025,6,June,2025-06,Friday,4,False,Kathmandu,6386.22,0.0
TXN100214,2025-08-02,CUST1108,Neha Karki,Bhaktapur - Suryabinayak,Apparel,Cotton T-Shirt,4,1830.57,7322.28,Khalti,False,False,False,False,2025,8,August,2025-08,Saturday,5,True,Bhaktapur,7322.28,0.0
TXN101938,2025-10-07,CUST1000,Rohit Gurung,Pokhara - Lakeside,Electronics,Wall Clock,3,3180.42,9541.26,Cash,False,False,False,False,2025,10,October,2025-10,Tuesday,1,False,Pokhara,9541.26,0.0
TXN104183,2025-07-28,CUST1025,Kiran Poudel,Kathmandu - Kupondole,Apparel,Formal Shirt,3,2307.18,6921.54,eSewa,False,False,False,False,2025,7,July,2025-07,Monday,0,False,Kathmandu,6921.54,0.0
TXN101022,2025-07-28,CUST1020,Deepak Magar,Lalitpur - Pulchowk,Apparel,Kids Frock,4,1808.4,7233.6,eSewa,False,False,False,False,2025,7,July,2025-07,Monday,0,False,Lalitpur,7233.6,0.0
TXN101380,2025-04-15,CUST1057,Neha Karki,Kathmandu - New Road,Electronics,Power Bank 10000mAh,3,2702.58,8107.74,eSewa,False,False,False,False,2025,4,April,2025-04,Tuesday,1,False,Kathmandu,8107.74,0.0
TXN102801,2025-02-15,CUST1009,Sushma Rai,Kathmandu - New Road,Apparel,Cotton T-Shirt,4,2405.78,9623.12,Khalti,False,False,False,False,2025,2,February,2025-02,Saturday,5,True,Kathmandu,9623.12,0.0
TXN101847,2025-06-09,CUST1048,Kritika Rai,Kathmandu - New Road,Electronics,Power Bank 10000mAh,2,2417.98,4835.96,Debit/Credit Card,False,False,False,False,2025,6,June,2025-06,Monday,0,False,Kathmandu,4835.96,0.0
TXN101477,2025-06-26,CUST1149,Sarita Poudel,Chitwan - Bharatpur,Electronics,Extension Board,2,2513.32,5026.64,Khalti,False,False,False,False,2025,6,June,2025-06,Thursday,3,False,Chitwan,5026.64,0.0
TXN100883,2025-11-25,CUST1020,Deepak Magar,Kathmandu - New Road,Apparel,Winter Jacket,4,1281.98,5127.92,eSewa,False,False,False,False,2025,11,November,2025-11,Tuesday,1,False,Kathmandu,5127.92,0.0
TXN100894,2025-07-22,CUST1025,Kiran Poudel,Kathmandu - Kupondole,Apparel,Socks (3-pair pack),3,2599.36,7798.08,eSewa,False,False,False,False,2025,7,July,2025-07,Tuesday,1,False,Kathmandu,7798.08,0.0
TXN104889,2025-05-24,CUST1118,Alina Shrestha,Bhaktapur - Suryabinayak,Electronics,USB Cable Type-C,4,2005.13,8020.52,eSewa,False,False,False,False,2025,5,May,2025-05,Saturday,5,True,Bhaktapur,8020.52,0.0
TXN102640,2025-03-01,CUST1081,Puja Khadka,Kathmandu - Kupondole,Apparel,Formal Shirt,4,2772.61,11090.44,Cash,False,False,False,False,2025,3,March,2025-03,Saturday,5,True,Kathmandu,11090.44,0.0
TXN104705,2025-11-04,CUST1056,Alina Shrestha,Pokhara - Lakeside,Apparel,Formal Shirt,2,2851.04,5702.08,Khalti,False,True,False,False,2025,11,November,2025-11,Tuesday,1,False,Pokhara,5702.08,0.0
TXN104458,2025-05-07,CUST1003,Kiran Adhikari,Kathmandu - Kupondole,Apparel,Kids Frock,3,1793.1,5379.3,Cash,False,False,False,False,2025,5,May,2025-05,Wednesday,2,False,Kathmandu,5379.3,0.0
TXN104551,2025-01-04,CUST1108,Neha Karki,Kathmandu - New Road,Electronics,Extension Board,3,2078.89,6236.67,Khalti,False,False,False,False,2025,1,January,2025-01,Saturday,5,True,Kathmandu,6236.67,0.0
TXN100963,2025-12-27,CUST1097,Milan Basnet,Kathmandu - New Road,Apparel,Formal Shirt,4,2289.65,9158.6,Khalti,False,False,False,False,2025,12,December,2025-12,Saturday,5,True,Kathmandu,9158.6,0.0
TXN105089,2025-08-11,CUST1083,Rohit Shrestha,Kathmandu - New Road,Apparel,Kids Frock,2,2532.16,5064.32,Cash,False,False,False,False,2025,8,August,2025-08,Monday,0,False,Kathmandu,5064.32,0.0
TXN103544,2025-10-02,CUST1108,Neha Karki,Bhaktapur - Suryabinayak,Electronics,USB Cable Type-C,3,2246.02,6738.06,Cash,False,False,False,False,2025,10,October,2025-10,Thursday,3,False,Bhaktapur,6738.06,0.0
TXN100757,2025-08-22,CUST1100,Sujan Shrestha,Pokhara - Lakeside,Apparel,Socks (3-pair pack),4,1930.11,7720.44,eSewa,False,False,False,False,2025,8,August,2025-08,Friday,4,False,Pokhara,7720.44,0.0
TXN103125,2025-06-04,CUST1118,Alina Shrestha,Bhaktapur - Suryabinayak,Household,Steel Lunch Box,4,1195.39,4781.56,Cash,False,False,False,False,2025,6,June,2025-06,Wednesday,2,False,Bhaktapur,4781.56,0.0
TXN102883,2025-09-11,CUST1002,Kritika Bhattarai,Butwal - Traffic Chowk,Electronics,Wall Clock,3,2877.87,8633.61,Debit/Credit Card,False,False,False,False,2025,9,September,2025-09,Thursday,3,False,Butwal,8633.61,0.0
TXN100633,2025-10-11,CUST1002,Kritika Bhattarai,Butwal - Traffic Chowk,Electronics,USB Cable Type-C,4,3250.72,13002.88,eSewa,False,False,False,False,2025,10,October,2025-10,Saturday,5,True,Butwal,13002.88,0.0
TXN105943,2025-09-02,CUST1064,Sandip Khadka,Bhaktapur - Suryabinayak,Apparel,Socks (3-pair pack),3,1616.39,4849.17,Cash,False,False,False,False,2025,9,September,2025-09,Tuesday,1,False,Bhaktapur,4849.17,0.0
TXN105058,2025-08-22,CUST1140,Sabnam Poudel,Biratnagar - Main Road,Electronics,Wall Clock,4,2366.31,9465.24,Cash,False,False,False,False,2025,8,August,2025-08,Friday,4,False,Biratnagar,9465.24,0.0
TXN101352,2025-06-12,CUST1070,Alina Rai,Kathmandu - Kupondole,Electronics,Power Bank 10000mAh,2,2434.28,4868.56,Debit/Credit Card,False,False,False,False,2025,6,June,2025-06,Thursday,3,False,Kathmandu,4868.56,0.0
TXN103591,2025-12-05,CUST1130,Alina Rai,Bhaktapur - Suryabinayak,Apparel,Winter Jacket,4,2125.19,8500.76,Unknown,False,False,False,True,2025,12,December,2025-12,Friday,4,False,Bhaktapur,8500.76,0.0
TXN104813,2025-10-17,CUST1009,Sushma Rai,Kathmandu - New Road,Electronics,Extension Board,4,3025.45,12101.8,Khalti,False,True,False,False,2025,10,October,2025-10,Friday,4,False,Kathmandu,12101.8,0.0
TXN101679,2025-04-06,CUST1149,Sarita Poudel,Butwal - Traffic Chowk,Apparel,Socks (3-pair pack),3,1913.46,5740.38,Bank Transfer,False,False,False,False,2025,4,April,2025-04,Sunday,6,True,Butwal,5740.38,0.0
TXN102858,2025-12-08,CUST1000,Rohit Gurung,Pokhara - Lakeside,Apparel,Formal Shirt,3,2949.92,8849.76,Cash,False,False,False,False,2025,12,December,2025-12,Monday,0,False,Pokhara,8849.76,0.0
TXN103707,2025-06-11,CUST1010,Anita Karki,Chitwan - Bharatpur,Electronics,Power Bank 10000mAh,4,1509.59,6038.36,eSewa,False,False,False,False,2025,6,June,2025-06,Wednesday,2,False,Chitwan,6038.36,0.0
TXN100998,2025-11-16,CUST1041,Sushma Bhattarai,Lalitpur - Pulchowk,Apparel,Cotton T-Shirt,4,1983.29,7933.16,eSewa,False,False,False,False,2025,11,November,2025-11,Sunday,6,True,Lalitpur,7933.16,0.0
TXN104599,2025-03-19,CUST1115,Rohit Maharjan,Chitwan - Bharatpur,Apparel,Socks (3-pair pack),2,2885.34,5770.68,Cash,False,False,False,False,2025,3,March,2025-03,Wednesday,2,False,Chitwan,5770.68,0.0
TXN101981,2025-11-03,CUST1093,Aashish Magar,Bhaktapur - Suryabinayak,Electronics,Power Bank 10000mAh,3,2828.97,8486.91,eSewa,False,False,False,False,2025,11,November,2025-11,Monday,0,False,Bhaktapur,8486.91,0.0
TXN104561,2025-02-17,CUST1002,Kritika Bhattarai,Butwal - Traffic Chowk,Apparel,Winter Jacket,4,2555.29,10221.16,Cash,False,False,False,False,2025,2,February,2025-02,Monday,0,False,Butwal,10221.16,0.0
TXN101700,2025-02-11,CUST1123,Sujan Tamang,Kathmandu - New Road,Apparel,Kids Frock,3,1692.53,5077.59,Cash,False,False,False,False,2025,2,February,2025-02,Tuesday,1,False,Kathmandu,5077.59,0.0
TXN103725,2025-01-14,CUST1095,Neha Khadka,Pokhara - Lakeside,Apparel,Formal Shirt,4,2654.41,10617.64,Debit/Credit Card,False,False,True,False,2025,1,January,2025-01,Tuesday,1,False,Pokhara,10617.64,0.0
TXN102449,2025-11-13,CUST1100,Sujan Shrestha,Pokhara - Lakeside,Electronics,USB Cable Type-C,4,1444.89,5779.56,Cash,False,False,False,False,2025,11,November,2025-11,Thursday,3,False,Pokhara,5779.56,0.0
TXN104331,2025-07-17,CUST1014,Neha Basnet,Kathmandu - Kupondole,Apparel,Winter Jacket,2,2462.1,4924.2,Bank Transfer,False,False,False,False,2025,7,July,2025-07,Thursday,3,False,Kathmandu,4924.2,0.0
TXN101208,2025-07-24,CUST1078,Bijay Magar,Kathmandu - Kupondole,Electronics,Wall Clock,3,2762.24,8286.72,Cash,False,False,False,False,2025,7,July,2025-07,Thursday,3,False,Kathmandu,8286.72,0.0
TXN101488,2025-07-24,CUST1008,Alina Tamang,Bhaktapur - Suryabinayak,Electronics,Bluetooth Earphones,4,1715.94,6863.76,eSewa,False,False,False,False,2025,7,July,2025-07,Thursday,3,False,Bhaktapur,6863.76,0.0
TXN105653,2025-05-25,CUST1010,Anita Karki,Chitwan - Bharatpur,Apparel,Winter Jacket,3,2694.91,8084.73,Cash,False,False,False,False,2025,5,May,2025-05,Sunday,6,True,Chitwan,8084.73,0.0
TXN102567,2025-11-16,CUST1095,Neha Khadka,Pokhara - Lakeside,Apparel,Socks (3-pair pack),4,2503.49,10013.96,Cash,False,False,False,False,2025,11,November,2025-11,Sunday,6,True,Pokhara,10013.96,0.0
TXN101496,2025-04-11,CUST1052,Aashish Poudel,Lalitpur - Pulchowk,Electronics,Wall Clock,3,3443.9,10331.7,Khalti,False,False,False,False,2025,4,April,2025-04,Friday,4,False,Lalitpur,10331.7,0.0
TXN103875,2025-11-18,CUST1110,Sushma Karki,Kathmandu - New Road,Apparel,Cotton T-Shirt,3,2352.46,7057.38,Cash,False,False,False,False,2025,11,November,2025-11,Tuesday,1,False,Kathmandu,7057.38,0.0
TXN105066,2025-05-21,CUST1135,Sabina Bhattarai,Pokhara - Lakeside,Apparel,Winter Jacket,2,2686.21,5372.42,Khalti,False,False,False,False,2025,5,May,2025-05,Wednesday,2,False,Pokhara,5372.42,0.0
TXN101816,2025-10-26,CUST1135,Sabina Bhattarai,Lalitpur - Pulchowk,Household,Steel Lunch Box,4,1197.91,4791.64,Cash,False,False,False,False,2025,10,October,2025-10,Sunday,6,True,Lalitpur,4791.64,0.0
TXN104135,2025-09-09,CUST1088,Deepak Lama,Kathmandu - Kupondole,Apparel,Formal Shirt,4,2077.22,8308.88,Cash,False,False,False,False,2025,9,September,2025-09,Tuesday,1,False,Kathmandu,8308.88,0.0
TXN105568,2025-07-16,CUST1080,Sandip Basnet,Chitwan - Bharatpur,Electronics,USB Cable Type-C,2,2832.02,5664.04,Cash,True,False,False,False,2025,7,July,2025-07,Wednesday,2,False,Chitwan,5664.04,0.0
TXN101439,2025-11-28,CUST1023,Bikash Rai,Kathmandu - Kupondole,Apparel,Formal Shirt,3,2745.07,8235.21,Debit/Credit Card,False,False,False,False,2025,11,November,2025-11,Friday,4,False,Kathmandu,8235.21,0.0
TXN101336,2025-05-23,CUST1112,Nabin Magar,Butwal - Traffic Chowk,Apparel,Socks (3-pair pack),4,1864.66,7458.64,Cash,False,False,False,False,2025,5,May,2025-05,Friday,4,False,Butwal,7458.64,0.0
TXN101039,2025-01-24,CUST1015,Sushma Bhattarai,Kathmandu - Kupondole,Apparel,Socks (3-pair pack),3,2363.31,7089.93,Debit/Credit Card,False,False,False,False,2025,1,January,2025-01,Friday,4,False,Kathmandu,7089.93,0.0
TXN102043,2025-01-25,CUST1130,Alina Rai,Bhaktapur - Suryabinayak,Electronics,Wall Clock,4,2755.6,11022.4,eSewa,False,False,False,False,2025,1,January,2025-01,Saturday,5,True,Bhaktapur,11022.4,0.0
TXN100439,2025-02-21,CUST1013,Kiran Shrestha,Pokhara - Lakeside,Apparel,Socks (3-pair pack),4,1376.52,5506.08,Khalti,False,False,False,False,2025,2,February,2025-02,Friday,4,False,Pokhara,5506.08,0.0
TXN103988,2025-02-24,CUST1039,Sabina Thapa,Butwal - Traffic Chowk,Electronics,Wall Clock,3,2797.02,8391.06,eSewa,False,False,False,False,2025,2,February,2025-02,Monday,0,False,Butwal,8391.06,0.0
TXN104581,2025-01-08,CUST1130,Alina Rai,Bhaktapur - Suryabinayak,Apparel,Socks (3-pair pack),3,2119.57,6358.71,Cash,False,False,False,False,2025,1,January,2025-01,Wednesday,2,False,Bhaktapur,6358.71,0.0
TXN103357,2025-10-10,CUST1016,Neha Poudel,Bhaktapur - Suryabinayak,Electronics,Wall Clock,3,3427.41,10282.23,Cash,False,False,False,False,2025,10,October,2025-10,Friday,4,False,Bhaktapur,10282.23,0.0
TXN102298,2025-04-08,CUST1078,Bijay Magar,Kathmandu - Kupondole,Apparel,Cotton T-Shirt,4,1296.73,5186.92,Khalti,False,False,False,False,2025,4,April,2025-04,Tuesday,1,False,Kathmandu,5186.92,0.0
TXN103559,2025-01-23,CUST1130,Alina Rai,Bhaktapur - Suryabinayak,Electronics,Bluetooth Earphones,3,3285.2,9855.6,Debit/Credit Card,False,False,False,False,2025,1,January,2025-01,Thursday,3,False,Bhaktapur,9855.6,0.0
TXN100957,2025-10-22,CUST1149,Sarita Poudel,Butwal - Traffic Chowk,Apparel,Cotton T-Shirt,4,1501.15,6004.6,eSewa,False,False,False,False,2025,10,October,2025-10,Wednesday,2,False,Butwal,6004.6,0.0
TXN105132,2025-01-05,CUST1052,Aashish Poudel,Lalitpur - Pulchowk,Electronics,USB Cable Type-C,2,2466.57,4933.14,Khalti,False,False,False,False,2025,1,January,2025-01,Sunday,6,True,Lalitpur,4933.14,0.0
TXN100967,2025-08-22,CUST1055,Rohit Poudel,Lalitpur - Pulchowk,Electronics,Bluetooth Earphones,3,3311.0699999999997,9933.21,Debit/Credit Card,False,False,True,False,2025,8,August,2025-08,Friday,4,False,Lalitpur,9933.21,0.0
TXN104273,2025-10-27,CUST1003,Kiran Adhikari,Kathmandu - Kupondole,Electronics,USB Cable Type-C,2,2550.58,5101.16,eSewa,False,False,False,False,2025,10,October,2025-10,Monday,0,False,Kathmandu,5101.16,0.0
TXN100030,2025-09-29,CUST1014,Neha Basnet,Kathmandu - Kupondole,Electronics,Extension Board,2,3363.43,6726.86,Khalti,False,False,False,False,2025,9,September,2025-09,Monday,0,False,Kathmandu,6726.86,0.0
TXN105485,2025-04-01,CUST1110,Sushma Karki,Biratnagar - Main Road,Electronics,Wall Clock,3,2323.59,6970.77,Unknown,False,False,False,True,2025,4,April,2025-04,Tuesday,1,False,Biratnagar,6970.77,0.0
TXN100922,2025-09-20,CUST1057,Neha Karki,Bhaktapur - Suryabinayak,Apparel,Kids Frock,2,2699.94,5399.88,Cash,False,False,False,False,2025,9,September,2025-09,Saturday,5,True,Bhaktapur,5399.88,0.0
TXN105569,2025-07-02,CUST1102,Sandip Tamang,Butwal - Traffic Chowk,Apparel,Cotton T-Shirt,3,2283.32,6849.96,Cash,False,False,False,False,2025,7,July,2025-07,Wednesday,2,False,Butwal,6849.96,0.0
TXN104714,2025-02-15,CUST1057,Neha Karki,Kathmandu - New Road,Electronics,Wall Clock,4,2585.63,10342.52,eSewa,False,False,False,False,2025,2,February,2025-02,Saturday,5,True,Kathmandu,10342.52,0.0
TXN103644,2025-10-07,CUST1138,Bikash Tamang,Bhaktapur - Suryabinayak,Electronics,Extension Board,4,2022.21,8088.84,Cash,False,False,False,False,2025,10,October,2025-10,Tuesday,1,False,Bhaktapur,8088.84,0.0
TXN102067,2025-11-18,CUST1131,Sabnam Maharjan,Pokhara - Lakeside,Electronics,Extension Board,4,1204.82,4819.28,eSewa,False,False,False,False,2025,11,November,2025-11,Tuesday,1,False,Pokhara,4819.28,0.0
TXN103950,2025-11-26,CUST1088,Deepak Lama,Kathmandu - Kupondole,Electronics,Wall Clock,4,3309.21,13236.84,eSewa,False,False,False,False,2025,11,November,2025-11,Wednesday,2,False,Kathmandu,13236.84,0.0
TXN100101,2025-05-06,CUST1057,Neha Karki,Kathmandu - New Road,Electronics,Extension Board,4,1827.04,7308.16,Khalti,False,False,False,False,2025,5,May,2025-05,Tuesday,1,False,Kathmandu,7308.16,0.0
TXN103718,2025-11-28,CUST1057,Neha Karki,Kathmandu - New Road,Electronics,Power Bank 10000mAh,4,1223.73,4894.92,Debit/Credit Card,False,False,False,False,2025,11,November,2025-11,Friday,4,False,Kathmandu,4894.92,0.0
TXN104120,2025-10-03,CUST1009,Sushma Rai,Kathmandu - New Road,Electronics,Power Bank 10000mAh,3,3212.95,9638.85,Khalti,False,False,False,False,2025,10,October,2025-10,Friday,4,False,Kathmandu,9638.85,0.0
TXN104698,2025-11-15,CUST1088,Deepak Lama,Kathmandu - Kupondole,Electronics,Power Bank 10000mAh,3,2107.77,6323.31,Khalti,False,False,False,False,2025,11,November,2025-11,Saturday,5,True,Kathmandu,6323.31,0.0
TXN104374,2025-09-07,CUST1053,Deepak Bhattarai,Pokhara - Lakeside,Electronics,Extension Board,3,1665.84,4997.52,Unknown,False,False,False,True,2025,9,September,2025-09,Sunday,6,True,Pokhara,4997.52,0.0
TXN100417,2025-03-16,CUST1039,Sabina Thapa,Biratnagar - Main Road,Electronics,Power Bank 10000mAh,3,2776.24,8328.72,Cash,False,False,False,False,2025,3,March,2025-03,Sunday,6,True,Biratnagar,8328.72,0.0
TXN105285,2025-09-12,CUST1039,Sabina Thapa,Lalitpur - Pulchowk,Apparel,Winter Jacket,2,2708.11,5416.22,Khalti,False,False,False,False,2025,9,September,2025-09,Friday,4,False,Lalitpur,5416.22,0.0
TXN101114,2025-10-05,CUST1023,Bikash Rai,Kathmandu - Kupondole,Electronics,Wall Clock,3,3211.15,9633.45,Khalti,False,False,False,False,2025,10,October,2025-10,Sunday,6,True,Kathmandu,9633.45,0.0
TXN103617,2025-07-24,CUST1096,Sabnam Magar,Chitwan - Bharatpur,Apparel,Formal Shirt,4,1660.06,6640.24,eSewa,False,False,False,False,2025,7,July,2025-07,Thursday,3,False,Chitwan,6640.24,0.0
TXN102590,2025-02-03,CUST1093,Aashish Magar,Bhaktapur - Suryabinayak,Electronics,Extension Board,2,2929.84,5859.68,Cash,False,False,False,False,2025,2,February,2025-02,Monday,0,False,Bhaktapur,5859.68,0.0
TXN101694,2025-10-17,CUST1010,Anita Karki,Chitwan - Bharatpur,Electronics,Extension Board,4,3264.1,13056.4,Cash,False,False,False,False,2025,10,October,2025-10,Friday,4,False,Chitwan,13056.4,0.0
TXN101441,2025-01-10,CUST1002,Kritika Bhattarai,Butwal - Traffic Chowk,Electronics,Extension Board,4,1720.59,6882.36,Cash,False,False,False,False,2025,1,January,2025-01,Friday,4,False,Butwal,6882.36,0.0
TXN105721,2025-02-20,CUST1013,Kiran Shrestha,Biratnagar - Main Road,Electronics,Power Bank 10000mAh,2,2720.09,5440.18,Khalti,False,False,False,False,2025,2,February,2025-02,Thursday,3,False,Biratnagar,5440.18,0.0
TXN105039,2025-08-28,CUST1130,Alina Rai,Kathmandu - Kupondole,Electronics,Wall Clock,3,3438.82,10316.46,eSewa,False,False,False,False,2025,8,August,2025-08,Thursday,3,False,Kathmandu,10316.46,0.0
TXN104103,2025-11-08,CUST1118,Alina Shrestha,Bhaktapur - Suryabinayak,Electronics,USB Cable Type-C,4,3283.27,13133.08,Khalti,False,False,False,False,2025,11,November,2025-11,Saturday,5,True,Bhaktapur,13133.08,0.0
TXN102507,2025-10-17,CUST1009,Sushma Rai,Kathmandu - New Road,Apparel,Winter Jacket,3,1738.13,5214.39,Cash,False,False,False,False,2025,10,October,2025-10,Friday,4,False,Kathmandu,5214.39,0.0
TXN104241,2025-06-30,CUST1043,Neha Maharjan,Butwal - Traffic Chowk,Electronics,Bluetooth Earphones,2,3264.66,6529.32,Khalti,False,False,False,False,2025,6,June,2025-06,Monday,0,False,Butwal,6529.32,0.0
TXN102124,2025-11-25,CUST1111,Sandip Gurung,Biratnagar - Main Road,Apparel,Formal Shirt,3,2403.0,7209.0,eSewa,False,False,False,False,2025,11,November,2025-11,Tuesday,1,False,Biratnagar,7209.0,0.0
TXN100577,2025-09-30,CUST1002,Kritika Bhattarai,Butwal - Traffic Chowk,Apparel,Formal Shirt,4,2832.22,11328.88,Bank Transfer,False,False,False,False,2025,9,September,2025-09,Tuesday,1,False,Butwal,11328.88,0.0
TXN104333,2025-07-05,CUST1108,Neha Karki,Bhaktapur - Suryabinayak,Apparel,Cotton T-Shirt,4,1438.14,5752.56,Cash,False,False,False,False,2025,7,July,2025-07,Saturday,5,True,Bhaktapur,5752.56,0.0
TXN100799,2025-11-13,CUST1093,Aashish Magar,Bhaktapur - Suryabinayak,Apparel,Socks (3-pair pack),3,2736.2,8208.6,eSewa,True,False,False,False,2025,11,November,2025-11,Thursday,3,False,Bhaktapur,8208.6,0.0
TXN105575,2025-11-18,CUST1130,Alina Rai,Bhaktapur - Suryabinayak,Apparel,Kids Frock,3,2261.7,6785.1,Bank Transfer,False,True,False,False,2025,11,November,2025-11,Tuesday,1,False,Bhaktapur,6785.1,0.0
TXN105986,2025-12-28,CUST1036,Sunita Maharjan,Kathmandu - Kupondole,Electronics,USB Cable Type-C,4,3426.88,13707.52,Khalti,False,False,False,False,2025,12,December,2025-12,Sunday,6,True,Kathmandu,13707.52,0.0
TXN104350,2025-07-27,CUST1050,Manisha Rai,Pokhara - Lakeside,Electronics,Bluetooth Earphones,3,1908.64,5725.92,eSewa,False,False,False,False,2025,7,July,2025-07,Sunday,6,True,Pokhara,5725.92,0.0
TXN101898,2025-11-25,CUST1139,Sabnam Adhikari,Bhaktapur - Suryabinayak,Apparel,Socks (3-pair pack),4,1857.88,7431.52,eSewa,False,False,False,False,2025,11,November,2025-11,Tuesday,1,False,Bhaktapur,7431.52,0.0
TXN101479,2025-06-09,CUST1057,Neha Karki,Kathmandu - New Road,Apparel,Kids Frock,4,2052.11,8208.44,Cash,False,False,False,False,2025,6,June,2025-06,Monday,0,False,Kathmandu,8208.44,0.0
TXN104712,2025-02-24,CUST1057,Neha Karki,Kathmandu - New Road,Electronics,USB Cable Type-C,4,3355.64,13422.56,Khalti,False,False,False,False,2025,2,February,2025-02,Monday,0,False,Kathmandu,13422.56,0.0
TXN104624,2025-02-03,CUST1061,Bikash Shrestha,Bhaktapur - Suryabinayak,Apparel,Socks (3-pair pack),4,1791.04,7164.16,Cash,True,False,False,False,2025,2,February,2025-02,Monday,0,False,Bhaktapur,7164.16,0.0
TXN100418,2025-11-15,CUST1058,Alina Lama,Kathmandu - New Road,Apparel,Kids Frock,4,2417.2,9668.8,Cash,False,False,False,False,2025,11,November,2025-11,Saturday,5,True,Kathmandu,9668.8,0.0
TXN101816,2025-10-26,CUST1135,Sabina Bhattarai,Lalitpur - Pulchowk,Electronics,Extension Board,4,2111.94,8447.76,Cash,False,False,False,False,2025,10,October,2025-10,Sunday,6,True,Lalitpur,8447.76,0.0
TXN104156,2025-04-06,CUST1123,Sujan Tamang,Kathmandu - New Road,Apparel,Winter Jacket,4,2043.38,8173.52,eSewa,False,False,False,False,2025,4,April,2025-04,Sunday,6,True,Kathmandu,8173.52,0.0
TXN100621,2025-10-30,CUST1128,Milan Karki,Kathmandu - New Road,Apparel,Kids Frock,3,2498.65,7495.95,Khalti,False,False,False,False,2025,10,October,2025-10,Thursday,3,False,Kathmandu,7495.95,0.0
TXN103735,2025-04-10,CUST1052,Aashish Poudel,Lalitpur - Pulchowk,Electronics,Bluetooth Earphones,3,1891.85,5675.55,Cash,True,False,False,False,2025,4,April,2025-04,Thursday,3,False,Lalitpur,5675.55,0.0
TXN100676,2025-01-21,CUST1060,Kritika Tamang,Lalitpur - Pulchowk,Apparel,Formal Shirt,4,1698.51,6794.04,eSewa,False,False,False,False,2025,1,January,2025-01,Tuesday,1,False,Lalitpur,6794.04,0.0
TXN102870,2025-01-21,CUST1118,Alina Shrestha,Bhaktapur - Suryabinayak,Apparel,Cotton T-Shirt,4,2584.85,10339.4,eSewa,False,False,False,False,2025,1,January,2025-01,Tuesday,1,False,Bhaktapur,10339.4,0.0
TXN105158,2025-04-15,CUST1020,Deepak Magar,Bhaktapur - Suryabinayak,Apparel,Kids Frock,4,2460.72,9842.88,Bank Transfer,False,False,False,False,2025,4,April,2025-04,Tuesday,1,False,Bhaktapur,9842.88,0.0
TXN104581,2025-01-08,CUST1130,Alina Rai,Bhaktapur - Suryabinayak,Electronics,Extension Board,4,3382.91,13531.64,Khalti,False,False,False,False,2025,1,January,2025-01,Wednesday,2,False,Bhaktapur,13531.64,0.0
TXN101688,2025-09-30,CUST1002,Kritika Bhattarai,Butwal - Traffic Chowk,Apparel,Cotton T-Shirt,3,1628.06,4884.18,Bank Transfer,False,False,False,False,2025,9,September,2025-09,Tuesday,1,False,Butwal,4884.18,0.0
TXN102180,2025-04-16,CUST1025,Kiran Poudel,Kathmandu - Kupondole,Electronics,USB Cable Type-C,3,2178.22,6534.66,eSewa,False,False,False,False,2025,4,April,2025-04,Wednesday,2,False,Kathmandu,6534.66,0.0
TXN102616,2025-01-09,CUST1117,Prakash Shrestha,Pokhara - Lakeside,Apparel,Formal Shirt,4,2218.78,8875.12,eSewa,False,False,False,False,2025,1,January,2025-01,Thursday,3,False,Pokhara,8875.12,0.0
TXN104493,2025-03-13,CUST1004,Rajesh Adhikari,Kathmandu - Kupondole,Electronics,Wall Clock,3,3001.55,9004.65,Cash,False,False,False,False,2025,3,March,2025-03,Thursday,3,False,Kathmandu,9004.65,0.0
TXN102118,2025-11-12,CUST1149,Sarita Poudel,Butwal - Traffic Chowk,Electronics,Power Bank 10000mAh,3,2152.15,6456.45,Cash,False,False,False,False,2025,11,November,2025-11,Wednesday,2,False,Butwal,6456.45,0.0
TXN104401,2025-03-03,CUST1128,Milan Karki,Kathmandu - New Road,Electronics,Power Bank 10000mAh,3,2902.88,8708.64,Khalti,False,False,False,False,2025,3,March,2025-03,Monday,0,False,Kathmandu,8708.64,0.0
TXN101209,2025-12-05,CUST1138,Bikash Tamang,Bhaktapur - Suryabinayak,Electronics,Wall Clock,3,1709.4,5128.2,Cash,False,False,False,False,2025,12,December,2025-12,Friday,4,False,Bhaktapur,5128.2,0.0
TXN100868,2025-09-22,CUST1052,Aashish Poudel,Lalitpur - Pulchowk,Apparel,Cotton T-Shirt,4,1475.38,5901.52,Khalti,False,False,False,False,2025,9,September,2025-09,Monday,0,False,Lalitpur,5901.52,0.0
TXN100503,2025-03-24,CUST1034,Kritika Tamang,Butwal - Traffic Chowk,Apparel,Socks (3-pair pack),4,2093.06,8372.24,Bank Transfer,False,False,False,False,2025,3,March,2025-03,Monday,0,False,Butwal,8372.24,0.0
TXN102234,2025-04-21,CUST1014,Neha Basnet,Kathmandu - Kupondole,Electronics,USB Cable Type-C,4,1294.53,5178.12,Cash,False,False,False,False,2025,4,April,2025-04,Monday,0,False,Kathmandu,5178.12,0.0
TXN103643,2025-01-05,CUST1093,Aashish Magar,Bhaktapur - Suryabinayak,Apparel,Winter Jacket,3,2176.44,6529.32,Khalti,False,False,False,False,2025,1,January,2025-01,Sunday,6,True,Bhaktapur,6529.32,0.0
TXN100568,2025-06-28,CUST1013,Kiran Shrestha,Biratnagar - Main Road,Electronics,USB Cable Type-C,4,2664.4,10657.6,eSewa,False,False,False,False,2025,6,June,2025-06,Saturday,5,True,Biratnagar,10657.6,0.0
TXN102445,2025-12-11,CUST1114,Sabnam Khadka,Biratnagar - Main Road,Apparel,Cotton T-Shirt,2,2456.57,4913.14,eSewa,False,False,False,False,2025,12,December,2025-12,Thursday,3,False,Biratnagar,4913.14,0.0
TXN101366,2025-10-22,CUST1123,Sujan Tamang,Kathmandu - New Road,Electronics,USB Cable Type-C,4,2795.92,11183.68,Cash,False,False,False,False,2025,10,October,2025-10,Wednesday,2,False,Kathmandu,11183.68,0.0
TXN101323,2025-10-10,CUST1060,Kritika Tamang,Lalitpur - Pulchowk,Apparel,Winter Jacket,3,2223.44,6670.32,Unknown,False,False,False,True,2025,10,October,2025-10,Friday,4,False,Lalitpur,6670.32,0.0
TXN100555,2025-08-16,CUST1019,Sarita Magar,Kathmandu - Kupondole,Apparel,Kids Frock,3,2997.14,8991.42,Khalti,False,False,False,False,2025,8,August,2025-08,Saturday,5,True,Kathmandu,8991.42,0.0
TXN105944,2025-12-20,CUST1024,Rajesh Adhikari,Lalitpur - Pulchowk,Apparel,Winter Jacket,3,2516.4,7549.2,Debit/Credit Card,False,False,False,False,2025,12,December,2025-12,Saturday,5,True,Lalitpur,7549.2,0.0
TXN105509,2025-11-05,CUST1025,Kiran Poudel,Kathmandu - Kupondole,Apparel,Socks (3-pair pack),4,1506.86,6027.44,Cash,False,False,False,False,2025,11,November,2025-11,Wednesday,2,False,Kathmandu,6027.44,0.0
TXN105750,2025-04-29,CUST1052,Aashish Poudel,Lalitpur - Pulchowk,Apparel,Winter Jacket,3,2988.98,8966.94,Cash,False,False,False,False,2025,4,April,2025-04,Tuesday,1,False,Lalitpur,8966.94,0.0
TXN101355,2025-02-08,CUST1050,Manisha Rai,Pokhara - Lakeside,Apparel,Kids Frock,2,2387.9,4775.8,eSewa,False,False,False,False,2025,2,February,2025-02,Saturday,5,True,Pokhara,4775.8,0.0
TXN101587,2025-10-09,CUST1100,Sujan Shrestha,Pokhara - Lakeside,Apparel,Cotton T-Shirt,4,2972.44,11889.76,Cash,False,False,False,False,2025,10,October,2025-10,Thursday,3,False,Pokhara,11889.76,0.0
TXN103767,2025-12-19,CUST1115,Rohit Maharjan,Chitwan - Bharatpur,Apparel,Socks (3-pair pack),4,2994.79,11979.16,eSewa,False,False,False,False,2025,12,December,2025-12,Friday,4,False,Chitwan,11979.16,0.0
TXN104483,2025-05-09,CUST1118,Alina Shrestha,Bhaktapur - Suryabinayak,Electronics,Wall Clock,3,2838.94,8516.82,Khalti,False,False,False,False,2025,5,May,2025-05,Friday,4,False,Bhaktapur,8516.82,0.0
TXN103914,2025-02-26,CUST1130,Alina Rai,Bhaktapur - Suryabinayak,Electronics,Extension Board,3,2308.4,6925.2,Cash,False,False,False,False,2025,2,February,2025-02,Wednesday,2,False,Bhaktapur,6925.2,0.0
TXN103629,2025-02-17,CUST1118,Alina Shrestha,Bhaktapur - Suryabinayak,Electronics,Power Bank 10000mAh,3,1777.69,5333.07,eSewa,False,False,False,False,2025,2,February,2025-02,Monday,0,False,Bhaktapur,5333.07,0.0
TXN105213,2025-03-27,CUST1019,Sarita Magar,Kathmandu - Kupondole,Electronics,Power Bank 10000mAh,4,1550.22,6200.88,eSewa,False,True,False,False,2025,3,March,2025-03,Thursday,3,False,Kathmandu,6200.88,0.0
TXN100940,2025-01-11,CUST1070,Alina Rai,Kathmandu - Kupondole,Electronics,Extension Board,3,3445.02,10335.06,eSewa,False,False,False,False,2025,1,January,2025-01,Saturday,5,True,Kathmandu,10335.06,0.0
TXN100067,2025-11-09,CUST1031,Sabnam Khadka,Bhaktapur - Suryabinayak,Apparel,Kids Frock,4,2149.29,8597.16,Khalti,False,False,False,False,2025,11,November,2025-11,Sunday,6,True,Bhaktapur,8597.16,0.0
TXN104653,2025-06-06,CUST1002,Kritika Bhattarai,Butwal - Traffic Chowk,Apparel,Cotton T-Shirt,4,2548.1,10192.4,eSewa,False,False,True,False,2025,6,June,2025-06,Friday,4,False,Butwal,10192.4,0.0
TXN101615,2025-06-20,CUST1013,Kiran Shrestha,Biratnagar - Main Road,Apparel,Cotton T-Shirt,2,2659.97,5319.94,Cash,False,False,False,False,2025,6,June,2025-06,Friday,4,False,Biratnagar,5319.94,0.0
TXN104607,2025-07-27,CUST1025,Kiran Poudel,Kathmandu - Kupondole,Electronics,USB Cable Type-C,2,3303.33,6606.66,eSewa,False,False,False,False,2025,7,July,2025-07,Sunday,6,True,Kathmandu,6606.66,0.0
TXN100240,2025-09-19,CUST1025,Kiran Poudel,Kathmandu - Kupondole,Apparel,Cotton T-Shirt,4,2610.49,10441.96,Khalti,False,False,False,False,2025,9,September,2025-09,Friday,4,False,Kathmandu,10441.96,0.0
TXN104437,2025-08-20,CUST1009,Sushma Rai,Kathmandu - New Road,Electronics,Extension Board,2,2747.33,5494.66,Debit/Credit Card,False,False,False,False,2025,8,August,2025-08,Wednesday,2,False,Kathmandu,5494.66,0.0
TXN103678,2025-07-07,CUST1112,Nabin Magar,Chitwan - Bharatpur,Electronics,USB Cable Type-C,4,2443.14,9772.56,eSewa,False,False,False,False,2025,7,July,2025-07,Monday,0,False,Chitwan,9772.56,0.0
TXN105960,2025-11-19,CUST1003,Kiran Adhikari,Kathmandu - Kupondole,Apparel,Socks (3-pair pack),3,2057.52,6172.56,Debit/Credit Card,False,False,False,False,2025,11,November,2025-11,Wednesday,2,False,Kathmandu,6172.56,0.0
TXN101493,2025-10-24,CUST1145,Manisha Adhikari,Biratnagar - Main Road,Apparel,Formal Shirt,3,1944.35,5833.05,Khalti,False,False,False,False,2025,10,October,2025-10,Friday,4,False,Biratnagar,5833.05,0.0
TXN104329,2025-06-04,CUST1003,Kiran Adhikari,Kathmandu - Kupondole,Apparel,Winter Jacket,2,2377.28,4754.56,eSewa,False,False,False,False,2025,6,June,2025-06,Wednesday,2,False,Kathmandu,4754.56,0.0
TXN105191,2025-12-25,CUST1097,Milan Basnet,Kathmandu - New Road,Electronics,USB Cable Type-C,4,2626.04,10504.16,Cash,False,False,False,False,2025,12,December,2025-12,Thursday,3,False,Kathmandu,10504.16,0.0
TXN104824,2025-12-08,CUST1039,Sabina Thapa,Kathmandu - New Road,Apparel,Kids Frock,2,2981.5,5963.0,eSewa,False,False,False,False,2025,12,December,2025-12,Monday,0,False,Kathmandu,5963.0,0.0
TXN102081,2025-09-30,CUST1100,Sujan Shrestha,Pokhara - Lakeside,Household,Surf Excel 1kg,4,1163.65,4654.6,Cash,False,False,False,False,2025,9,September,2025-09,Tuesday,1,False,Pokhara,4654.6,0.0
TXN104456,2025-11-13,CUST1019,Sarita Magar,Kathmandu - Kupondole,Electronics,Bluetooth Earphones,4,2653.18,10612.72,Cash,False,False,False,False,2025,11,November,2025-11,Thursday,3,False,Kathmandu,10612.72,0.0
TXN103353,2025-11-18,CUST1102,Sandip Tamang,Butwal - Traffic Chowk,Electronics,Wall Clock,4,3185.53,12742.12,Cash,False,False,False,False,2025,11,November,2025-11,Tuesday,1,False,Butwal,12742.12,0.0
TXN105061,2025-11-04,CUST1149,Sarita Poudel,Butwal - Traffic Chowk,Apparel,Socks (3-pair pack),4,2263.9,9055.6,eSewa,False,False,False,False,2025,11,November,2025-11,Tuesday,1,False,Butwal,9055.6,0.0
TXN100036,2025-11-10,CUST1102,Sandip Tamang,Butwal - Traffic Chowk,Electronics,Power Bank 10000mAh,4,2549.42,10197.68,eSewa,False,False,False,False,2025,11,November,2025-11,Monday,0,False,Butwal,10197.68,0.0
TXN103689,2025-03-02,CUST1003,Kiran Adhikari,Kathmandu - Kupondole,Apparel,Socks (3-pair pack),2,2794.84,5589.68,Khalti,False,False,False,False,2025,3,March,2025-03,Sunday,6,True,Kathmandu,5589.68,0.0
TXN105756,2025-12-04,CUST1014,Neha Basnet,Kathmandu - Kupondole,Electronics,Bluetooth Earphones,4,1698.01,6792.04,Khalti,False,False,False,False,2025,12,December,2025-12,Thursday,3,False,Kathmandu,6792.04,0.0
TXN105322,2025-11-28,CUST1040,Puja Gurung,Chitwan - Bharatpur,Electronics,Power Bank 10000mAh,3,3445.27,10335.81,eSewa,True,False,False,False,2025,11,November,2025-11,Friday,4,False,Chitwan,10335.81,0.0
TXN101353,2025-12-13,CUST1014,Neha Basnet,Kathmandu - Kupondole,Apparel,Socks (3-pair pack),2,2403.5,4807.0,Cash,False,False,False,False,2025,12,December,2025-12,Saturday,5,True,Kathmandu,4807.0,0.0
TXN103380,2025-10-14,CUST1093,Aashish Magar,Bhaktapur - Suryabinayak,Apparel,Socks (3-pair pack),3,2870.46,8611.38,Khalti,False,False,False,False,2025,10,October,2025-10,Tuesday,1,False,Bhaktapur,8611.38,0.0
TXN101086,2025-01-20,CUST1130,Alina Rai,Butwal - Traffic Chowk,Electronics,USB Cable Type-C,4,3320.45,13281.8,Khalti,False,False,False,False,2025,1,January,2025-01,Monday,0,False,Butwal,13281.8,0.0
TXN104641,2025-11-26,CUST1138,Bikash Tamang,Bhaktapur - Suryabinayak,Electronics,Bluetooth Earphones,3,1695.05,5085.15,Bank Transfer,False,False,False,False,2025,11,November,2025-11,Wednesday,2,False,Bhaktapur,5085.15,0.0
TXN100436,2025-02-03,CUST1066,Kritika Khadka,Chitwan - Bharatpur,Electronics,Extension Board,3,3470.23,10410.69,Khalti,False,False,False,False,2025,2,February,2025-02,Monday,0,False,Chitwan,10410.69,0.0
TXN100526,2025-09-05,CUST1133,Milan Shrestha,Chitwan - Bharatpur,Apparel,Kids Frock,2,2691.33,5382.66,Debit/Credit Card,False,False,False,False,2025,9,September,2025-09,Friday,4,False,Chitwan,5382.66,0.0
TXN103120,2025-02-06,CUST1053,Deepak Bhattarai,Pokhara - Lakeside,Apparel,Cotton T-Shirt,4,2921.45,11685.8,eSewa,False,False,False,False,2025,2,February,2025-02,Thursday,3,False,Pokhara,11685.8,0.0
TXN104176,2025-03-18,CUST1064,Sandip Khadka,Bhaktapur - Suryabinayak,Electronics,Extension Board,2,2849.56,5699.12,Khalti,False,False,False,False,2025,3,March,2025-03,Tuesday,1,False,Bhaktapur,5699.12,0.0
TXN105122,2025-04-09,CUST1002,Kritika Bhattarai,Butwal - Traffic Chowk,Electronics,Bluetooth Earphones,3,3223.2,9669.6,Cash,False,False,False,False,2025,4,April,2025-04,Wednesday,2,False,Butwal,9669.6,0.0
TXN104820,2025-12-06,CUST1055,Rohit Poudel,Lalitpur - Pulchowk,Electronics,USB Cable Type-C,4,2480.86,9923.44,eSewa,False,False,False,False,2025,12,December,2025-12,Saturday,5,True,Lalitpur,9923.44,0.0
TXN100198,2025-03-27,CUST1100,Sujan Shrestha,Pokhara - Lakeside,Apparel,Winter Jacket,4,1687.56,6750.24,Khalti,False,True,False,False,2025,3,March,2025-03,Thursday,3,False,Pokhara,6750.24,0.0
TXN105017,2025-01-07,CUST1136,Bikash Gurung,Bhaktapur - Suryabinayak,Electronics,Power Bank 10000mAh,4,3280.42,13121.68,Cash,False,False,False,False,2025,1,January,2025-01,Tuesday,1,False,Bhaktapur,13121.68,0.0
