TransactionID,Branch,City,Date,BasketValue,BasketItems
TXN100000,Bhaktapur - Suryabinayak,Bhaktapur,2025-04-09,4850.71,16
TXN100001,Chitwan - Bharatpur,Chitwan,2025-05-28,1808.96,4
TXN100002,Butwal - Traffic Chowk,Butwal,2025-06-27,1672.1599999999999,4
TXN100003,Kathmandu - Kupondole,Kathmandu,2025-05-25,3034.77,9
TXN100004,Butwal - Traffic Chowk,Butwal,2025-12-06,14655.27,11
TXN100005,Bhaktapur - Suryabinayak,Bhaktapur,2025-10-01,1251.4,2
TXN100006,Pokhara - Lakeside,Pokhara,2025-04-22,233.32,2
TXN100007,Kathmandu - Kupondole,Kathmandu,2025-12-22,2019.42,3
TXN100008,Pokhara - Lakeside,Pokhara,2025-10-23,861.52,4
TXN100009,Pokhara - Lakeside,Pokhara,2025-06-06,1607.46,7
TXN100010,Butwal - Traffic Chowk,Butwal,2025-11-09,3760.2,14
TXN100011,Pokhara - Lakeside,Pokhara,2025-01-18,3944.2799999999997,9
TXN100012,Kathmandu - Kupondole,Kathmandu,2025-07-16,2878.09,9
TXN100013,Chitwan - Bharatpur,Chitwan,2025-06-17,6475.92,6
TXN100014,Bhaktapur - Suryabinayak,Bhaktapur,2025-08-17,5524.3099999999995,10
TXN100015,Pokhara - Lakeside,Pokhara,2025-06-20,4444.72,4
TXN100016,Kathmandu - New Road,Kathmandu,2025-10-20,1194.4,1
TXN100017,Biratnagar - Main Road,Biratnagar,2025-05-25,9134.59,12
TXN100018,Lalitpur - Pulchowk,Lalitpur,2025-07-07,397.64,6
TXN100019,Bhaktapur - Suryabinayak,Bhaktapur,2025-11-02,2119.13,9
TXN100020,Bhaktapur - Suryabinayak,Bhaktapur,2025-06-12,3844.36,12
TXN100021,Butwal - Traffic Chowk,Butwal,2025-02-10,5393.6900000000005,10
TXN100022,Pokhara - Lakeside,Pokhara,2025-12-28,4370.85,12
TXN100023,Kathmandu - Kupondole,Kathmandu,2025-05-05,463.98,1
TXN100024,Lalitpur - Pulchowk,Lalitpur,2025-12-16,3275.4399999999996,12
TXN100025,Lalitpur - Pulchowk,Lalitpur,2025-11-07,2630.41,7
TXN100026,Chitwan - Bharatpur,Chitwan,2025-03-30,4284.61,14
TXN100027,Bhaktapur - Suryabinayak,Bhaktapur,2025-10-18,873.91,2
TXN100028,Biratnagar - Main Road,Biratnagar,2025-10-20,1008.2900000000001,4
TXN100029,Bhaktapur - Suryabinayak,Bhaktapur,2025-03-14,1685.1,7
TXN100030,Kathmandu - Kupondole,Kathmandu,2025-09-29,7962.9,8
TXN100031,Kathmandu - New Road,Kathmandu,2025-08-26,2493.4,4
TXN100032,Butwal - Traffic Chowk,Butwal,2025-04-07,9844.439999999999,14
TXN100033,Bhaktapur - Suryabinayak,Bhaktapur,2025-02-17,5242.24,13
TXN100034,Kathmandu - Kupondole,Kathmandu,2025-02-18,6861.74,2
TXN100035,Kathmandu - Kupondole,Kathmandu,2025-05-15,10403.480000000001,8
TXN100036,Butwal - Traffic Chowk,Butwal,2025-11-10,14482.96,6
TXN100037,Kathmandu - Kupondole,Kathmandu,2025-11-01,4089.73,9
TXN100038,Butwal - Traffic Chowk,Butwal,2025-11-16,5549.21,15
TXN100039,Pokhara - Lakeside,Pokhara,2025-03-23,3689.64,3
TXN100040,Kathmandu - Kupondole,Kathmandu,2025-02-18,21485.51,10
TXN100041,Kathmandu - New Road,Kathmandu,2025-04-24,16092.47,15
TXN100042,Butwal - Traffic Chowk,Butwal,2025-10-06,1577.12,6
TXN100043,Kathmandu - New Road,Kathmandu,2025-11-24,12583.08,7
TXN100044,Kathmandu - Kupondole,Kathmandu,2025-09-12,4454.11,10
TXN100045,Pokhara - Lakeside,Pokhara,2025-09-19,2187.54,5
TXN100046,Bhaktapur - Suryabinayak,Bhaktapur,2025-11-28,6070.48,12
TXN100047,Kathmandu - New Road,Kathmandu,2025-09-25,3326.26,7
TXN100048,Bhaktapur - Suryabinayak,Bhaktapur,2025-10-21,3908.52,9
TXN100049,Kathmandu - Kupondole,Kathmandu,2025-12-20,18707.079999999998,12
TXN100050,Kathmandu - Kupondole,Kathmandu,2025-04-12,5761.02,8
TXN100051,Chitwan - Bharatpur,Chitwan,2025-03-06,10846.09,10
TXN100052,Biratnagar - Main Road,Biratnagar,2025-10-02,3726.08,4
TXN100053,Pokhara - Lakeside,Pokhara,2025-06-11,6685.610000000001,7
TXN100054,Butwal - Traffic Chowk,Butwal,2025-01-13,279.6,3
TXN100055,Lalitpur - Pulchowk,Lalitpur,2025-08-16,5437.46,12
TXN100056,Butwal - Traffic Chowk,Butwal,2025-11-27,6615.42,5
TXN100057,Kathmandu - Kupondole,Kathmandu,2025-08-11,3114.79,8
TXN100058,Chitwan - Bharatpur,Chitwan,2025-06-05,13719.769999999999,9
TXN100059,Biratnagar - Main Road,Biratnagar,2025-10-09,900.3299999999999,3
TXN100060,Lalitpur - Pulchowk,Lalitpur,2025-09-06,15620.699999999999,12
TXN100061,Butwal - Traffic Chowk,Butwal,2025-11-09,17195.170000000002,13
TXN100062,Kathmandu - Kupondole,Kathmandu,2025-11-24,3571.89,3
TXN100063,Chitwan - Bharatpur,Chitwan,2025-11-18,6137.97,13
TXN100064,Kathmandu - Kupondole,Kathmandu,2025-01-25,266.4,2
TXN100065,Bhaktapur - Suryabinayak,Bhaktapur,2025-11-14,1107.01,4
TXN100066,Pokhara - Lakeside,Pokhara,2025-07-26,1199.67,3
TXN100067,Bhaktapur - Suryabinayak,Bhaktapur,2025-11-09,11367.1,9
TXN100068,Biratnagar - Main Road,Biratnagar,2025-01-17,3092.8,6
TXN100069,Butwal - Traffic Chowk,Butwal,2025-04-26,6614.45,10
TXN100070,Bhaktapur - Suryabinayak,Bhaktapur,2025-09-26,495.32,4
TXN100071,Lalitpur - Pulchowk,Lalitpur,2025-12-06,18110.530000000002,18
TXN100072,Lalitpur - Pulchowk,Lalitpur,2025-03-15,2724.89,9
TXN100073,Kathmandu - Kupondole,Kathmandu,2025-11-18,1946.44,8
TXN100074,Chitwan - Bharatpur,Chitwan,2025-05-06,1698.32,6
TXN100075,Kathmandu - Kupondole,Kathmandu,2025-11-15,5208.16,16
TXN100076,Lalitpur - Pulchowk,Lalitpur,2025-11-14,10816.76,6
TXN100077,Butwal - Traffic Chowk,Butwal,2025-12-04,3800.2,4
TXN100078,Kathmandu - Kupondole,Kathmandu,2025-02-25,4799.56,6
TXN100079,Bhaktapur - Suryabinayak,Bhaktapur,2025-10-17,674.16,1
TXN100080,Kathmandu - New Road,Kathmandu,2025-09-07,1646.36,4
TXN100081,Kathmandu - Kupondole,Kathmandu,2025-07-03,3465.02,10
TXN100082,Bhaktapur - Suryabinayak,Bhaktapur,2025-02-13,11942.7,7
TXN100083,Bhaktapur - Suryabinayak,Bhaktapur,2025-12-16,5935.709999999999,10
TXN100084,Butwal - Traffic Chowk,Butwal,2025-11-10,4139.66,10
TXN100085,Kathmandu - Kupondole,Kathmandu,2025-09-10,1178.4099999999999,3
TXN100086,Kathmandu - New Road,Kathmandu,2025-11-25,1914.94,2
TXN100087,Kathmandu - New Road,Kathmandu,2025-04-05,5589.36,10
TXN100088,Pokhara - Lakeside,Pokhara,2025-11-17,1852.68,6
TXN100089,Pokhara - Lakeside,Pokhara,2025-05-22,2042.4,4
TXN100090,Lalitpur - Pulchowk,Lalitpur,2025-07-12,767.04,4
TXN100091,Kathmandu - Kupondole,Kathmandu,2025-09-25,1733.98,4
TXN100092,Kathmandu - Kupondole,Kathmandu,2025-11-09,9572.98,13
TXN100093,Butwal - Traffic Chowk,Butwal,2025-10-19,1981.28,2
TXN100094,Butwal - Traffic Chowk,Butwal,2025-09-03,5578.36,12
TXN100095,Kathmandu - New Road,Kathmandu,2025-05-02,8022.26,19
TXN100096,Biratnagar - Main Road,Biratnagar,2025-11-19,16344.95,13
TXN100097,Pokhara - Lakeside,Pokhara,2025-06-22,6325.74,5
TXN100098,Pokhara - Lakeside,Pokhara,2025-01-25,5220.01,14
TXN100099,Kathmandu - Kupondole,Kathmandu,2025-05-17,746.93,1
TXN100100,Kathmandu - New Road,Kathmandu,2025-07-25,2749.88,3
TXN100101,Kathmandu - New Road,Kathmandu,2025-05-06,7613.09,5
TXN100102,Bhaktapur - Suryabinayak,Bhaktapur,2025-06-24,11711.830000000002,14
TXN100103,Pokhara - Lakeside,Pokhara,2025-11-21,3813.4,12
TXN100104,Butwal - Traffic Chowk,Butwal,2025-04-16,2195.83,8
TXN100105,Bhaktapur - Suryabinayak,Bhaktapur,2025-06-30,7032.25,10
TXN100106,Kathmandu - Kupondole,Kathmandu,2025-10-14,2046.8600000000001,8
TXN100107,Lalitpur - Pulchowk,Lalitpur,2025-12-03,9962.59,4
TXN100108,Kathmandu - New Road,Kathmandu,2025-11-15,3568.56,11
TXN100109,Kathmandu - New Road,Kathmandu,2025-05-10,6999.450000000001,8
TXN100110,Kathmandu - Kupondole,Kathmandu,2025-10-21,9409.1,4
TXN100111,Pokhara - Lakeside,Pokhara,2025-05-15,3306.16,10
TXN100112,Bhaktapur - Suryabinayak,Bhaktapur,2025-10-23,9781.6,8
TXN100113,Butwal - Traffic Chowk,Butwal,2025-02-09,10509.140000000001,7
TXN100114,Kathmandu - Kupondole,Kathmandu,2025-03-15,17472.5,14
TXN100115,Butwal - Traffic Chowk,Butwal,2025-08-27,2746.06,7
TXN100116,Kathmandu - Kupondole,Kathmandu,2025-02-11,3212.6800000000003,4
TXN100117,Lalitpur - Pulchowk,Lalitpur,2025-04-30,421.44,3
TXN100118,Bhaktapur - Suryabinayak,Bhaktapur,2025-07-16,11231.05,11
TXN100119,Kathmandu - Kupondole,Kathmandu,2025-07-23,11066.12,11
TXN100120,Bhaktapur - Suryabinayak,Bhaktapur,2025-11-18,10307.009999999998,9
TXN100121,Lalitpur - Pulchowk,Lalitpur,2025-10-24,1271.19,5
TXN100122,Kathmandu - Kupondole,Kathmandu,2025-10-05,4135.17,11
TXN100123,Kathmandu - Kupondole,Kathmandu,2025-04-09,16802.36,8
TXN100124,Butwal - Traffic Chowk,Butwal,2025-11-14,1371.08,4
TXN100125,Pokhara - Lakeside,Pokhara,2025-12-27,7702.97,14
TXN100126,Butwal - Traffic Chowk,Butwal,2025-11-21,1433.01,1
TXN100127,Kathmandu - Kupondole,Kathmandu,2025-10-27,2699.3,12
TXN100128,Chitwan - Bharatpur,Chitwan,2025-04-24,7500.93,5
TXN100129,Butwal - Traffic Chowk,Butwal,2025-10-27,8116.889999999999,6
TXN100130,Butwal - Traffic Chowk,Butwal,2025-01-26,14783.189999999999,12
TXN100131,Kathmandu - Kupondole,Kathmandu,2025-09-08,9897.16,11
TXN100132,Kathmandu - New Road,Kathmandu,2025-01-29,1417.2,4
TXN100133,Butwal - Traffic Chowk,Butwal,2025-01-11,2959.76,10
TXN100134,Kathmandu - New Road,Kathmandu,2025-09-13,10068.689999999999,7
TXN100135,Kathmandu - New Road,Kathmandu,2025-11-22,8266.69,7
TXN100136,Pokhara - Lakeside,Pokhara,2025-11-11,6508.29,7
TXN100137,Kathmandu - Kupondole,Kathmandu,2025-11-19,1559.36,4
TXN100138,Pokhara - Lakeside,Pokhara,2025-11-22,17618.54,15
TXN100139,Lalitpur - Pulchowk,Lalitpur,2025-12-30,12939.08,12
TXN100140,Butwal - Traffic Chowk,Butwal,2025-09-15,4682.05,11
TXN100141,Butwal - Traffic Chowk,Butwal,2025-05-01,8163.820000000001,6
TXN100142,Biratnagar - Main Road,Biratnagar,2025-04-03,1018.24,4
TXN100143,Kathmandu - New Road,Kathmandu,2025-06-04,10510.76,10
TXN100144,Chitwan - Bharatpur,Chitwan,2025-05-13,4088.41,11
TXN100145,Butwal - Traffic Chowk,Butwal,2025-03-23,820.01,3
TXN100146,Kathmandu - New Road,Kathmandu,2025-04-12,3847.96,7
TXN100147,Pokhara - Lakeside,Pokhara,2025-06-16,8892.86,10
TXN100148,Kathmandu - New Road,Kathmandu,2025-06-02,3691.3,8
TXN100149,Kathmandu - New Road,Kathmandu,2025-10-05,3377.55,13
TXN100150,Bhaktapur - Suryabinayak,Bhaktapur,2025-04-15,2985.6,1
TXN100151,Chitwan - Bharatpur,Chitwan,2025-11-21,4270.6900000000005,5
TXN100152,Butwal - Traffic Chowk,Butwal,2025-08-29,5818.58,2
TXN100153,Bhaktapur - Suryabinayak,Bhaktapur,2025-12-16,9251.11,11
TXN100154,Bhaktapur - Suryabinayak,Bhaktapur,2025-08-18,697.44,4
TXN100155,Bhaktapur - Suryabinayak,Bhaktapur,2025-10-18,14326.96,13
TXN100156,Bhaktapur - Suryabinayak,Bhaktapur,2025-11-30,5648.84,7
TXN100157,Kathmandu - Kupondole,Kathmandu,2025-04-21,9624.53,15
TXN100158,Pokhara - Lakeside,Pokhara,2025-01-14,1284.28,4
TXN100159,Lalitpur - Pulchowk,Lalitpur,2025-08-03,2465.82,7
TXN100160,Kathmandu - New Road,Kathmandu,2025-08-27,6876.4,9
TXN100161,Lalitpur - Pulchowk,Lalitpur,2025-11-05,9501.05,12
TXN100162,Kathmandu - New Road,Kathmandu,2025-01-23,19192.13,14
TXN100163,Kathmandu - Kupondole,Kathmandu,2025-09-06,5675.7699999999995,6
TXN100164,Lalitpur - Pulchowk,Lalitpur,2025-03-30,4311.13,10
TXN100165,Butwal - Traffic Chowk,Butwal,2025-08-25,4077.38,9
TXN100166,Kathmandu - Kupondole,Kathmandu,2025-11-09,8162.05,15
TXN100167,Kathmandu - New Road,Kathmandu,2025-03-09,3606.1200000000003,9
TXN100168,Butwal - Traffic Chowk,Butwal,2025-07-17,2899.48,2
TXN100169,Kathmandu - Kupondole,Kathmandu,2025-10-03,2130.2,3
TXN100170,Kathmandu - Kupondole,Kathmandu,2025-09-21,3243.5299999999997,4
TXN100171,Kathmandu - New Road,Kathmandu,2025-10-01,2215.33,6
TXN100172,Lalitpur - Pulchowk,Lalitpur,2025-11-29,4028.7599999999998,11
TXN100173,Bhaktapur - Suryabinayak,Bhaktapur,2025-10-26,2322.44,4
TXN100174,Pokhara - Lakeside,Pokhara,2025-03-27,11749.41,13
TXN100175,Kathmandu - Kupondole,Kathmandu,2025-11-24,8081.38,8
TXN100176,Kathmandu - New Road,Kathmandu,2025-08-14,4191.01,10
TXN100177,Butwal - Traffic Chowk,Butwal,2025-11-20,3272.5299999999997,5
TXN100178,Butwal - Traffic Chowk,Butwal,2025-03-29,4822.62,9
TXN100179,Pokhara - Lakeside,Pokhara,2025-04-15,5895.11,9
TXN100180,Lalitpur - Pulchowk,Lalitpur,2025-09-26,9526.56,15
TXN100181,Kathmandu - New Road,Kathmandu,2025-09-06,3298.0,7
TXN100182,Pokhara - Lakeside,Pokhara,2025-12-20,627.92,4
TXN100183,Kathmandu - Kupondole,Kathmandu,2025-04-25,1401.86,4
TXN100184,Kathmandu - New Road,Kathmandu,2025-07-10,6513.410000000001,8
TXN100185,Chitwan - Bharatpur,Chitwan,2025-09-30,4472.1900000000005,13
TXN100186,Pokhara - Lakeside,Pokhara,2025-03-27,3477.29,4
TXN100187,Butwal - Traffic Chowk,Butwal,2025-09-30,397.74,1
TXN100188,Lalitpur - Pulchowk,Lalitpur,2025-11-19,10065.58,4
TXN100189,Pokhara - Lakeside,Pokhara,2025-09-25,9661.039999999999,10
TXN100190,Lalitpur - Pulchowk,Lalitpur,2025-09-22,14405.92,15
TXN100191,Chitwan - Bharatpur,Chitwan,2025-12-14,390.16,4
TXN100192,Biratnagar - Main Road,Biratnagar,2025-01-13,346.1,1
TXN100193,Kathmandu - Kupondole,Kathmandu,2025-11-28,503.54,4
TXN100194,Pokhara - Lakeside,Pokhara,2025-01-15,590.94,3
TXN100195,Bhaktapur - Suryabinayak,Bhaktapur,2025-10-28,7905.57,3
TXN100196,Bhaktapur - Suryabinayak,Bhaktapur,2025-09-03,3894.46,13
TXN100197,Kathmandu - Kupondole,Kathmandu,2025-11-18,8195.91,6
TXN100198,Pokhara - Lakeside,Pokhara,2025-03-27,11525.14,10
TXN100199,Bhaktapur - Suryabinayak,Bhaktapur,2025-03-08,16663.16,17
TXN100200,Biratnagar - Main Road,Biratnagar,2025-08-20,3126.69,12
TXN100201,Chitwan - Bharatpur,Chitwan,2025-09-11,9800.98,12
TXN100202,Pokhara - Lakeside,Pokhara,2025-03-17,4672.1900000000005,8
TXN100203,Bhaktapur - Suryabinayak,Bhaktapur,2025-11-14,8664.029999999999,17
TXN100204,Butwal - Traffic Chowk,Butwal,2025-02-27,349.07,1
TXN100205,Chitwan - Bharatpur,Chitwan,2025-01-26,3598.3199999999997,6
TXN100206,Kathmandu - Kupondole,Kathmandu,2025-09-22,1821.11,4
TXN100207,Lalitpur - Pulchowk,Lalitpur,2025-04-22,1210.33,4
TXN100208,Bhaktapur - Suryabinayak,Bhaktapur,2025-11-27,8020.8,12
TXN100209,Pokhara - Lakeside,Pokhara,2025-05-06,3003.1600000000003,6
TXN100210,Lalitpur - Pulchowk,Lalitpur,2025-09-16,2942.6400000000003,5
TXN100211,Butwal - Traffic Chowk,Butwal,2025-11-30,1249.84,4
TXN100212,Butwal - Traffic Chowk,Butwal,2025-10-21,6111.31,12
TXN100213,Kathmandu - New Road,Kathmandu,2025-07-06,1565.39,3
TXN100214,Bhaktapur - Suryabinayak,Bhaktapur,2025-08-02,9996.76,12
TXN100215,Kathmandu - Kupondole,Kathmandu,2025-10-31,2461.1800000000003,6
TXN100216,Butwal - Traffic Chowk,Butwal,2025-09-23,256.45,1
TXN100217,Bhaktapur - Suryabinayak,Bhaktapur,2025-10-31,3792.7200000000003,11
TXN100218,Butwal - Traffic Chowk,Butwal,2025-04-01,114.99,1
TXN100219,Bhaktapur - Suryabinayak,Bhaktapur,2025-04-28,1380.68,4
TXN100220,Bhaktapur - Suryabinayak,Bhaktapur,2025-10-07,7490.24,7
TXN100221,Kathmandu - New Road,Kathmandu,2025-04-18,4727.32,11
TXN100222,Kathmandu - Kupondole,Kathmandu,2025-11-03,3080.16,11
TXN100223,Chitwan - Bharatpur,Chitwan,2025-11-18,3023.3900000000003,9
TXN100224,Kathmandu - Kupondole,Kathmandu,2025-02-12,12658.300000000001,10
TXN100225,Kathmandu - Kupondole,Kathmandu,2025-03-22,7401.77,10
TXN100226,Pokhara - Lakeside,Pokhara,2025-10-31,14518.06,10
TXN100227,Butwal - Traffic Chowk,Butwal,2025-07-29,1848.46,1
TXN100228,Butwal - Traffic Chowk,Butwal,2025-11-13,2726.1,7
TXN100229,Lalitpur - Pulchowk,Lalitpur,2025-11-25,2235.68,4
TXN100230,Bhaktapur - Suryabinayak,Bhaktapur,2025-03-22,1740.66,11
TXN100231,Butwal - Traffic Chowk,Butwal,2025-08-22,256.42,2
TXN100232,Chitwan - Bharatpur,Chitwan,2025-10-22,1019.41,5
TXN100233,Kathmandu - New Road,Kathmandu,2025-09-05,829.26,3
TXN100234,Kathmandu - Kupondole,Kathmandu,2025-11-02,5095.82,5
TXN100235,Pokhara - Lakeside,Pokhara,2025-10-27,2385.88,4
TXN100236,Kathmandu - New Road,Kathmandu,2025-04-26,2435.12,8
TXN100237,Pokhara - Lakeside,Pokhara,2025-02-17,1996.8,6
TXN100238,Kathmandu - New Road,Kathmandu,2025-01-25,5182.29,11
TXN100239,Lalitpur - Pulchowk,Lalitpur,2025-03-15,799.56,2
TXN100240,Kathmandu - Kupondole,Kathmandu,2025-09-19,12050.46,10
TXN100241,Kathmandu - New Road,Kathmandu,2025-09-06,2115.0,7
TXN100242,Biratnagar - Main Road,Biratnagar,2025-11-16,3017.66,8
TXN100243,Kathmandu - New Road,Kathmandu,2025-08-15,7225.32,3
TXN100244,Pokhara - Lakeside,Pokhara,2025-07-05,5808.54,14
TXN100245,Bhaktapur - Suryabinayak,Bhaktapur,2025-12-08,1307.43,5
TXN100246,Bhaktapur - Suryabinayak,Bhaktapur,2025-12-08,3488.05,9
TXN100247,Kathmandu - New Road,Kathmandu,2025-03-12,4130.17,6
TXN100248,Kathmandu - New Road,Kathmandu,2025-10-20,16837.33,14
TXN100249,Pokhara - Lakeside,Pokhara,2025-01-04,343.8,2
TXN100250,Bhaktapur - Suryabinayak,Bhaktapur,2025-07-22,5144.14,8
TXN100251,Bhaktapur - Suryabinayak,Bhaktapur,2025-09-03,2506.46,5
TXN100252,Kathmandu - Kupondole,Kathmandu,2025-09-15,19500.26,17
TXN100253,Bhaktapur - Suryabinayak,Bhaktapur,2025-09-07,2006.9600000000003,7
TXN100254,Bhaktapur - Suryabinayak,Bhaktapur,2025-12-07,634.0,2
TXN100255,Kathmandu - Kupondole,Kathmandu,2025-12-17,5522.67,15
TXN100256,Biratnagar - Main Road,Biratnagar,2025-01-06,3240.64,14
TXN100257,Pokhara - Lakeside,Pokhara,2025-04-15,13088.829999999998,9
TXN100258,Kathmandu - Kupondole,Kathmandu,2025-04-18,2911.2000000000003,7
TXN100259,Lalitpur - Pulchowk,Lalitpur,2025-07-14,1841.26,6
TXN100260,Kathmandu - Kupondole,Kathmandu,2025-01-13,3720.8,12
TXN100261,Kathmandu - Kupondole,Kathmandu,2025-12-23,2107.1400000000003,8
TXN100262,Pokhara - Lakeside,Pokhara,2025-11-10,2275.16,8
TXN100263,Biratnagar - Main Road,Biratnagar,2025-05-11,3787.47,5
TXN100264,Pokhara - Lakeside,Pokhara,2025-09-03,7298.280000000001,11
TXN100265,Chitwan - Bharatpur,Chitwan,2025-04-12,7438.040000000001,15
TXN100266,Butwal - Traffic Chowk,Butwal,2025-01-16,3175.32,7
TXN100267,Butwal - Traffic Chowk,Butwal,2025-04-21,7949.48,12
TXN100268,Butwal - Traffic Chowk,Butwal,2025-08-31,5192.0,11
TXN100269,Kathmandu - Kupondole,Kathmandu,2025-09-09,2159.09,8
TXN100270,Biratnagar - Main Road,Biratnagar,2025-09-29,14208.310000000001,11
TXN100271,Pokhara - Lakeside,Pokhara,2025-10-01,5461.21,12
TXN100272,Butwal - Traffic Chowk,Butwal,2025-11-14,15530.29,9
TXN100273,Lalitpur - Pulchowk,Lalitpur,2025-10-30,5193.77,2
TXN100274,Butwal - Traffic Chowk,Butwal,2025-11-08,1412.5500000000002,5
TXN100275,Bhaktapur - Suryabinayak,Bhaktapur,2025-06-21,11291.45,14
TXN100276,Kathmandu - Kupondole,Kathmandu,2025-12-18,6568.75,10
TXN100277,Bhaktapur - Suryabinayak,Bhaktapur,2025-01-22,4071.24,11
TXN100278,Butwal - Traffic Chowk,Butwal,2025-02-12,4497.09,10
TXN100279,Bhaktapur - Suryabinayak,Bhaktapur,2025-09-22,8648.829999999998,6
TXN100280,Kathmandu - New Road,Kathmandu,2025-06-30,4848.08,2
TXN100281,Kathmandu - Kupondole,Kathmandu,2025-10-16,3982.49,10
TXN100282,Bhaktapur - Suryabinayak,Bhaktapur,2025-03-02,1703.39,1
TXN100283,Butwal - Traffic Chowk,Butwal,2025-04-13,9842.26,13
TXN100284,Pokhara - Lakeside,Pokhara,2025-10-01,1885.43,6
TXN100285,Kathmandu - New Road,Kathmandu,2025-03-04,11598.130000000001,11
TXN100286,Lalitpur - Pulchowk,Lalitpur,2025-09-19,432.58,1
TXN100287,Pokhara - Lakeside,Pokhara,2025-10-26,5187.57,14
TXN100288,Chitwan - Bharatpur,Chitwan,2025-04-03,25873.92,12
TXN100289,Kathmandu - Kupondole,Kathmandu,2025-07-23,2837.02,5
TXN100290,Lalitpur - Pulchowk,Lalitpur,2025-11-24,6472.13,12
TXN100291,Kathmandu - New Road,Kathmandu,2025-03-23,950.64,6
TXN100292,Butwal - Traffic Chowk,Butwal,2025-08-04,497.83000000000004,2
TXN100293,Pokhara - Lakeside,Pokhara,2025-09-11,4933.5,13
TXN100294,Butwal - Traffic Chowk,Butwal,2025-02-10,1635.99,4
TXN100295,Kathmandu - Kupondole,Kathmandu,2025-08-14,7284.08,12
TXN100296,Lalitpur - Pulchowk,Lalitpur,2025-01-29,6859.639999999999,11
TXN100297,Butwal - Traffic Chowk,Butwal,2025-09-16,7598.87,7
TXN100298,Bhaktapur - Suryabinayak,Bhaktapur,2025-10-27,4945.34,4
TXN100299,Chitwan - Bharatpur,Chitwan,2025-04-12,2385.55,2
TXN100300,Bhaktapur - Suryabinayak,Bhaktapur,2025-11-06,20155.23,11
TXN100301,Kathmandu - New Road,Kathmandu,2025-02-13,7551.41,4
TXN100302,Biratnagar - Main Road,Biratnagar,2025-08-29,8683.589999999998,4
TXN100303,Butwal - Traffic Chowk,Butwal,2025-11-17,10064.79,3
TXN100304,Pokhara - Lakeside,Pokhara,2025-09-07,649.6,3
TXN100305,Lalitpur - Pulchowk,Lalitpur,2025-08-23,10969.58,14
TXN100306,Butwal - Traffic Chowk,Butwal,2025-11-05,1790.0,5
TXN100307,Bhaktapur - Suryabinayak,Bhaktapur,2025-10-26,5236.889999999999,5
TXN100308,Kathmandu - New Road,Kathmandu,2025-11-08,3730.2700000000004,5
TXN100309,Lalitpur - Pulchowk,Lalitpur,2025-12-20,1758.54,5
TXN100310,Bhaktapur - Suryabinayak,Bhaktapur,2025-12-24,5795.46,3
TXN100311,Kathmandu - New Road,Kathmandu,2025-06-24,6182.070000000001,10
TXN100312,Kathmandu - Kupondole,Kathmandu,2025-08-31,2726.67,10
TXN100313,Kathmandu - Kupondole,Kathmandu,2025-10-10,11829.01,11
TXN100314,Butwal - Traffic Chowk,Butwal,2025-02-15,6047.27,5
TXN100315,Butwal - Traffic Chowk,Butwal,2025-10-24,7087.97,11
TXN100316,Biratnagar - Main Road,Biratnagar,2025-11-14,3963.36,3
TXN100317,Butwal - Traffic Chowk,Butwal,2025-11-01,1369.22,4
TXN100318,Pokhara - Lakeside,Pokhara,2025-09-18,11863.02,8
TXN100319,Kathmandu - New Road,Kathmandu,2025-09-26,9921.38,6
TXN100320,Butwal - Traffic Chowk,Butwal,2025-03-30,1311.92,4
TXN100321,Butwal - Traffic Chowk,Butwal,2025-07-06,2030.13,3
TXN100322,Biratnagar - Main Road,Biratnagar,2025-07-16,3913.4,9
TXN100323,Lalitpur - Pulchowk,Lalitpur,2025-04-26,256.84,4
TXN100324,Chitwan - Bharatpur,Chitwan,2025-11-03,510.2,4
TXN100325,Pokhara - Lakeside,Pokhara,2025-07-19,3001.21,5
TXN100326,Lalitpur - Pulchowk,Lalitpur,2025-10-06,2920.27,5
TXN100327,Chitwan - Bharatpur,Chitwan,2025-07-06,3403.8,1
TXN100328,Butwal - Traffic Chowk,Butwal,2025-03-19,3719.88,4
TXN100329,Kathmandu - Kupondole,Kathmandu,2025-12-16,9498.560000000001,11
TXN100330,Kathmandu - Kupondole,Kathmandu,2025-11-05,2091.7200000000003,8
TXN100331,Kathmandu - New Road,Kathmandu,2025-11-27,10111.09,8
TXN100332,Bhaktapur - Suryabinayak,Bhaktapur,2025-07-18,794.94,2
TXN100333,Pokhara - Lakeside,Pokhara,2025-11-10,1065.51,3
TXN100334,Lalitpur - Pulchowk,Lalitpur,2025-04-26,10589.96,10
TXN100335,Bhaktapur - Suryabinayak,Bhaktapur,2025-10-25,1718.58,1
TXN100336,Pokhara - Lakeside,Pokhara,2025-12-27,455.55,3
TXN100337,Kathmandu - New Road,Kathmandu,2025-03-26,4690.87,3
TXN100338,Butwal - Traffic Chowk,Butwal,2025-12-24,5528.94,16
TXN100339,Kathmandu - New Road,Kathmandu,2025-09-30,3074.98,16
TXN100340,Butwal - Traffic Chowk,Butwal,2025-10-01,1564.01,5
TXN100341,Pokhara - Lakeside,Pokhara,2025-11-29,1990.88,4
TXN100342,Kathmandu - Kupondole,Kathmandu,2025-11-17,1354.24,7
TXN100343,Pokhara - Lakeside,Pokhara,2025-05-13,2098.74,6
TXN100344,Lalitpur - Pulchowk,Lalitpur,2025-09-02,436.04,1
TXN100345,Chitwan - Bharatpur,Chitwan,2025-04-05,266.47,1
TXN100346,Butwal - Traffic Chowk,Butwal,2025-11-11,4017.89,5
TXN100347,Butwal - Traffic Chowk,Butwal,2025-07-14,2171.67,3
TXN100348,Butwal - Traffic Chowk,Butwal,2025-04-30,10356.49,13
TXN100349,Kathmandu - Kupondole,Kathmandu,2025-10-20,17810.73,14
TXN100350,Kathmandu - New Road,Kathmandu,2025-06-18,3343.0099999999998,9
TXN100351,Butwal - Traffic Chowk,Butwal,2025-12-22,2222.19,6
TXN100352,Bhaktapur - Suryabinayak,Bhaktapur,2025-09-30,381.92,2
TXN100353,Kathmandu - New Road,Kathmandu,2025-12-16,2067.59,9
TXN100354,Pokhara - Lakeside,Pokhara,2025-02-04,731.72,2
TXN100355,Kathmandu - Kupondole,Kathmandu,2025-02-14,3702.29,9
TXN100356,Bhaktapur - Suryabinayak,Bhaktapur,2025-08-29,3820.5899999999997,7
TXN100357,Kathmandu - Kupondole,Kathmandu,2025-06-29,9041.07,3
TXN100358,Butwal - Traffic Chowk,Butwal,2025-10-16,274.76,1
TXN100359,Bhaktapur - Suryabinayak,Bhaktapur,2025-04-23,2740.68,4
TXN100360,Butwal - Traffic Chowk,Butwal,2025-10-19,605.35,1
TXN100361,Kathmandu - New Road,Kathmandu,2025-10-16,3862.4300000000003,11
TXN100362,Lalitpur - Pulchowk,Lalitpur,2025-02-17,1514.0,6
TXN100363,Bhaktapur - Suryabinayak,Bhaktapur,2025-09-06,749.92,4
TXN100364,Butwal - Traffic Chowk,Butwal,2025-10-19,3716.51,3
TXN100365,Kathmandu - New Road,Kathmandu,2025-07-07,5864.099999999999,12
TXN100366,Biratnagar - Main Road,Biratnagar,2025-05-18,1152.5,5
TXN100367,Bhaktapur - Suryabinayak,Bhaktapur,2025-10-11,2152.44,12
TXN100368,Bhaktapur - Suryabinayak,Bhaktapur,2025-11-11,948.02,2
TXN100369,Lalitpur - Pulchowk,Lalitpur,2025-04-17,6445.05,11
TXN100370,Lalitpur - Pulchowk,Lalitpur,2025-05-08,1010.6,2
TXN100371,Lalitpur - Pulchowk,Lalitpur,2025-09-19,9926.7,10
TXN100372,Kathmandu - Kupondole,Kathmandu,2025-10-27,3089.73,9
TXN100373,Chitwan - Bharatpur,Chitwan,2025-12-25,1674.99,3
TXN100374,Kathmandu - New Road,Kathmandu,2025-02-14,10719.36,16
TXN100375,Lalitpur - Pulchowk,Lalitpur,2025-04-04,5813.56,2
TXN100376,Pokhara - Lakeside,Pokhara,2025-08-16,6886.78,16
TXN100377,Lalitpur - Pulchowk,Lalitpur,2025-03-10,3814.6400000000003,5
TXN100378,Butwal - Traffic Chowk,Butwal,2025-07-06,12522.33,12
TXN100379,Kathmandu - Kupondole,Kathmandu,2025-09-26,6494.2,4
TXN100380,Bhaktapur - Suryabinayak,Bhaktapur,2025-09-03,13246.6,15
TXN100381,Bhaktapur - Suryabinayak,Bhaktapur,2025-02-26,1011.8199999999999,3
TXN100382,Butwal - Traffic Chowk,Butwal,2025-02-14,2300.5,4
TXN100383,Kathmandu - Kupondole,Kathmandu,2025-03-16,12639.09,15
TXN100384,Butwal - Traffic Chowk,Butwal,2025-03-09,1038.49,8
TXN100385,Pokhara - Lakeside,Pokhara,2025-05-13,4268.63,9
TXN100386,Kathmandu - Kupondole,Kathmandu,2025-11-25,160.2,3
TXN100387,Lalitpur - Pulchowk,Lalitpur,2025-08-19,3434.92,6
TXN100388,Bhaktapur - Suryabinayak,Bhaktapur,2025-06-23,1410.59,8
TXN100389,Bhaktapur - Suryabinayak,Bhaktapur,2025-10-13,7857.83,11
TXN100390,Chitwan - Bharatpur,Chitwan,2025-02-04,1934.02,1
TXN100391,Lalitpur - Pulchowk,Lalitpur,2025-02-26,7649.929999999999,11
TXN100392,Kathmandu - Kupondole,Kathmandu,2025-09-29,1706.9899999999998,3
TXN100393,Bhaktapur - Suryabinayak,Bhaktapur,2025-01-19,16598.07,9
TXN100394,Chitwan - Bharatpur,Chitwan,2025-10-06,20990.48,9
TXN100395,Kathmandu - New Road,Kathmandu,2025-03-15,1463.05,6
TXN100396,Bhaktapur - Suryabinayak,Bhaktapur,2025-03-10,5878.65,16
TXN100397,Kathmandu - Kupondole,Kathmandu,2025-11-18,16569.21,13
TXN100398,Lalitpur - Pulchowk,Lalitpur,2025-04-08,1967.6,5
TXN100399,Bhaktapur - Suryabinayak,Bhaktapur,2025-12-17,1938.71,5
TXN100400,Lalitpur - Pulchowk,Lalitpur,2025-10-17,1126.41,3
TXN100401,Lalitpur - Pulchowk,Lalitpur,2025-09-03,342.6,2
TXN100402,Kathmandu - New Road,Kathmandu,2025-10-31,235.6,2
TXN100403,Chitwan - Bharatpur,Chitwan,2025-09-12,5142.35,12
TXN100404,Bhaktapur - Suryabinayak,Bhaktapur,2025-11-03,7202.4,10
TXN100405,Biratnagar - Main Road,Biratnagar,2025-05-21,2564.7000000000003,8
TXN100406,Kathmandu - New Road,Kathmandu,2025-09-12,2761.71,7
TXN100407,Kathmandu - New Road,Kathmandu,2025-11-02,4682.93,9
TXN100408,Butwal - Traffic Chowk,Butwal,2025-04-18,4659.34,6
TXN100409,Bhaktapur - Suryabinayak,Bhaktapur,2025-11-05,2959.88,10
TXN100410,Kathmandu - New Road,Kathmandu,2025-07-08,8467.72,8
TXN100411,Biratnagar - Main Road,Biratnagar,2025-06-23,3073.54,2
TXN100412,Butwal - Traffic Chowk,Butwal,2025-03-28,6865.32,3
TXN100413,Kathmandu - Kupondole,Kathmandu,2025-09-06,846.32,4
TXN100414,Butwal - Traffic Chowk,Butwal,2025-10-31,536.85,3
TXN100415,Bhaktapur - Suryabinayak,Bhaktapur,2025-03-09,2060.13,5
TXN100416,Lalitpur - Pulchowk,Lalitpur,2025-07-29,16976.809999999998,17
TXN100417,Biratnagar - Main Road,Biratnagar,2025-03-16,16020.380000000001,13
TXN100418,Kathmandu - New Road,Kathmandu,2025-11-15,14337.81,11
TXN100419,Lalitpur - Pulchowk,Lalitpur,2025-08-01,4534.54,11
TXN100420,Kathmandu - New Road,Kathmandu,2025-10-16,12483.64,14
TXN100421,Kathmandu - New Road,Kathmandu,2025-08-26,1128.78,6
TXN100422,Bhaktapur - Suryabinayak,Bhaktapur,2025-04-24,2752.97,5
TXN100423,Bhaktapur - Suryabinayak,Bhaktapur,2025-11-24,6206.99,10
TXN100424,Bhaktapur - Suryabinayak,Bhaktapur,2025-03-21,322.65,3
TXN100425,Kathmandu - New Road,Kathmandu,2025-09-07,2909.36,8
TXN100426,Lalitpur - Pulchowk,Lalitpur,2025-01-08,363.76,1
TXN100427,Kathmandu - New Road,Kathmandu,2025-09-05,1393.72,4
TXN100428,Lalitpur - Pulchowk,Lalitpur,2025-04-16,1058.64,4
TXN100429,Bhaktapur - Suryabinayak,Bhaktapur,2025-08-25,1070.19,3
TXN100430,Lalitpur - Pulchowk,Lalitpur,2025-10-18,668.28,4
TXN100431,Kathmandu - New Road,Kathmandu,2025-01-31,4365.12,5
TXN100432,Lalitpur - Pulchowk,Lalitpur,2025-09-19,5088.11,12
TXN100433,Kathmandu - Kupondole,Kathmandu,2025-12-31,3701.74,9
TXN100434,Kathmandu - Kupondole,Kathmandu,2025-10-08,12137.68,4
TXN100435,Lalitpur - Pulchowk,Lalitpur,2025-04-09,5060.48,12
TXN100436,Chitwan - Bharatpur,Chitwan,2025-02-03,17110.370000000003,14
TXN100437,Kathmandu - Kupondole,Kathmandu,2025-10-15,8908.82,3
TXN100438,Bhaktapur - Suryabinayak,Bhaktapur,2025-01-19,444.58,2
TXN100439,Pokhara - Lakeside,Pokhara,2025-02-21,11073.3,12
TXN100440,Lalitpur - Pulchowk,Lalitpur,2025-12-03,6031.09,12
TXN100441,Bhaktapur - Suryabinayak,Bhaktapur,2025-06-16,3767.71,7
TXN100442,Kathmandu - New Road,Kathmandu,2025-11-17,3610.66,6
TXN100443,Pokhara - Lakeside,Pokhara,2025-10-19,550.74,3
TXN100444,Butwal - Traffic Chowk,Butwal,2025-12-25,3302.7,6
TXN100445,Kathmandu - Kupondole,Kathmandu,2025-01-09,292.08,2
TXN100446,Pokhara - Lakeside,Pokhara,2025-01-17,6455.84,4
TXN100447,Bhaktapur - Suryabinayak,Bhaktapur,2025-08-05,1516.94,4
TXN100448,Bhaktapur - Suryabinayak,Bhaktapur,2025-09-03,3902.08,7
TXN100449,Kathmandu - Kupondole,Kathmandu,2025-09-04,3752.19,13
TXN100450,Kathmandu - New Road,Kathmandu,2025-09-09,1064.94,2
TXN100451,Lalitpur - Pulchowk,Lalitpur,2025-09-28,2689.15,10
TXN100452,Butwal - Traffic Chowk,Butwal,2025-09-25,14172.619999999999,9
TXN100453,Butwal - Traffic Chowk,Butwal,2025-11-30,20121.47,15
TXN100454,Biratnagar - Main Road,Biratnagar,2025-10-14,2878.7200000000003,10
TXN100455,Bhaktapur - Suryabinayak,Bhaktapur,2025-11-01,708.0,4
TXN100456,Bhaktapur - Suryabinayak,Bhaktapur,2025-02-22,4507.03,14
TXN100457,Biratnagar - Main Road,Biratnagar,2025-09-01,3857.7599999999998,13
TXN100458,Bhaktapur - Suryabinayak,Bhaktapur,2025-06-09,5664.58,7
TXN100459,Kathmandu - Kupondole,Kathmandu,2025-01-09,5419.38,9
TXN100460,Kathmandu - New Road,Kathmandu,2025-08-22,2936.9,6
TXN100461,Chitwan - Bharatpur,Chitwan,2025-09-20,382.17,3
TXN100462,Butwal - Traffic Chowk,Butwal,2025-03-24,6420.139999999999,4
TXN100463,Butwal - Traffic Chowk,Butwal,2025-06-09,1546.57,10
TXN100464,Butwal - Traffic Chowk,Butwal,2025-11-08,6490.91,10
TXN100465,Kathmandu - Kupondole,Kathmandu,2025-11-04,14717.939999999999,6
TXN100466,Kathmandu - Kupondole,Kathmandu,2025-10-19,9650.89,13
TXN100467,Bhaktapur - Suryabinayak,Bhaktapur,2025-03-28,7435.62,13
TXN100468,Chitwan - Bharatpur,Chitwan,2025-10-31,7784.87,11
TXN100469,Butwal - Traffic Chowk,Butwal,2025-11-19,9084.85,13
TXN100470,Bhaktapur - Suryabinayak,Bhaktapur,2025-08-11,4411.86,3
TXN100471,Kathmandu - New Road,Kathmandu,2025-08-03,14999.3,10
TXN100472,Kathmandu - Kupondole,Kathmandu,2025-07-26,9034.51,14
TXN100473,Bhaktapur - Suryabinayak,Bhaktapur,2025-02-03,2794.2699999999995,5
TXN100474,Bhaktapur - Suryabinayak,Bhaktapur,2025-11-08,17060.77,10
TXN100475,Butwal - Traffic Chowk,Butwal,2025-10-08,2604.71,7
TXN100476,Kathmandu - Kupondole,Kathmandu,2025-12-31,1859.26,7
TXN100477,Kathmandu - New Road,Kathmandu,2025-05-27,7654.88,9
TXN100478,Chitwan - Bharatpur,Chitwan,2025-12-11,3360.38,5
TXN100479,Lalitpur - Pulchowk,Lalitpur,2025-04-30,806.5,5
TXN100480,Kathmandu - Kupondole,Kathmandu,2025-09-14,1532.46,5
TXN100481,Butwal - Traffic Chowk,Butwal,2025-07-17,1847.64,6
TXN100482,Bhaktapur - Suryabinayak,Bhaktapur,2025-03-05,6739.799999999999,13
TXN100483,Butwal - Traffic Chowk,Butwal,2025-10-02,17004.33,12
TXN100484,Bhaktapur - Suryabinayak,Bhaktapur,2025-08-23,6385.62,8
TXN100485,Chitwan - Bharatpur,Chitwan,2025-12-16,4356.3099999999995,12
TXN100486,Pokhara - Lakeside,Pokhara,2025-08-12,2042.32,7
TXN100487,Bhaktapur - Suryabinayak,Bhaktapur,2025-09-19,2213.76,4
TXN100488,Kathmandu - New Road,Kathmandu,2025-06-04,835.5999999999999,6
TXN100489,Kathmandu - Kupondole,Kathmandu,2025-09-25,7102.62,14
TXN100490,Lalitpur - Pulchowk,Lalitpur,2025-07-21,4594.23,10
TXN100491,Butwal - Traffic Chowk,Butwal,2025-12-14,2511.4,6
TXN100492,Lalitpur - Pulchowk,Lalitpur,2025-09-13,6851.04,12
TXN100493,Kathmandu - New Road,Kathmandu,2025-05-25,9206.85,17
TXN100494,Butwal - Traffic Chowk,Butwal,2025-04-18,3016.03,11
TXN100495,Chitwan - Bharatpur,Chitwan,2025-01-26,1613.7,3
TXN100496,Kathmandu - Kupondole,Kathmandu,2025-09-01,15862.4,15
TXN100497,Chitwan - Bharatpur,Chitwan,2025-02-24,1319.0,7
TXN100498,Kathmandu - Kupondole,Kathmandu,2025-09-02,6721.79,12
TXN100499,Butwal - Traffic Chowk,Butwal,2025-10-26,1908.05,5
TXN100500,Biratnagar - Main Road,Biratnagar,2025-08-16,365.28,3
TXN100501,Bhaktapur - Suryabinayak,Bhaktapur,2025-12-29,1681.14,5
TXN100502,Pokhara - Lakeside,Pokhara,2025-01-22,4344.45,11
TXN100503,Butwal - Traffic Chowk,Butwal,2025-03-24,18405.67,13
TXN100504,Kathmandu - New Road,Kathmandu,2025-01-16,3333.24,7
TXN100505,Chitwan - Bharatpur,Chitwan,2025-09-28,2155.9300000000003,8
TXN100506,Kathmandu - New Road,Kathmandu,2025-09-10,6843.66,3
TXN100507,Chitwan - Bharatpur,Chitwan,2025-07-25,3555.3,3
TXN100508,Bhaktapur - Suryabinayak,Bhaktapur,2025-04-01,1625.34,5
TXN100509,Kathmandu - New Road,Kathmandu,2025-10-20,16940.38,13
TXN100510,Biratnagar - Main Road,Biratnagar,2025-10-05,6919.23,9
TXN100511,Chitwan - Bharatpur,Chitwan,2025-06-05,1544.05,5
TXN100512,Butwal - Traffic Chowk,Butwal,2025-09-04,2407.88,6
TXN100513,Lalitpur - Pulchowk,Lalitpur,2025-10-23,752.51,3
TXN100514,Kathmandu - New Road,Kathmandu,2025-05-11,6333.53,7
TXN100515,Kathmandu - New Road,Kathmandu,2025-07-22,1959.79,7
TXN100516,Butwal - Traffic Chowk,Butwal,2025-10-14,5452.5599999999995,11
TXN100517,Lalitpur - Pulchowk,Lalitpur,2025-04-11,2075.45,7
TXN100518,Kathmandu - New Road,Kathmandu,2025-09-12,3018.12,4
TXN100519,Butwal - Traffic Chowk,Butwal,2025-01-05,8409.07,13
TXN100520,Kathmandu - Kupondole,Kathmandu,2025-04-19,2056.84,6
TXN100521,Bhaktapur - Suryabinayak,Bhaktapur,2025-12-24,12254.86,8
TXN100522,Pokhara - Lakeside,Pokhara,2025-05-11,8324.039999999999,4
TXN100523,Chitwan - Bharatpur,Chitwan,2025-11-02,668.58,3
TXN100524,Kathmandu - Kupondole,Kathmandu,2025-10-21,7909.94,8
TXN100525,Bhaktapur - Suryabinayak,Bhaktapur,2025-02-11,6084.91,14
TXN100526,Chitwan - Bharatpur,Chitwan,2025-09-05,10647.61,10
TXN100527,Kathmandu - New Road,Kathmandu,2025-10-18,2310.71,4
TXN100528,Butwal - Traffic Chowk,Butwal,2025-11-27,4108.17,5
TXN100529,Kathmandu - New Road,Kathmandu,2025-09-26,2170.95,6
TXN100530,Kathmandu - New Road,Kathmandu,2025-11-30,11319.43,5
TXN100531,Lalitpur - Pulchowk,Lalitpur,2025-01-06,12819.539999999999,10
TXN100532,Chitwan - Bharatpur,Chitwan,2025-10-11,7242.91,12
TXN100533,Kathmandu - New Road,Kathmandu,2025-04-28,3716.91,3
TXN100534,Bhaktapur - Suryabinayak,Bhaktapur,2025-09-29,100.56,1
TXN100535,Kathmandu - Kupondole,Kathmandu,2025-09-05,3337.96,11
TXN100536,Lalitpur - Pulchowk,Lalitpur,2025-03-05,7021.570000000001,16
TXN100537,Butwal - Traffic Chowk,Butwal,2025-08-02,7498.93,10
TXN100538,Butwal - Traffic Chowk,Butwal,2025-11-26,3410.7200000000003,11
TXN100539,Butwal - Traffic Chowk,Butwal,2025-02-01,7414.63,15
TXN100540,Lalitpur - Pulchowk,Lalitpur,2025-09-28,19347.8,15
TXN100541,Kathmandu - New Road,Kathmandu,2025-10-26,8635.800000000001,11
TXN100542,Kathmandu - New Road,Kathmandu,2025-11-16,5497.120000000001,6
TXN100543,Bhaktapur - Suryabinayak,Bhaktapur,2025-07-29,6225.93,5
TXN100544,Kathmandu - Kupondole,Kathmandu,2025-04-28,11293.75,10
TXN100545,Butwal - Traffic Chowk,Butwal,2025-03-30,11759.4,13
TXN100546,Kathmandu - Kupondole,Kathmandu,2025-04-15,6781.719999999999,13
TXN100547,Biratnagar - Main Road,Biratnagar,2025-07-04,9589.6,12
TXN100548,Lalitpur - Pulchowk,Lalitpur,2025-10-19,1193.58,1
TXN100549,Pokhara - Lakeside,Pokhara,2025-04-24,6629.92,11
TXN100550,Kathmandu - Kupondole,Kathmandu,2025-05-27,2553.18,7
TXN100551,Kathmandu - Kupondole,Kathmandu,2025-09-16,1988.79,3
TXN100552,Kathmandu - New Road,Kathmandu,2025-10-07,260.32,1
TXN100553,Biratnagar - Main Road,Biratnagar,2025-10-21,9835.42,13
TXN100554,Butwal - Traffic Chowk,Butwal,2025-02-28,5902.82,13
TXN100555,Kathmandu - Kupondole,Kathmandu,2025-08-16,8991.42,3
TXN100556,Bhaktapur - Suryabinayak,Bhaktapur,2025-01-12,2647.25,10
TXN100557,Kathmandu - New Road,Kathmandu,2025-10-31,5397.25,9
TXN100558,Bhaktapur - Suryabinayak,Bhaktapur,2025-09-19,2863.91,10
TXN100559,Bhaktapur - Suryabinayak,Bhaktapur,2025-09-04,396.4,2
TXN100560,Lalitpur - Pulchowk,Lalitpur,2025-11-24,7320.950000000001,11
TXN100561,Chitwan - Bharatpur,Chitwan,2025-06-02,17060.91,10
TXN100562,Kathmandu - Kupondole,Kathmandu,2025-04-12,13697.5,12
TXN100563,Bhaktapur - Suryabinayak,Bhaktapur,2025-09-15,4111.01,15
TXN100564,Pokhara - Lakeside,Pokhara,2025-08-19,4779.62,11
TXN100565,Butwal - Traffic Chowk,Butwal,2025-12-17,4933.05,9
TXN100566,Kathmandu - New Road,Kathmandu,2025-08-20,1148.43,6
TXN100567,Pokhara - Lakeside,Pokhara,2025-05-22,964.69,1
TXN100568,Biratnagar - Main Road,Biratnagar,2025-06-28,11907.82,7
TXN100569,Kathmandu - New Road,Kathmandu,2025-08-23,4666.91,9
TXN100570,Kathmandu - Kupondole,Kathmandu,2025-09-25,764.0,2
TXN100571,Kathmandu - New Road,Kathmandu,2025-06-28,2732.26,4
TXN100572,Kathmandu - New Road,Kathmandu,2025-06-01,5232.61,10
TXN100573,Butwal - Traffic Chowk,Butwal,2025-09-26,10387.900000000001,13
TXN100574,Bhaktapur - Suryabinayak,Bhaktapur,2025-10-15,5794.75,15
TXN100575,Bhaktapur - Suryabinayak,Bhaktapur,2025-09-11,8560.14,3
TXN100576,Lalitpur - Pulchowk,Lalitpur,2025-02-15,2033.1200000000001,8
TXN100577,Butwal - Traffic Chowk,Butwal,2025-09-30,12168.4,8
TXN100578,Lalitpur - Pulchowk,Lalitpur,2025-08-03,581.9100000000001,2
TXN100579,Biratnagar - Main Road,Biratnagar,2025-06-25,10707.7,6
TXN100580,Butwal - Traffic Chowk,Butwal,2025-11-01,3072.59,8
TXN100581,Bhaktapur - Suryabinayak,Bhaktapur,2025-04-28,3805.82,9
TXN100582,Bhaktapur - Suryabinayak,Bhaktapur,2025-09-23,6088.7,12
TXN100583,Kathmandu - Kupondole,Kathmandu,2025-07-04,1361.08,5
TXN100584,Butwal - Traffic Chowk,Butwal,2025-06-08,305.22,1
TXN100585,Bhaktapur - Suryabinayak,Bhaktapur,2025-09-30,2521.12,6
TXN100586,Kathmandu - New Road,Kathmandu,2025-06-10,11638.32,4
TXN100587,Bhaktapur - Suryabinayak,Bhaktapur,2025-03-15,3230.21,15
TXN100588,Pokhara - Lakeside,Pokhara,2025-11-04,6787.05,13
TXN100589,Kathmandu - Kupondole,Kathmandu,2025-10-27,6164.21,7
TXN100590,Biratnagar - Main Road,Biratnagar,2025-06-16,264.68,1
TXN100591,Kathmandu - Kupondole,Kathmandu,2025-05-05,5445.0,3
TXN100592,Butwal - Traffic Chowk,Butwal,2025-07-23,336.78,2
TXN100593,Bhaktapur - Suryabinayak,Bhaktapur,2025-12-08,5444.2300000000005,10
TXN100594,Kathmandu - New Road,Kathmandu,2025-06-22,726.7,2
TXN100595,Bhaktapur - Suryabinayak,Bhaktapur,2025-10-01,4321.39,8
TXN100596,Pokhara - Lakeside,Pokhara,2025-09-03,1415.92,5
TXN100597,Kathmandu - New Road,Kathmandu,2025-01-13,7113.9,13
TXN100598,Butwal - Traffic Chowk,Butwal,2025-08-14,15848.6,13
TXN100599,Kathmandu - Kupondole,Kathmandu,2025-10-30,3114.4900000000002,4
TXN100600,Bhaktapur - Suryabinayak,Bhaktapur,2025-04-27,7446.84,13
TXN100601,Pokhara - Lakeside,Pokhara,2025-09-19,512.44,4
TXN100602,Kathmandu - Kupondole,Kathmandu,2025-04-17,10725.63,14
TXN100603,Lalitpur - Pulchowk,Lalitpur,2025-04-03,3304.12,7
TXN100604,Biratnagar - Main Road,Biratnagar,2025-03-27,914.96,2
TXN100605,Butwal - Traffic Chowk,Butwal,2025-01-27,2218.27,7
TXN100606,Bhaktapur - Suryabinayak,Bhaktapur,2025-03-02,484.32,3
TXN100607,Butwal - Traffic Chowk,Butwal,2025-09-20,16981.34,15
TXN100608,Kathmandu - Kupondole,Kathmandu,2025-10-15,1030.1,5
TXN100609,Kathmandu - Kupondole,Kathmandu,2025-06-21,5118.83,13
TXN100610,Kathmandu - New Road,Kathmandu,2025-08-20,5533.17,3
TXN100611,Lalitpur - Pulchowk,Lalitpur,2025-11-20,10757.539999999999,4
TXN100612,Kathmandu - New Road,Kathmandu,2025-11-16,7099.14,14
TXN100613,Bhaktapur - Suryabinayak,Bhaktapur,2025-07-07,1820.16,3
TXN100614,Bhaktapur - Suryabinayak,Bhaktapur,2025-04-27,14289.97,15
TXN100615,Kathmandu - Kupondole,Kathmandu,2025-01-16,4810.16,8
TXN100616,Chitwan - Bharatpur,Chitwan,2025-11-17,4999.679999999999,5
TXN100617,Butwal - Traffic Chowk,Butwal,2025-07-27,15313.890000000001,14
TXN100618,Kathmandu - Kupondole,Kathmandu,2025-07-29,7757.969999999999,8
TXN100619,Kathmandu - Kupondole,Kathmandu,2025-08-07,6825.15,8
TXN100620,Bhaktapur - Suryabinayak,Bhaktapur,2025-05-04,2174.2200000000003,9
TXN100621,Kathmandu - New Road,Kathmandu,2025-10-30,11312.47,9
TXN100622,Lalitpur - Pulchowk,Lalitpur,2025-09-13,1362.68,7
TXN100623,Lalitpur - Pulchowk,Lalitpur,2025-10-13,914.9,2
TXN100624,Bhaktapur - Suryabinayak,Bhaktapur,2025-06-12,12920.48,11
TXN100625,Bhaktapur - Suryabinayak,Bhaktapur,2025-09-30,1130.97,11
TXN100626,Lalitpur - Pulchowk,Lalitpur,2025-11-16,3195.28,2
TXN100627,Bhaktapur - Suryabinayak,Bhaktapur,2025-01-12,9123.6,4
TXN100628,Kathmandu - Kupondole,Kathmandu,2025-09-13,6804.22,7
TXN100629,Pokhara - Lakeside,Pokhara,2025-09-28,4674.62,12
TXN100630,Lalitpur - Pulchowk,Lalitpur,2025-12-25,1485.62,4
TXN100631,Biratnagar - Main Road,Biratnagar,2025-09-02,2673.69,3
TXN100632,Butwal - Traffic Chowk,Butwal,2025-10-20,1601.7,2
TXN100633,Butwal - Traffic Chowk,Butwal,2025-10-11,16579.82,6
TXN100634,Bhaktapur - Suryabinayak,Bhaktapur,2025-10-26,5415.719999999999,7
TXN100635,Kathmandu - Kupondole,Kathmandu,2025-03-25,13201.69,12
TXN100636,Kathmandu - Kupondole,Kathmandu,2025-10-11,7025.42,7
TXN100637,Kathmandu - Kupondole,Kathmandu,2025-11-22,6665.93,5
TXN100638,Butwal - Traffic Chowk,Butwal,2025-03-23,1549.77,3
TXN100639,Lalitpur - Pulchowk,Lalitpur,2025-10-17,2652.31,5
TXN100640,Kathmandu - Kupondole,Kathmandu,2025-09-03,4830.9,8
TXN100641,Pokhara - Lakeside,Pokhara,2025-03-28,5120.4400000000005,11
TXN100642,Butwal - Traffic Chowk,Butwal,2025-10-19,9240.39,11
TXN100643,Bhaktapur - Suryabinayak,Bhaktapur,2025-09-12,4547.0599999999995,8
TXN100644,Kathmandu - New Road,Kathmandu,2025-10-17,6091.8099999999995,6
TXN100645,Kathmandu - New Road,Kathmandu,2025-04-08,5067.5599999999995,12
TXN100646,Kathmandu - New Road,Kathmandu,2025-10-19,13586.739999999998,10
TXN100647,Kathmandu - Kupondole,Kathmandu,2025-11-28,2023.46,6
TXN100648,Chitwan - Bharatpur,Chitwan,2025-01-20,4650.5,6
TXN100649,Lalitpur - Pulchowk,Lalitpur,2025-11-12,702.52,2
TXN100650,Bhaktapur - Suryabinayak,Bhaktapur,2025-01-12,5257.3,9
TXN100651,Butwal - Traffic Chowk,Butwal,2025-11-18,19885.940000000002,15
TXN100652,Pokhara - Lakeside,Pokhara,2025-10-22,3267.13,9
TXN100653,Lalitpur - Pulchowk,Lalitpur,2025-10-03,2563.16,4
TXN100654,Bhaktapur - Suryabinayak,Bhaktapur,2025-03-13,5622.07,10
TXN100655,Pokhara - Lakeside,Pokhara,2025-11-17,2409.25,3
TXN100656,Kathmandu - Kupondole,Kathmandu,2025-12-15,3383.4,4
TXN100657,Lalitpur - Pulchowk,Lalitpur,2025-01-04,8823.289999999999,12
TXN100658,Bhaktapur - Suryabinayak,Bhaktapur,2025-10-05,10721.04,10
TXN100659,Butwal - Traffic Chowk,Butwal,2025-11-29,10828.460000000001,11
TXN100660,Kathmandu - New Road,Kathmandu,2025-04-04,778.58,4
TXN100661,Pokhara - Lakeside,Pokhara,2025-06-21,9226.32,8
TXN100662,Kathmandu - Kupondole,Kathmandu,2025-08-18,6141.6,5
TXN100663,Kathmandu - New Road,Kathmandu,2025-06-24,1657.6599999999999,7
TXN100664,Chitwan - Bharatpur,Chitwan,2025-05-27,1620.8200000000002,3
TXN100665,Chitwan - Bharatpur,Chitwan,2025-11-09,10717.24,4
TXN100666,Pokhara - Lakeside,Pokhara,2025-12-17,13058.44,5
TXN100667,Bhaktapur - Suryabinayak,Bhaktapur,2025-09-23,4716.9,7
TXN100668,Lalitpur - Pulchowk,Lalitpur,2025-10-23,1746.42,6
TXN100669,Kathmandu - Kupondole,Kathmandu,2025-01-27,3950.49,11
TXN100670,Bhaktapur - Suryabinayak,Bhaktapur,2025-03-15,2013.19,7
TXN100671,Pokhara - Lakeside,Pokhara,2025-02-05,14504.689999999999,13
TXN100672,Pokhara - Lakeside,Pokhara,2025-03-05,1214.3400000000001,4
TXN100673,Kathmandu - Kupondole,Kathmandu,2025-03-09,535.12,4
TXN100674,Lalitpur - Pulchowk,Lalitpur,2025-08-21,11816.35,12
TXN100675,Kathmandu - New Road,Kathmandu,2025-09-25,7593.200000000001,17
TXN100676,Lalitpur - Pulchowk,Lalitpur,2025-01-21,7984.76,12
TXN100677,Bhaktapur - Suryabinayak,Bhaktapur,2025-12-09,904.6600000000001,7
TXN100678,Kathmandu - New Road,Kathmandu,2025-02-12,1033.14,3
TXN100679,Kathmandu - New Road,Kathmandu,2025-03-11,7736.950000000001,8
TXN100680,Bhaktapur - Suryabinayak,Bhaktapur,2025-10-10,654.42,3
TXN100681,Bhaktapur - Suryabinayak,Bhaktapur,2025-08-27,7149.16,11
TXN100682,Kathmandu - Kupondole,Kathmandu,2025-01-18,3274.5199999999995,8
TXN100683,Chitwan - Bharatpur,Chitwan,2025-08-31,9504.49,8
TXN100684,Bhaktapur - Suryabinayak,Bhaktapur,2025-10-04,4744.82,9
TXN100685,Kathmandu - New Road,Kathmandu,2025-10-24,12980.93,11
TXN100686,Chitwan - Bharatpur,Chitwan,2025-06-23,11773.61,7
TXN100687,Kathmandu - Kupondole,Kathmandu,2025-01-22,2448.8399999999997,4
TXN100688,Kathmandu - Kupondole,Kathmandu,2025-03-18,4186.07,9
TXN100689,Biratnagar - Main Road,Biratnagar,2025-11-05,2515.08,8
TXN100690,Bhaktapur - Suryabinayak,Bhaktapur,2025-06-02,22957.309999999998,14
TXN100691,Butwal - Traffic Chowk,Butwal,2025-07-03,3539.4300000000003,6
TXN100692,Lalitpur - Pulchowk,Lalitpur,2025-05-28,6043.41,9
TXN100693,Butwal - Traffic Chowk,Butwal,2025-01-27,1168.97,5
TXN100694,Kathmandu - Kupondole,Kathmandu,2025-02-10,3771.2200000000003,12
TXN100695,Kathmandu - New Road,Kathmandu,2025-09-30,2651.07,3
TXN100696,Lalitpur - Pulchowk,Lalitpur,2025-09-23,8157.639999999999,9
TXN100697,Butwal - Traffic Chowk,Butwal,2025-12-07,6268.97,5
TXN100698,Pokhara - Lakeside,Pokhara,2025-12-25,8807.99,11
TXN100699,Bhaktapur - Suryabinayak,Bhaktapur,2025-02-18,1992.06,3
TXN100700,Kathmandu - New Road,Kathmandu,2025-11-15,479.02,2
TXN100701,Pokhara - Lakeside,Pokhara,2025-02-17,13272.08,13
TXN100702,Lalitpur - Pulchowk,Lalitpur,2025-04-21,1355.72,4
TXN100703,Pokhara - Lakeside,Pokhara,2025-07-27,2147.24,7
TXN100704,Kathmandu - New Road,Kathmandu,2025-08-07,1832.67,5
TXN100705,Lalitpur - Pulchowk,Lalitpur,2025-04-08,1645.6299999999999,6
TXN100706,Kathmandu - Kupondole,Kathmandu,2025-10-29,9581.34,8
TXN100707,Pokhara - Lakeside,Pokhara,2025-07-09,4466.26,7
TXN100708,Lalitpur - Pulchowk,Lalitpur,2025-07-07,391.16,2
TXN100709,Kathmandu - Kupondole,Kathmandu,2025-02-28,4278.01,11
TXN100710,Chitwan - Bharatpur,Chitwan,2025-05-25,1458.16,5
TXN100711,Butwal - Traffic Chowk,Butwal,2025-05-30,4755.82,9
TXN100712,Kathmandu - Kupondole,Kathmandu,2025-04-09,926.0,4
TXN100713,Biratnagar - Main Road,Biratnagar,2025-11-04,10971.15,16
TXN100714,Bhaktapur - Suryabinayak,Bhaktapur,2025-09-21,2567.87,6
TXN100715,Kathmandu - New Road,Kathmandu,2025-12-20,1923.68,4
TXN100716,Lalitpur - Pulchowk,Lalitpur,2025-10-14,9840.55,12
TXN100717,Bhaktapur - Suryabinayak,Bhaktapur,2025-01-23,264.88,2
TXN100718,Kathmandu - New Road,Kathmandu,2025-02-05,1564.78,6
TXN100719,Kathmandu - New Road,Kathmandu,2025-05-20,4672.05,13
TXN100720,Kathmandu - New Road,Kathmandu,2025-10-09,5099.73,12
TXN100721,Biratnagar - Main Road,Biratnagar,2025-09-02,4021.4700000000003,5
TXN100722,Kathmandu - Kupondole,Kathmandu,2025-03-10,9306.720000000001,8
TXN100723,Bhaktapur - Suryabinayak,Bhaktapur,2025-11-14,2496.14,3
TXN100724,Bhaktapur - Suryabinayak,Bhaktapur,2025-09-25,11899.37,14
TXN100725,Kathmandu - Kupondole,Kathmandu,2025-09-30,2251.46,11
TXN100726,Lalitpur - Pulchowk,Lalitpur,2025-10-07,3896.31,6
TXN100727,Bhaktapur - Suryabinayak,Bhaktapur,2025-01-06,3776.8199999999997,5
TXN100728,Kathmandu - New Road,Kathmandu,2025-07-04,1740.1599999999999,6
TXN100729,Bhaktapur - Suryabinayak,Bhaktapur,2025-10-03,3551.41,5
TXN100730,Pokhara - Lakeside,Pokhara,2025-10-18,3865.75,8
TXN100731,Biratnagar - Main Road,Biratnagar,2025-11-21,936.42,3
TXN100732,Lalitpur - Pulchowk,Lalitpur,2025-04-25,957.56,4
TXN100733,Kathmandu - New Road,Kathmandu,2025-10-04,3316.76,2
TXN100734,Biratnagar - Main Road,Biratnagar,2025-11-25,6236.16,15
TXN100735,Bhaktapur - Suryabinayak,Bhaktapur,2025-02-24,1970.27,4
TXN100736,Lalitpur - Pulchowk,Lalitpur,2025-08-22,7499.65,5
TXN100737,Pokhara - Lakeside,Pokhara,2025-09-22,11705.88,7
TXN100738,Butwal - Traffic Chowk,Butwal,2025-02-10,3401.3199999999997,6
TXN100739,Kathmandu - Kupondole,Kathmandu,2025-11-15,9883.8,9
TXN100740,Pokhara - Lakeside,Pokhara,2025-01-13,8457.220000000001,6
TXN100741,Kathmandu - Kupondole,Kathmandu,2025-05-22,5421.4,10
TXN100742,Biratnagar - Main Road,Biratnagar,2025-09-07,9712.230000000001,11
TXN100743,Bhaktapur - Suryabinayak,Bhaktapur,2025-12-14,3150.32,3
TXN100744,Butwal - Traffic Chowk,Butwal,2025-07-05,7238.92,8
TXN100745,Chitwan - Bharatpur,Chitwan,2025-01-28,2458.25,9
TXN100746,Kathmandu - New Road,Kathmandu,2025-04-25,3740.58,5
TXN100747,Kathmandu - Kupondole,Kathmandu,2025-05-21,4469.19,3
TXN100748,Kathmandu - New Road,Kathmandu,2025-08-18,2047.1000000000001,2
TXN100749,Bhaktapur - Suryabinayak,Bhaktapur,2025-04-26,3878.4799999999996,8
TXN100750,Bhaktapur - Suryabinayak,Bhaktapur,2025-06-23,4364.7,5
TXN100751,Pokhara - Lakeside,Pokhara,2025-08-07,14573.16,13
TXN100752,Bhaktapur - Suryabinayak,Bhaktapur,2025-03-30,7791.429999999999,10
TXN100753,Pokhara - Lakeside,Pokhara,2025-11-14,5539.8,4
TXN100754,Pokhara - Lakeside,Pokhara,2025-04-20,5359.82,7
TXN100755,Chitwan - Bharatpur,Chitwan,2025-04-11,1672.47,5
TXN100756,Butwal - Traffic Chowk,Butwal,2025-07-04,184.86,2
TXN100757,Pokhara - Lakeside,Pokhara,2025-08-22,12509.07,16
TXN100758,Lalitpur - Pulchowk,Lalitpur,2025-07-13,291.19,1
TXN100759,Lalitpur - Pulchowk,Lalitpur,2025-12-24,12708.849999999999,13
TXN100760,Pokhara - Lakeside,Pokhara,2025-09-16,15249.43,13
TXN100761,Kathmandu - Kupondole,Kathmandu,2025-08-28,12952.34,10
TXN100762,Kathmandu - Kupondole,Kathmandu,2025-01-21,3646.46,7
TXN100763,Butwal - Traffic Chowk,Butwal,2025-09-06,4593.7,2
TXN100764,Bhaktapur - Suryabinayak,Bhaktapur,2025-05-12,4661.71,13
TXN100765,Kathmandu - New Road,Kathmandu,2025-05-19,5466.59,7
TXN100766,Butwal - Traffic Chowk,Butwal,2025-04-13,13895.9,13
TXN100767,Kathmandu - Kupondole,Kathmandu,2025-11-24,1362.83,5
TXN100768,Kathmandu - Kupondole,Kathmandu,2025-11-03,11995.300000000001,13
TXN100769,Bhaktapur - Suryabinayak,Bhaktapur,2025-02-23,468.7,2
TXN100770,Butwal - Traffic Chowk,Butwal,2025-09-20,8048.400000000001,9
TXN100771,Kathmandu - New Road,Kathmandu,2025-05-07,7577.95,8
TXN100772,Bhaktapur - Suryabinayak,Bhaktapur,2025-09-13,6407.44,2
TXN100773,Pokhara - Lakeside,Pokhara,2025-02-02,8592.35,11
TXN100774,Lalitpur - Pulchowk,Lalitpur,2025-01-03,415.0,2
TXN100775,Chitwan - Bharatpur,Chitwan,2025-09-28,6806.43,12
TXN100776,Bhaktapur - Suryabinayak,Bhaktapur,2025-09-26,5643.9,6
TXN100777,Kathmandu - New Road,Kathmandu,2025-10-25,18728.97,9
TXN100778,Butwal - Traffic Chowk,Butwal,2025-01-29,4173.69,12
TXN100779,Kathmandu - Kupondole,Kathmandu,2025-12-28,5721.389999999999,4
TXN100780,Lalitpur - Pulchowk,Lalitpur,2025-05-03,591.8599999999999,4
TXN100781,Lalitpur - Pulchowk,Lalitpur,2025-08-27,446.17,1
TXN100782,Kathmandu - New Road,Kathmandu,2025-11-10,10492.59,13
TXN100783,Lalitpur - Pulchowk,Lalitpur,2025-11-28,5322.65,6
TXN100784,Kathmandu - Kupondole,Kathmandu,2025-04-05,623.01,3
TXN100785,Kathmandu - Kupondole,Kathmandu,2025-11-25,418.65999999999997,5
TXN100786,Pokhara - Lakeside,Pokhara,2025-11-05,889.6899999999999,5
TXN100787,Bhaktapur - Suryabinayak,Bhaktapur,2025-06-29,6947.33,11
TXN100788,Pokhara - Lakeside,Pokhara,2025-09-09,9564.880000000001,6
TXN100789,Pokhara - Lakeside,Pokhara,2025-06-09,15307.59,15
TXN100790,Bhaktapur - Suryabinayak,Bhaktapur,2025-10-24,94.71,1
TXN100791,Kathmandu - Kupondole,Kathmandu,2025-08-04,3723.51,10
TXN100792,Kathmandu - Kupondole,Kathmandu,2025-10-11,6098.17,14
TXN100793,Pokhara - Lakeside,Pokhara,2025-08-23,11680.98,6
TXN100794,Kathmandu - New Road,Kathmandu,2025-10-09,4126.75,4
TXN100795,Chitwan - Bharatpur,Chitwan,2025-10-09,3283.7000000000003,4
TXN100796,Bhaktapur - Suryabinayak,Bhaktapur,2025-04-29,8058.54,13
TXN100797,Butwal - Traffic Chowk,Butwal,2025-11-15,2441.64,2
TXN100798,Chitwan - Bharatpur,Chitwan,2025-08-28,11581.9,11
TXN100799,Bhaktapur - Suryabinayak,Bhaktapur,2025-11-13,12974.7,11
TXN100800,Kathmandu - New Road,Kathmandu,2025-09-16,7691.23,9
TXN100801,Kathmandu - Kupondole,Kathmandu,2025-06-07,2656.69,11
TXN100802,Butwal - Traffic Chowk,Butwal,2025-02-08,5186.76,11
TXN100803,Kathmandu - Kupondole,Kathmandu,2025-11-09,5159.25,13
TXN100804,Pokhara - Lakeside,Pokhara,2025-02-14,5033.96,4
TXN100805,Pokhara - Lakeside,Pokhara,2025-09-15,3492.67,8
TXN100806,Bhaktapur - Suryabinayak,Bhaktapur,2025-10-05,7375.75,5
TXN100807,Butwal - Traffic Chowk,Butwal,2025-10-28,4811.139999999999,9
TXN100808,Lalitpur - Pulchowk,Lalitpur,2025-02-27,9722.779999999999,13
TXN100809,Kathmandu - Kupondole,Kathmandu,2025-02-16,1895.97,11
TXN100810,Chitwan - Bharatpur,Chitwan,2025-04-03,825.2,4
TXN100811,Kathmandu - New Road,Kathmandu,2025-07-26,10626.26,12
TXN100812,Bhaktapur - Suryabinayak,Bhaktapur,2025-12-17,14195.67,7
TXN100813,Bhaktapur - Suryabinayak,Bhaktapur,2025-04-09,6969.69,8
TXN100814,Kathmandu - Kupondole,Kathmandu,2025-12-11,2557.46,5
TXN100815,Biratnagar - Main Road,Biratnagar,2025-12-06,59.5,1
TXN100816,Chitwan - Bharatpur,Chitwan,2025-11-03,3690.27,7
TXN100817,Pokhara - Lakeside,Pokhara,2025-10-18,5519.68,4
TXN100818,Bhaktapur - Suryabinayak,Bhaktapur,2025-11-07,4718.08,9
TXN100819,Butwal - Traffic Chowk,Butwal,2025-10-26,8946.0,11
TXN100820,Kathmandu - Kupondole,Kathmandu,2025-09-17,6126.12,8
TXN100821,Butwal - Traffic Chowk,Butwal,2025-08-28,7018.5,10
TXN100822,Kathmandu - Kupondole,Kathmandu,2025-08-28,4309.9400000000005,4
TXN100823,Biratnagar - Main Road,Biratnagar,2025-03-22,11524.93,11
TXN100824,Kathmandu - New Road,Kathmandu,2025-03-21,2141.98,7
TXN100825,Kathmandu - New Road,Kathmandu,2025-11-12,11864.18,15
TXN100826,Butwal - Traffic Chowk,Butwal,2025-11-16,923.26,5
TXN100827,Butwal - Traffic Chowk,Butwal,2025-12-06,13843.49,11
TXN100828,Kathmandu - Kupondole,Kathmandu,2025-04-25,8025.58,9
TXN100829,Kathmandu - Kupondole,Kathmandu,2025-02-16,6437.389999999999,4
TXN100830,Biratnagar - Main Road,Biratnagar,2025-10-10,11273.859999999999,6
TXN100831,Kathmandu - Kupondole,Kathmandu,2025-10-01,7337.16,6
TXN100832,Butwal - Traffic Chowk,Butwal,2025-11-17,584.74,2
TXN100833,Biratnagar - Main Road,Biratnagar,2025-12-06,4454.5199999999995,16
TXN100834,Butwal - Traffic Chowk,Butwal,2025-12-14,6889.54,14
TXN100835,Kathmandu - New Road,Kathmandu,2025-10-28,6107.18,10
TXN100836,Lalitpur - Pulchowk,Lalitpur,2025-06-20,4199.3,14
TXN100837,Butwal - Traffic Chowk,Butwal,2025-11-14,1041.17,6
TXN100838,Kathmandu - Kupondole,Kathmandu,2025-11-18,951.5699999999999,4
TXN100839,Bhaktapur - Suryabinayak,Bhaktapur,2025-09-14,2442.8199999999997,4
TXN100840,Kathmandu - New Road,Kathmandu,2025-03-30,2258.92,4
TXN100841,Pokhara - Lakeside,Pokhara,2025-12-19,1411.79,3
TXN100842,Kathmandu - New Road,Kathmandu,2025-09-12,9083.8,14
TXN100843,Kathmandu - Kupondole,Kathmandu,2025-12-04,3175.2,4
TXN100844,Bhaktapur - Suryabinayak,Bhaktapur,2025-10-13,4023.33,6
TXN100845,Lalitpur - Pulchowk,Lalitpur,2025-01-21,5000.67,3
TXN100846,Lalitpur - Pulchowk,Lalitpur,2025-09-30,5757.44,9
TXN100847,Lalitpur - Pulchowk,Lalitpur,2025-12-16,1173.28,4
TXN100848,Kathmandu - Kupondole,Kathmandu,2025-11-18,4341.68,10
TXN100849,Pokhara - Lakeside,Pokhara,2025-09-13,1057.68,1
TXN100850,Bhaktapur - Suryabinayak,Bhaktapur,2025-04-30,7720.41,13
TXN100851,Butwal - Traffic Chowk,Butwal,2025-09-21,3508.05,12
TXN100852,Kathmandu - New Road,Kathmandu,2025-12-31,1448.52,6
TXN100853,Kathmandu - Kupondole,Kathmandu,2025-12-18,14565.67,11
TXN100854,Butwal - Traffic Chowk,Butwal,2025-02-25,14715.650000000001,13
TXN100855,Kathmandu - New Road,Kathmandu,2025-04-10,4423.72,11
TXN100856,Lalitpur - Pulchowk,Lalitpur,2025-03-21,11025.2,13
TXN100857,Bhaktapur - Suryabinayak,Bhaktapur,2025-04-20,1509.97,4
TXN100858,Pokhara - Lakeside,Pokhara,2025-07-11,753.87,7
TXN100859,Kathmandu - New Road,Kathmandu,2025-03-18,5609.6,10
TXN100860,Butwal - Traffic Chowk,Butwal,2025-11-03,3293.7,11
TXN100861,Butwal - Traffic Chowk,Butwal,2025-01-08,1310.25,1
TXN100862,Lalitpur - Pulchowk,Lalitpur,2025-10-12,1118.88,4
TXN100863,Kathmandu - New Road,Kathmandu,2025-02-12,1090.74,6
TXN100864,Pokhara - Lakeside,Pokhara,2025-07-03,18405.35,14
TXN100865,Pokhara - Lakeside,Pokhara,2025-01-19,3119.4199999999996,5
TXN100866,Bhaktapur - Suryabinayak,Bhaktapur,2025-11-19,1052.68,7
TXN100867,Butwal - Traffic Chowk,Butwal,2025-11-23,784.2,4
TXN100868,Lalitpur - Pulchowk,Lalitpur,2025-09-22,12073.35,14
TXN100869,Bhaktapur - Suryabinayak,Bhaktapur,2025-03-10,7969.76,9
TXN100870,Kathmandu - Kupondole,Kathmandu,2025-10-02,4534.68,10
TXN100871,Butwal - Traffic Chowk,Butwal,2025-12-15,2963.5299999999997,6
TXN100872,Kathmandu - New Road,Kathmandu,2025-05-16,2011.11,4
TXN100873,Lalitpur - Pulchowk,Lalitpur,2025-01-29,229.85,1
TXN100874,Kathmandu - New Road,Kathmandu,2025-09-25,659.24,4
TXN100875,Chitwan - Bharatpur,Chitwan,2025-04-25,10007.189999999999,9
TXN100876,Kathmandu - Kupondole,Kathmandu,2025-10-31,327.0,4
TXN100877,Kathmandu - Kupondole,Kathmandu,2025-03-22,4040.49,13
TXN100878,Lalitpur - Pulchowk,Lalitpur,2025-02-15,2116.1,7
TXN100879,Kathmandu - New Road,Kathmandu,2025-10-22,9149.08,8
TXN100880,Butwal - Traffic Chowk,Butwal,2025-09-18,4970.360000000001,12
TXN100881,Kathmandu - Kupondole,Kathmandu,2025-10-07,1462.59,3
TXN100882,Butwal - Traffic Chowk,Butwal,2025-06-02,3576.33,10
TXN100883,Kathmandu - New Road,Kathmandu,2025-11-25,12299.73,18
TXN100884,Kathmandu - New Road,Kathmandu,2025-04-30,4283.04,9
TXN100885,Kathmandu - New Road,Kathmandu,2025-07-04,6865.5599999999995,5
TXN100886,Bhaktapur - Suryabinayak,Bhaktapur,2025-04-01,1643.78,4
TXN100887,Lalitpur - Pulchowk,Lalitpur,2025-10-07,2912.52,11
TXN100888,Butwal - Traffic Chowk,Butwal,2025-11-22,1687.08,2
TXN100889,Kathmandu - Kupondole,Kathmandu,2025-08-04,1222.44,4
TXN100890,Biratnagar - Main Road,Biratnagar,2025-07-14,4316.38,9
TXN100891,Kathmandu - Kupondole,Kathmandu,2025-12-31,6955.820000000001,8
TXN100892,Butwal - Traffic Chowk,Butwal,2025-07-10,5508.799999999999,8
TXN100893,Chitwan - Bharatpur,Chitwan,2025-04-08,7975.07,13
TXN100894,Kathmandu - Kupondole,Kathmandu,2025-07-22,11817.02,11
TXN100895,Biratnagar - Main Road,Biratnagar,2025-11-29,2381.04,3
TXN100896,Biratnagar - Main Road,Biratnagar,2025-10-11,16574.44,12
TXN100897,Biratnagar - Main Road,Biratnagar,2025-08-20,12416.61,17
TXN100898,Biratnagar - Main Road,Biratnagar,2025-05-02,9478.609999999999,6
TXN100899,Pokhara - Lakeside,Pokhara,2025-10-15,1315.27,1
TXN100900,Bhaktapur - Suryabinayak,Bhaktapur,2025-04-15,8676.09,10
TXN100901,Butwal - Traffic Chowk,Butwal,2025-11-26,663.84,3
TXN100902,Kathmandu - Kupondole,Kathmandu,2025-02-14,3130.0600000000004,9
TXN100903,Butwal - Traffic Chowk,Butwal,2025-04-03,5215.27,13
TXN100904,Pokhara - Lakeside,Pokhara,2025-07-16,9580.619999999999,10
TXN100905,Lalitpur - Pulchowk,Lalitpur,2025-09-22,15128.220000000001,13
TXN100906,Kathmandu - Kupondole,Kathmandu,2025-11-29,3518.01,10
TXN100907,Kathmandu - New Road,Kathmandu,2025-01-06,2311.4700000000003,6
TXN100908,Pokhara - Lakeside,Pokhara,2025-11-04,80.35,1
TXN100909,Butwal - Traffic Chowk,Butwal,2025-08-09,170.05,1
TXN100910,Chitwan - Bharatpur,Chitwan,2025-12-20,3485.1800000000003,7
TXN100911,Kathmandu - Kupondole,Kathmandu,2025-07-09,9996.439999999999,9
TXN100912,Pokhara - Lakeside,Pokhara,2025-11-11,9243.96,12
TXN100913,Lalitpur - Pulchowk,Lalitpur,2025-02-14,571.82,2
TXN100914,Lalitpur - Pulchowk,Lalitpur,2025-03-18,14833.6,12
TXN100915,Lalitpur - Pulchowk,Lalitpur,2025-07-04,15760.260000000002,7
TXN100916,Bhaktapur - Suryabinayak,Bhaktapur,2025-11-10,1121.33,1
TXN100917,Kathmandu - New Road,Kathmandu,2025-10-07,4565.47,10
TXN100918,Bhaktapur - Suryabinayak,Bhaktapur,2025-09-16,4198.86,7
TXN100919,Butwal - Traffic Chowk,Butwal,2025-09-21,1052.19,4
TXN100920,Kathmandu - Kupondole,Kathmandu,2025-06-22,12595.16,10
TXN100921,Bhaktapur - Suryabinayak,Bhaktapur,2025-04-26,602.12,2
TXN100922,Bhaktapur - Suryabinayak,Bhaktapur,2025-09-20,5399.88,2
TXN100923,Kathmandu - Kupondole,Kathmandu,2025-09-26,5482.72,7
TXN100924,Pokhara - Lakeside,Pokhara,2025-10-19,4788.65,8
TXN100925,Chitwan - Bharatpur,Chitwan,2025-06-23,215.73,1
TXN100926,Kathmandu - Kupondole,Kathmandu,2025-07-15,7419.97,9
TXN100927,Bhaktapur - Suryabinayak,Bhaktapur,2025-10-04,13075.68,11
TXN100928,Lalitpur - Pulchowk,Lalitpur,2025-04-28,9792.23,4
TXN100929,Kathmandu - New Road,Kathmandu,2025-05-16,440.01,1
TXN100930,Butwal - Traffic Chowk,Butwal,2025-03-17,6437.07,14
TXN100931,Kathmandu - New Road,Kathmandu,2025-06-06,4591.63,7
TXN100932,Bhaktapur - Suryabinayak,Bhaktapur,2025-11-07,8372.01,15
TXN100933,Kathmandu - Kupondole,Kathmandu,2025-11-01,7518.85,6
TXN100934,Pokhara - Lakeside,Pokhara,2025-09-17,3493.0299999999997,6
TXN100935,Kathmandu - Kupondole,Kathmandu,2025-04-25,10641.23,7
TXN100936,Bhaktapur - Suryabinayak,Bhaktapur,2025-03-16,17312.71,13
TXN100937,Butwal - Traffic Chowk,Butwal,2025-01-25,4878.33,5
TXN100938,Pokhara - Lakeside,Pokhara,2025-06-19,3229.55,10
TXN100939,Kathmandu - New Road,Kathmandu,2025-09-14,2568.6,8
TXN100940,Kathmandu - Kupondole,Kathmandu,2025-01-11,14962.17,16
TXN100941,Kathmandu - New Road,Kathmandu,2025-06-20,17577.47,11
TXN100942,Kathmandu - New Road,Kathmandu,2025-05-26,664.92,1
TXN100943,Bhaktapur - Suryabinayak,Bhaktapur,2025-04-02,6909.94,6
TXN100944,Butwal - Traffic Chowk,Butwal,2025-01-23,187.45,1
TXN100945,Chitwan - Bharatpur,Chitwan,2025-04-08,3153.24,6
TXN100946,Bhaktapur - Suryabinayak,Bhaktapur,2025-10-13,936.86,1
TXN100947,Bhaktapur - Suryabinayak,Bhaktapur,2025-11-05,10772.42,13
TXN100948,Chitwan - Bharatpur,Chitwan,2025-09-08,2837.11,7
TXN100949,Biratnagar - Main Road,Biratnagar,2025-04-29,3482.68,8
TXN100950,Kathmandu - Kupondole,Kathmandu,2025-09-22,4478.4400000000005,11
TXN100951,Kathmandu - New Road,Kathmandu,2025-08-05,2169.84,2
TXN100952,Bhaktapur - Suryabinayak,Bhaktapur,2025-06-16,15092.99,10
TXN100953,Lalitpur - Pulchowk,Lalitpur,2025-09-27,3731.82,8
TXN100954,Kathmandu - Kupondole,Kathmandu,2025-11-01,1179.04,4
TXN100955,Lalitpur - Pulchowk,Lalitpur,2025-11-24,6500.049999999999,13
TXN100956,Lalitpur - Pulchowk,Lalitpur,2025-04-21,6143.68,13
TXN100957,Butwal - Traffic Chowk,Butwal,2025-10-22,8914.44,13
TXN100958,Bhaktapur - Suryabinayak,Bhaktapur,2025-07-02,6371.0599999999995,13
TXN100959,Bhaktapur - Suryabinayak,Bhaktapur,2025-02-07,2858.89,9
TXN100960,Bhaktapur - Suryabinayak,Bhaktapur,2025-09-12,1363.72,2
TXN100961,Kathmandu - New Road,Kathmandu,2025-04-17,13984.69,15
TXN100962,Butwal - Traffic Chowk,Butwal,2025-07-13,8135.209999999999,10
TXN100963,Kathmandu - New Road,Kathmandu,2025-12-27,12024.29,10
TXN100964,Butwal - Traffic Chowk,Butwal,2025-09-13,3548.3900000000003,7
TXN100965,Kathmandu - Kupondole,Kathmandu,2025-10-31,11436.08,11
TXN100966,Butwal - Traffic Chowk,Butwal,2025-02-20,2565.68,1
TXN100967,Lalitpur - Pulchowk,Lalitpur,2025-08-22,12795.64,10
TXN100968,Butwal - Traffic Chowk,Butwal,2025-02-21,3897.37,9
TXN100969,Bhaktapur - Suryabinayak,Bhaktapur,2025-09-12,4758.32,7
TXN100970,Kathmandu - New Road,Kathmandu,2025-11-13,4442.48,4
TXN100971,Kathmandu - Kupondole,Kathmandu,2025-12-07,2921.67,8
TXN100972,Kathmandu - Kupondole,Kathmandu,2025-10-23,14723.449999999999,8
TXN100973,Butwal - Traffic Chowk,Butwal,2025-03-02,1798.56,9
TXN100974,Bhaktapur - Suryabinayak,Bhaktapur,2025-04-26,5952.57,5
TXN100975,Bhaktapur - Suryabinayak,Bhaktapur,2025-12-07,2793.74,6
TXN100976,Kathmandu - New Road,Kathmandu,2025-10-26,3171.72,5
TXN100977,Butwal - Traffic Chowk,Butwal,2025-05-26,4548.3,9
TXN100978,Bhaktapur - Suryabinayak,Bhaktapur,2025-10-27,4453.54,15
TXN100979,Bhaktapur - Suryabinayak,Bhaktapur,2025-03-09,3022.64,8
TXN100980,Kathmandu - New Road,Kathmandu,2025-03-01,6427.34,4
TXN100981,Biratnagar - Main Road,Biratnagar,2025-10-30,13082.69,11
TXN100982,Lalitpur - Pulchowk,Lalitpur,2025-09-17,1984.38,6
TXN100983,Bhaktapur - Suryabinayak,Bhaktapur,2025-10-12,4711.62,10
TXN100984,Chitwan - Bharatpur,Chitwan,2025-11-13,7699.610000000001,10
TXN100985,Lalitpur - Pulchowk,Lalitpur,2025-10-13,3372.37,5
TXN100986,Biratnagar - Main Road,Biratnagar,2025-04-16,4764.88,4
TXN100987,Kathmandu - Kupondole,Kathmandu,2025-02-19,1735.72,2
TXN100988,Kathmandu - Kupondole,Kathmandu,2025-04-11,19003.960000000003,17
TXN100989,Bhaktapur - Suryabinayak,Bhaktapur,2025-05-02,2096.04,6
TXN100990,Kathmandu - New Road,Kathmandu,2025-09-15,3884.47,11
TXN100991,Kathmandu - Kupondole,Kathmandu,2025-12-29,4863.47,4
TXN100992,Butwal - Traffic Chowk,Butwal,2025-02-26,8740.64,12
TXN100993,Biratnagar - Main Road,Biratnagar,2025-10-10,4317.06,12
TXN100994,Pokhara - Lakeside,Pokhara,2025-03-18,6935.82,4
TXN100995,Kathmandu - Kupondole,Kathmandu,2025-02-01,3774.15,6
TXN100996,Biratnagar - Main Road,Biratnagar,2025-08-26,144.7,1
TXN100997,Kathmandu - Kupondole,Kathmandu,2025-12-06,12915.45,13
TXN100998,Lalitpur - Pulchowk,Lalitpur,2025-11-16,11740.39,9
TXN100999,Bhaktapur - Suryabinayak,Bhaktapur,2025-04-07,12483.44,17
TXN101000,Lalitpur - Pulchowk,Lalitpur,2025-09-12,5102.32,8
TXN101001,Pokhara - Lakeside,Pokhara,2025-03-04,6146.34,8
TXN101002,Lalitpur - Pulchowk,Lalitpur,2025-09-27,3088.29,5
TXN101003,Pokhara - Lakeside,Pokhara,2025-09-10,3883.6800000000003,6
TXN101004,Bhaktapur - Suryabinayak,Bhaktapur,2025-05-20,1856.4099999999999,8
TXN101005,Pokhara - Lakeside,Pokhara,2025-09-07,978.87,3
TXN101006,Kathmandu - New Road,Kathmandu,2025-09-10,4623.98,13
TXN101007,Kathmandu - Kupondole,Kathmandu,2025-03-23,1441.3500000000001,5
TXN101008,Pokhara - Lakeside,Pokhara,2025-11-05,5755.84,5
TXN101009,Bhaktapur - Suryabinayak,Bhaktapur,2025-12-31,465.4,4
TXN101010,Kathmandu - Kupondole,Kathmandu,2025-08-13,1831.41,3
TXN101011,Kathmandu - New Road,Kathmandu,2025-03-05,12650.57,15
TXN101012,Kathmandu - New Road,Kathmandu,2025-08-24,6932.12,4
TXN101013,Kathmandu - Kupondole,Kathmandu,2025-10-10,9916.4,4
TXN101014,Pokhara - Lakeside,Pokhara,2025-11-19,5734.530000000001,5
TXN101015,Bhaktapur - Suryabinayak,Bhaktapur,2025-09-18,8631.12,8
TXN101016,Pokhara - Lakeside,Pokhara,2025-10-27,3711.64,9
TXN101017,Kathmandu - New Road,Kathmandu,2025-09-25,3071.93,7
TXN101018,Butwal - Traffic Chowk,Butwal,2025-10-18,462.84,1
TXN101019,Bhaktapur - Suryabinayak,Bhaktapur,2025-02-23,2870.62,11
TXN101020,Kathmandu - Kupondole,Kathmandu,2025-04-07,2518.44,5
TXN101021,Kathmandu - Kupondole,Kathmandu,2025-10-20,16169.599999999999,12
TXN101022,Lalitpur - Pulchowk,Lalitpur,2025-07-28,16890.690000000002,13
TXN101023,Butwal - Traffic Chowk,Butwal,2025-06-16,1161.48,5
TXN101024,Chitwan - Bharatpur,Chitwan,2025-09-23,3003.5299999999997,14
TXN101025,Pokhara - Lakeside,Pokhara,2025-08-16,1598.79,6
TXN101026,Butwal - Traffic Chowk,Butwal,2025-02-23,318.7,1
TXN101027,Kathmandu - Kupondole,Kathmandu,2025-09-30,433.5,1
TXN101028,Kathmandu - New Road,Kathmandu,2025-05-04,1029.05,5
TXN101029,Bhaktapur - Suryabinayak,Bhaktapur,2025-01-23,1094.51,7
TXN101030,Bhaktapur - Suryabinayak,Bhaktapur,2025-11-18,7414.94,9
TXN101031,Lalitpur - Pulchowk,Lalitpur,2025-05-29,2518.47,6
TXN101032,Butwal - Traffic Chowk,Butwal,2025-10-20,5178.5599999999995,7
TXN101033,Bhaktapur - Suryabinayak,Bhaktapur,2025-04-30,449.28,3
TXN101034,Biratnagar - Main Road,Biratnagar,2025-04-15,4480.6,11
TXN101035,Kathmandu - Kupondole,Kathmandu,2025-11-23,18011.92,15
TXN101036,Biratnagar - Main Road,Biratnagar,2025-11-03,376.32,3
TXN101037,Chitwan - Bharatpur,Chitwan,2025-07-12,1108.38,6
TXN101038,Chitwan - Bharatpur,Chitwan,2025-08-28,4145.15,11
TXN101039,Kathmandu - Kupondole,Kathmandu,2025-01-24,20845.170000000002,15
TXN101040,Chitwan - Bharatpur,Chitwan,2025-10-15,2426.24,4
TXN101041,Chitwan - Bharatpur,Chitwan,2025-08-18,8886.439999999999,10
TXN101042,Bhaktapur - Suryabinayak,Bhaktapur,2025-12-11,2505.69,7
TXN101043,Kathmandu - Kupondole,Kathmandu,2025-11-18,12304.289999999999,13
TXN101044,Lalitpur - Pulchowk,Lalitpur,2025-04-23,18031.82,14
TXN101045,Bhaktapur - Suryabinayak,Bhaktapur,2025-10-07,17180.56,13
TXN101046,Biratnagar - Main Road,Biratnagar,2025-10-14,186.57,1
TXN101047,Kathmandu - New Road,Kathmandu,2025-10-17,2891.67,6
TXN101048,Bhaktapur - Suryabinayak,Bhaktapur,2025-12-15,6142.87,15
TXN101049,Biratnagar - Main Road,Biratnagar,2025-04-06,3269.66,9
TXN101050,Lalitpur - Pulchowk,Lalitpur,2025-03-12,2683.37,7
TXN101051,Kathmandu - New Road,Kathmandu,2025-11-12,1046.73,5
TXN101052,Kathmandu - Kupondole,Kathmandu,2025-06-03,4851.68,9
TXN101053,Butwal - Traffic Chowk,Butwal,2025-08-24,1834.63,5
TXN101054,Bhaktapur - Suryabinayak,Bhaktapur,2025-12-20,12147.53,14
TXN101055,Kathmandu - Kupondole,Kathmandu,2025-07-10,1928.94,5
TXN101056,Pokhara - Lakeside,Pokhara,2025-04-27,3110.1800000000003,6
TXN101057,Bhaktapur - Suryabinayak,Bhaktapur,2025-07-25,841.02,3
TXN101058,Pokhara - Lakeside,Pokhara,2025-11-30,7233.6,8
TXN101059,Kathmandu - Kupondole,Kathmandu,2025-05-12,1056.3400000000001,5
TXN101060,Butwal - Traffic Chowk,Butwal,2025-03-12,10687.31,14
TXN101061,Bhaktapur - Suryabinayak,Bhaktapur,2025-12-28,280.88,2
TXN101062,Kathmandu - Kupondole,Kathmandu,2025-10-25,7372.56,8
TXN101063,Butwal - Traffic Chowk,Butwal,2025-10-15,6635.92,4
TXN101064,Kathmandu - New Road,Kathmandu,2025-12-01,5470.44,2
TXN101065,Pokhara - Lakeside,Pokhara,2025-12-13,1321.77,3
TXN101066,Kathmandu - New Road,Kathmandu,2025-10-17,2469.28,4
TXN101067,Pokhara - Lakeside,Pokhara,2025-08-29,10757.23,9
TXN101068,Lalitpur - Pulchowk,Lalitpur,2025-03-14,854.01,1
TXN101069,Kathmandu - Kupondole,Kathmandu,2025-06-30,4483.099999999999,7
TXN101070,Lalitpur - Pulchowk,Lalitpur,2025-09-27,8029.5,12
TXN101071,Kathmandu - Kupondole,Kathmandu,2025-09-12,7110.73,7
TXN101072,Kathmandu - New Road,Kathmandu,2025-04-14,1782.9099999999999,4
TXN101073,Kathmandu - New Road,Kathmandu,2025-11-19,558.81,1
TXN101074,Chitwan - Bharatpur,Chitwan,2025-12-02,6841.54,14
TXN101075,Pokhara - Lakeside,Pokhara,2025-10-12,10230.789999999999,15
TXN101076,Chitwan - Bharatpur,Chitwan,2025-12-12,11116.16,6
TXN101077,Bhaktapur - Suryabinayak,Bhaktapur,2025-10-14,1047.42,3
TXN101078,Butwal - Traffic Chowk,Butwal,2025-09-16,406.2,3
TXN101079,Bhaktapur - Suryabinayak,Bhaktapur,2025-07-19,263.97,3
TXN101080,Butwal - Traffic Chowk,Butwal,2025-06-28,3595.5,11
TXN101081,Bhaktapur - Suryabinayak,Bhaktapur,2025-04-18,8839.3,5
TXN101082,Butwal - Traffic Chowk,Butwal,2025-07-28,6275.77,13
TXN101083,Kathmandu - Kupondole,Kathmandu,2025-03-11,3398.52,9
TXN101084,Kathmandu - Kupondole,Kathmandu,2025-08-22,6240.18,13
TXN101085,Lalitpur - Pulchowk,Lalitpur,2025-09-07,6184.6,9
TXN101086,Butwal - Traffic Chowk,Butwal,2025-01-20,19776.23,13
TXN101087,Lalitpur - Pulchowk,Lalitpur,2025-09-24,548.94,1
TXN101088,Butwal - Traffic Chowk,Butwal,2025-06-02,735.08,5
TXN101089,Bhaktapur - Suryabinayak,Bhaktapur,2025-08-07,10042.68,9
TXN101090,Bhaktapur - Suryabinayak,Bhaktapur,2025-10-05,1849.97,7
TXN101091,Kathmandu - Kupondole,Kathmandu,2025-04-16,6019.280000000001,8
TXN101092,Pokhara - Lakeside,Pokhara,2025-08-07,11073.9,6
TXN101093,Butwal - Traffic Chowk,Butwal,2025-02-17,5170.74,11
TXN101094,Kathmandu - New Road,Kathmandu,2025-08-22,17092.899999999998,13
TXN101095,Butwal - Traffic Chowk,Butwal,2025-01-09,15828.619999999999,9
TXN101096,Bhaktapur - Suryabinayak,Bhaktapur,2025-04-12,4685.87,4
TXN101097,Chitwan - Bharatpur,Chitwan,2025-03-07,5877.78,9
TXN101098,Kathmandu - New Road,Kathmandu,2025-01-30,890.66,2
TXN101099,Bhaktapur - Suryabinayak,Bhaktapur,2025-11-06,2824.46,6
TXN101100,Pokhara - Lakeside,Pokhara,2025-11-20,11346.18,9
TXN101101,Butwal - Traffic Chowk,Butwal,2025-05-19,5342.88,6
TXN101102,Kathmandu - New Road,Kathmandu,2025-12-09,4377.37,11
TXN101103,Butwal - Traffic Chowk,Butwal,2025-10-22,3448.99,9
TXN101104,Lalitpur - Pulchowk,Lalitpur,2025-08-31,3159.73,12
TXN101105,Pokhara - Lakeside,Pokhara,2025-10-29,1386.15,7
TXN101106,Lalitpur - Pulchowk,Lalitpur,2025-01-25,1611.46,2
TXN101107,Kathmandu - Kupondole,Kathmandu,2025-10-27,10508.44,5
TXN101108,Chitwan - Bharatpur,Chitwan,2025-12-05,5371.92,10
TXN101109,Biratnagar - Main Road,Biratnagar,2025-12-21,8720.83,13
TXN101110,Bhaktapur - Suryabinayak,Bhaktapur,2025-11-22,10345.43,7
TXN101111,Lalitpur - Pulchowk,Lalitpur,2025-10-07,460.86,6
TXN101112,Kathmandu - New Road,Kathmandu,2025-01-12,4832.89,5
TXN101113,Bhaktapur - Suryabinayak,Bhaktapur,2025-04-09,4506.0199999999995,6
TXN101114,Kathmandu - Kupondole,Kathmandu,2025-10-05,10180.33,6
TXN101115,Lalitpur - Pulchowk,Lalitpur,2025-07-25,2848.76,1
TXN101116,Biratnagar - Main Road,Biratnagar,2025-04-04,5122.9,9
TXN101117,Pokhara - Lakeside,Pokhara,2025-12-20,6381.97,8
TXN101118,Bhaktapur - Suryabinayak,Bhaktapur,2025-10-04,709.56,4
TXN101119,Kathmandu - Kupondole,Kathmandu,2025-01-18,734.24,1
TXN101120,Butwal - Traffic Chowk,Butwal,2025-12-03,14030.830000000002,9
TXN101121,Kathmandu - Kupondole,Kathmandu,2025-11-20,4548.950000000001,10
TXN101122,Bhaktapur - Suryabinayak,Bhaktapur,2025-04-09,3076.63,7
TXN101123,Kathmandu - New Road,Kathmandu,2025-10-27,3373.35,7
TXN101124,Kathmandu - New Road,Kathmandu,2025-07-02,5213.2,11
TXN101125,Kathmandu - Kupondole,Kathmandu,2025-10-16,16540.989999999998,13
TXN101126,Bhaktapur - Suryabinayak,Bhaktapur,2025-11-03,6869.41,12
TXN101127,Butwal - Traffic Chowk,Butwal,2025-10-20,4917.51,9
TXN101128,Lalitpur - Pulchowk,Lalitpur,2025-06-09,1539.46,5
TXN101129,Kathmandu - Kupondole,Kathmandu,2025-07-19,1276.99,2
TXN101130,Kathmandu - New Road,Kathmandu,2025-09-24,7131.66,10
TXN101131,Butwal - Traffic Chowk,Butwal,2025-04-26,925.8,3
TXN101132,Butwal - Traffic Chowk,Butwal,2025-05-15,1562.38,4
TXN101133,Bhaktapur - Suryabinayak,Bhaktapur,2025-10-22,10242.699999999999,7
TXN101134,Pokhara - Lakeside,Pokhara,2025-12-10,2272.32,1
TXN101135,Butwal - Traffic Chowk,Butwal,2025-04-23,1074.44,4
TXN101136,Butwal - Traffic Chowk,Butwal,2025-04-02,7375.48,11
TXN101137,Bhaktapur - Suryabinayak,Bhaktapur,2025-08-01,4285.13,6
TXN101138,Lalitpur - Pulchowk,Lalitpur,2025-04-12,949.46,4
TXN101139,Bhaktapur - Suryabinayak,Bhaktapur,2025-10-17,19924.72,14
TXN101140,Kathmandu - New Road,Kathmandu,2025-11-03,1629.04,3
TXN101141,Pokhara - Lakeside,Pokhara,2025-01-26,1464.5500000000002,4
TXN101142,Kathmandu - Kupondole,Kathmandu,2025-10-06,2401.79,10
TXN101143,Butwal - Traffic Chowk,Butwal,2025-09-14,449.13,3
TXN101144,Kathmandu - New Road,Kathmandu,2025-09-18,3148.96,4
TXN101145,Lalitpur - Pulchowk,Lalitpur,2025-04-04,5322.27,8
TXN101146,Kathmandu - Kupondole,Kathmandu,2025-10-07,1475.1999999999998,4
TXN101147,Pokhara - Lakeside,Pokhara,2025-09-08,8185.22,5
TXN101148,Bhaktapur - Suryabinayak,Bhaktapur,2025-12-02,9206.75,16
TXN101149,Butwal - Traffic Chowk,Butwal,2025-11-20,12471.66,6
TXN101150,Bhaktapur - Suryabinayak,Bhaktapur,2025-10-30,5750.35,5
TXN101151,Lalitpur - Pulchowk,Lalitpur,2025-02-15,520.42,2
TXN101152,Kathmandu - New Road,Kathmandu,2025-04-14,1793.5300000000002,5
TXN101153,Kathmandu - Kupondole,Kathmandu,2025-06-21,3569.57,5
TXN101154,Kathmandu - Kupondole,Kathmandu,2025-07-03,4495.08,4
TXN101155,Butwal - Traffic Chowk,Butwal,2025-11-15,8872.85,13
TXN101156,Bhaktapur - Suryabinayak,Bhaktapur,2025-12-29,884.7,3
TXN101157,Butwal - Traffic Chowk,Butwal,2025-04-27,1544.19,3
TXN101158,Pokhara - Lakeside,Pokhara,2025-03-13,4272.5599999999995,7
TXN101159,Kathmandu - New Road,Kathmandu,2025-04-09,2185.64,6
TXN101160,Kathmandu - Kupondole,Kathmandu,2025-05-29,534.8299999999999,5
TXN101161,Chitwan - Bharatpur,Chitwan,2025-04-29,11487.939999999999,14
TXN101162,Butwal - Traffic Chowk,Butwal,2025-02-18,2699.43,6
TXN101163,Pokhara - Lakeside,Pokhara,2025-04-07,2434.89,10
TXN101164,Kathmandu - Kupondole,Kathmandu,2025-09-11,10573.4,14
TXN101165,Butwal - Traffic Chowk,Butwal,2025-05-25,1419.0100000000002,4
TXN101166,Lalitpur - Pulchowk,Lalitpur,2025-06-12,3468.25,11
TXN101167,Lalitpur - Pulchowk,Lalitpur,2025-01-18,5579.9400000000005,6
TXN101168,Kathmandu - Kupondole,Kathmandu,2025-11-27,5308.18,11
TXN101169,Lalitpur - Pulchowk,Lalitpur,2025-02-04,5786.570000000001,12
TXN101170,Pokhara - Lakeside,Pokhara,2025-10-10,3936.05,8
TXN101171,Kathmandu - Kupondole,Kathmandu,2025-11-11,8744.460000000001,7
TXN101172,Kathmandu - New Road,Kathmandu,2025-01-28,1921.8899999999999,7
TXN101173,Bhaktapur - Suryabinayak,Bhaktapur,2025-10-01,5544.51,7
TXN101174,Lalitpur - Pulchowk,Lalitpur,2025-04-09,2884.2,11
TXN101175,Pokhara - Lakeside,Pokhara,2025-04-12,2430.27,7
TXN101176,Kathmandu - Kupondole,Kathmandu,2025-10-01,5621.18,10
TXN101177,Pokhara - Lakeside,Pokhara,2025-08-21,14610.869999999999,11
TXN101178,Lalitpur - Pulchowk,Lalitpur,2025-10-21,2994.14,6
TXN101179,Pokhara - Lakeside,Pokhara,2025-09-21,7305.41,10
TXN101180,Kathmandu - Kupondole,Kathmandu,2025-02-06,10688.4,6
TXN101181,Chitwan - Bharatpur,Chitwan,2025-09-01,12047.800000000001,10
TXN101182,Kathmandu - Kupondole,Kathmandu,2025-09-27,7547.86,12
TXN101183,Kathmandu - New Road,Kathmandu,2025-03-24,1012.65,1
TXN101184,Butwal - Traffic Chowk,Butwal,2025-06-14,2866.62,7
TXN101185,Kathmandu - Kupondole,Kathmandu,2025-09-10,6083.03,6
TXN101186,Pokhara - Lakeside,Pokhara,2025-09-30,6985.49,8
TXN101187,Biratnagar - Main Road,Biratnagar,2025-12-02,252.49,1
TXN101188,Chitwan - Bharatpur,Chitwan,2025-12-08,5154.83,8
TXN101189,Bhaktapur - Suryabinayak,Bhaktapur,2025-11-29,7728.61,6
TXN101190,Pokhara - Lakeside,Pokhara,2025-09-05,7471.0,13
TXN101191,Chitwan - Bharatpur,Chitwan,2025-09-09,2677.36,2
TXN101192,Lalitpur - Pulchowk,Lalitpur,2025-01-25,10873.380000000001,11
TXN101193,Butwal - Traffic Chowk,Butwal,2025-06-29,5035.09,7
TXN101194,Kathmandu - New Road,Kathmandu,2025-05-18,1875.47,13
TXN101195,Kathmandu - Kupondole,Kathmandu,2025-06-17,4932.51,11
TXN101196,Kathmandu - Kupondole,Kathmandu,2025-04-28,11461.95,12
TXN101197,Bhaktapur - Suryabinayak,Bhaktapur,2025-09-15,7387.209999999999,9
TXN101198,Bhaktapur - Suryabinayak,Bhaktapur,2025-09-12,2244.44,10
TXN101199,Pokhara - Lakeside,Pokhara,2025-01-05,14955.35,10
TXN101200,Kathmandu - New Road,Kathmandu,2025-06-30,961.97,5
TXN101201,Bhaktapur - Suryabinayak,Bhaktapur,2025-05-22,3861.7,9
TXN101202,Lalitpur - Pulchowk,Lalitpur,2025-12-26,11033.619999999999,12
TXN101203,Pokhara - Lakeside,Pokhara,2025-11-12,4128.65,10
TXN101204,Pokhara - Lakeside,Pokhara,2025-01-02,486.18,2
TXN101205,Butwal - Traffic Chowk,Butwal,2025-02-27,1496.3,8
TXN101206,Butwal - Traffic Chowk,Butwal,2025-10-09,1061.54,3
TXN101207,Biratnagar - Main Road,Biratnagar,2025-04-30,728.04,4
TXN101208,Kathmandu - Kupondole,Kathmandu,2025-07-24,12486.029999999999,8
TXN101209,Bhaktapur - Suryabinayak,Bhaktapur,2025-12-05,6791.85,10
TXN101210,Bhaktapur - Suryabinayak,Bhaktapur,2025-09-05,9583.560000000001,10
TXN101211,Lalitpur - Pulchowk,Lalitpur,2025-04-25,15189.4,11
TXN101212,Lalitpur - Pulchowk,Lalitpur,2025-11-05,3053.9700000000003,5
TXN101213,Kathmandu - Kupondole,Kathmandu,2025-04-02,6870.35,5
TXN101214,Kathmandu - New Road,Kathmandu,2025-08-15,11009.2,14
TXN101215,Biratnagar - Main Road,Biratnagar,2025-02-06,7927.59,6
TXN101216,Butwal - Traffic Chowk,Butwal,2025-11-03,338.32,1
TXN101217,Lalitpur - Pulchowk,Lalitpur,2025-08-16,10897.619999999999,6
TXN101218,Kathmandu - Kupondole,Kathmandu,2025-01-03,4586.24,13
TXN101219,Bhaktapur - Suryabinayak,Bhaktapur,2025-12-13,1570.0600000000002,5
TXN101220,Butwal - Traffic Chowk,Butwal,2025-02-24,7767.89,11
TXN101221,Kathmandu - New Road,Kathmandu,2025-08-13,5766.06,3
TXN101222,Kathmandu - Kupondole,Kathmandu,2025-11-30,2601.45,1
TXN101223,Bhaktapur - Suryabinayak,Bhaktapur,2025-02-14,3726.9,2
TXN101224,Butwal - Traffic Chowk,Butwal,2025-04-01,1729.29,6
TXN101225,Kathmandu - Kupondole,Kathmandu,2025-03-09,7397.11,10
TXN101226,Butwal - Traffic Chowk,Butwal,2025-10-25,10412.220000000001,6
TXN101227,Bhaktapur - Suryabinayak,Bhaktapur,2025-11-28,1923.81,3
TXN101228,Pokhara - Lakeside,Pokhara,2025-11-07,5548.5,8
TXN101229,Kathmandu - New Road,Kathmandu,2025-07-26,11586.66,6
TXN101230,Pokhara - Lakeside,Pokhara,2025-02-22,5384.64,2
TXN101231,Bhaktapur - Suryabinayak,Bhaktapur,2025-10-27,4659.99,5
TXN101232,Kathmandu - New Road,Kathmandu,2025-06-15,8784.79,9
TXN101233,Bhaktapur - Suryabinayak,Bhaktapur,2025-06-21,2897.31,9
TXN101234,Kathmandu - Kupondole,Kathmandu,2025-10-12,2175.03,1
TXN101235,Bhaktapur - Suryabinayak,Bhaktapur,2025-10-02,1046.6100000000001,6
TXN101236,Bhaktapur - Suryabinayak,Bhaktapur,2025-10-12,750.98,7
TXN101237,Butwal - Traffic Chowk,Butwal,2025-10-16,13622.82,7
TXN101238,Chitwan - Bharatpur,Chitwan,2025-09-24,12546.19,12
TXN101239,Pokhara - Lakeside,Pokhara,2025-05-25,393.4,4
TXN101240,Pokhara - Lakeside,Pokhara,2025-10-29,13871.68,6
TXN101241,Pokhara - Lakeside,Pokhara,2025-08-07,356.6,2
TXN101242,Kathmandu - New Road,Kathmandu,2025-09-21,2653.02,5
TXN101243,Chitwan - Bharatpur,Chitwan,2025-11-18,3075.93,3
TXN101244,Butwal - Traffic Chowk,Butwal,2025-11-29,1086.24,3
TXN101245,Kathmandu - New Road,Kathmandu,2025-11-08,12308.16,9
TXN101246,Kathmandu - Kupondole,Kathmandu,2025-07-24,14645.0,11
TXN101247,Bhaktapur - Suryabinayak,Bhaktapur,2025-12-17,4136.26,13
TXN101248,Pokhara - Lakeside,Pokhara,2025-11-19,2465.2400000000002,7
TXN101249,Kathmandu - New Road,Kathmandu,2025-04-21,7033.44,3
TXN101250,Kathmandu - New Road,Kathmandu,2025-12-29,569.44,4
TXN101251,Bhaktapur - Suryabinayak,Bhaktapur,2025-04-13,720.16,4
TXN101252,Butwal - Traffic Chowk,Butwal,2025-01-09,5533.67,10
TXN101253,Kathmandu - Kupondole,Kathmandu,2025-09-15,11620.470000000001,11
TXN101254,Kathmandu - Kupondole,Kathmandu,2025-11-26,14692.420000000002,9
TXN101255,Kathmandu - New Road,Kathmandu,2025-08-20,10839.39,11
TXN101256,Butwal - Traffic Chowk,Butwal,2025-11-13,5526.360000000001,12
TXN101257,Butwal - Traffic Chowk,Butwal,2025-07-13,2116.08,1
TXN101258,Butwal - Traffic Chowk,Butwal,2025-08-02,5225.44,12
TXN101259,Butwal - Traffic Chowk,Butwal,2025-08-11,11700.28,4
TXN101260,Bhaktapur - Suryabinayak,Bhaktapur,2025-06-05,2195.2400000000002,6
TXN101261,Kathmandu - New Road,Kathmandu,2025-11-25,1650.72,3
TXN101262,Kathmandu - Kupondole,Kathmandu,2025-07-27,8370.52,13
TXN101263,Lalitpur - Pulchowk,Lalitpur,2025-11-14,346.94,2
TXN101264,Kathmandu - Kupondole,Kathmandu,2025-05-25,5454.46,16
TXN101265,Butwal - Traffic Chowk,Butwal,2025-03-19,4662.62,6
TXN101266,Kathmandu - Kupondole,Kathmandu,2025-11-06,7678.22,10
TXN101267,Lalitpur - Pulchowk,Lalitpur,2025-01-01,904.9200000000001,3
TXN101268,Butwal - Traffic Chowk,Butwal,2025-10-05,1538.99,1
TXN101269,Lalitpur - Pulchowk,Lalitpur,2025-12-11,1318.33,7
TXN101270,Pokhara - Lakeside,Pokhara,2025-04-19,977.04,4
TXN101271,Butwal - Traffic Chowk,Butwal,2025-03-30,10801.61,7
TXN101272,Lalitpur - Pulchowk,Lalitpur,2025-10-13,401.64,3
TXN101273,Lalitpur - Pulchowk,Lalitpur,2025-07-01,9167.619999999999,15
TXN101274,Kathmandu - Kupondole,Kathmandu,2025-06-01,3077.44,7
TXN101275,Pokhara - Lakeside,Pokhara,2025-12-08,1232.28,3
TXN101276,Butwal - Traffic Chowk,Butwal,2025-04-20,6012.9,7
TXN101277,Kathmandu - Kupondole,Kathmandu,2025-01-30,10368.869999999999,16
TXN101278,Biratnagar - Main Road,Biratnagar,2025-01-18,823.46,3
TXN101279,Butwal - Traffic Chowk,Butwal,2025-01-23,2160.12,4
TXN101280,Butwal - Traffic Chowk,Butwal,2025-02-21,12345.12,8
TXN101281,Bhaktapur - Suryabinayak,Bhaktapur,2025-01-17,5607.41,9
TXN101282,Chitwan - Bharatpur,Chitwan,2025-08-04,11699.96,9
TXN101283,Kathmandu - Kupondole,Kathmandu,2025-11-21,9065.11,13
TXN101284,Kathmandu - Kupondole,Kathmandu,2025-12-02,9836.89,13
TXN101285,Kathmandu - Kupondole,Kathmandu,2025-09-11,2264.7200000000003,5
TXN101286,Kathmandu - New Road,Kathmandu,2025-05-07,1274.8000000000002,5
TXN101287,Butwal - Traffic Chowk,Butwal,2025-05-25,937.26,5
TXN101288,Kathmandu - Kupondole,Kathmandu,2025-09-10,3421.7799999999997,10
TXN101289,Kathmandu - Kupondole,Kathmandu,2025-02-19,490.72,4
TXN101290,Bhaktapur - Suryabinayak,Bhaktapur,2025-11-19,7947.18,12
TXN101291,Kathmandu - Kupondole,Kathmandu,2025-02-05,1206.94,5
TXN101292,Bhaktapur - Suryabinayak,Bhaktapur,2025-09-02,2716.32,2
TXN101293,Kathmandu - Kupondole,Kathmandu,2025-10-05,6467.2300000000005,14
TXN101294,Bhaktapur - Suryabinayak,Bhaktapur,2025-07-21,8062.13,12
TXN101295,Kathmandu - Kupondole,Kathmandu,2025-04-20,5074.799999999999,8
TXN101296,Butwal - Traffic Chowk,Butwal,2025-10-27,1993.18,5
TXN101297,Biratnagar - Main Road,Biratnagar,2025-07-07,10859.220000000001,6
TXN101298,Bhaktapur - Suryabinayak,Bhaktapur,2025-04-23,551.05,1
TXN101299,Kathmandu - New Road,Kathmandu,2025-12-10,9581.23,9
TXN101300,Butwal - Traffic Chowk,Butwal,2025-05-21,539.7,6
TXN101301,Kathmandu - New Road,Kathmandu,2025-04-21,4066.79,9
TXN101302,Butwal - Traffic Chowk,Butwal,2025-09-17,1237.8,5
TXN101303,Lalitpur - Pulchowk,Lalitpur,2025-12-09,8141.82,3
TXN101304,Kathmandu - Kupondole,Kathmandu,2025-04-08,1531.12,4
TXN101305,Lalitpur - Pulchowk,Lalitpur,2025-10-24,6858.02,7
TXN101306,Lalitpur - Pulchowk,Lalitpur,2025-04-24,2630.2799999999997,4
TXN101307,Biratnagar - Main Road,Biratnagar,2025-03-30,6406.98,9
TXN101308,Pokhara - Lakeside,Pokhara,2025-05-18,7824.259999999999,12
TXN101309,Bhaktapur - Suryabinayak,Bhaktapur,2025-06-23,2895.51,3
TXN101310,Kathmandu - Kupondole,Kathmandu,2025-07-27,2655.69,9
TXN101311,Kathmandu - New Road,Kathmandu,2025-01-26,5148.5599999999995,6
TXN101312,Butwal - Traffic Chowk,Butwal,2025-05-14,3756.37,7
TXN101313,Pokhara - Lakeside,Pokhara,2025-03-16,1194.72,4
TXN101314,Bhaktapur - Suryabinayak,Bhaktapur,2025-11-23,10143.1,9
TXN101315,Bhaktapur - Suryabinayak,Bhaktapur,2025-03-12,7142.75,15
TXN101316,Butwal - Traffic Chowk,Butwal,2025-06-04,11012.97,7
TXN101317,Lalitpur - Pulchowk,Lalitpur,2025-10-20,2193.8900000000003,6
TXN101318,Kathmandu - Kupondole,Kathmandu,2025-09-23,7587.820000000001,7
TXN101319,Bhaktapur - Suryabinayak,Bhaktapur,2025-03-20,5526.92,10
TXN101320,Kathmandu - Kupondole,Kathmandu,2025-02-22,2841.62,2
TXN101321,Chitwan - Bharatpur,Chitwan,2025-06-10,4142.04,3
TXN101322,Bhaktapur - Suryabinayak,Bhaktapur,2025-07-22,1177.53,3
TXN101323,Lalitpur - Pulchowk,Lalitpur,2025-10-10,11878.16,14
TXN101324,Bhaktapur - Suryabinayak,Bhaktapur,2025-04-12,4381.77,6
TXN101325,Kathmandu - New Road,Kathmandu,2025-09-07,812.6400000000001,4
TXN101326,Kathmandu - Kupondole,Kathmandu,2025-11-28,2230.92,4
TXN101327,Chitwan - Bharatpur,Chitwan,2025-06-08,8054.18,11
TXN101328,Bhaktapur - Suryabinayak,Bhaktapur,2025-03-23,2544.57,5
TXN101329,Lalitpur - Pulchowk,Lalitpur,2025-02-02,3026.94,9
TXN101330,Chitwan - Bharatpur,Chitwan,2025-05-23,3178.05,3
TXN101331,Chitwan - Bharatpur,Chitwan,2025-11-23,2061.0699999999997,7
TXN101332,Biratnagar - Main Road,Biratnagar,2025-09-13,14277.46,13
TXN101333,Kathmandu - New Road,Kathmandu,2025-12-07,4042.8900000000003,11
TXN101334,Chitwan - Bharatpur,Chitwan,2025-10-24,1476.36,2
TXN101335,Kathmandu - Kupondole,Kathmandu,2025-11-01,312.84,1
TXN101336,Butwal - Traffic Chowk,Butwal,2025-05-23,8583.75,9
TXN101337,Bhaktapur - Suryabinayak,Bhaktapur,2025-12-26,210.38,1
TXN101338,Butwal - Traffic Chowk,Butwal,2025-12-03,3130.1800000000003,7
TXN101339,Kathmandu - New Road,Kathmandu,2025-01-20,13251.68,11
TXN101340,Pokhara - Lakeside,Pokhara,2025-10-28,15736.43,9
TXN101341,Bhaktapur - Suryabinayak,Bhaktapur,2025-10-23,8232.0,10
TXN101342,Pokhara - Lakeside,Pokhara,2025-09-01,1866.56,8
TXN101343,Kathmandu - Kupondole,Kathmandu,2025-11-01,4328.59,9
TXN101344,Kathmandu - Kupondole,Kathmandu,2025-11-11,13504.599999999999,17
TXN101345,Chitwan - Bharatpur,Chitwan,2025-10-17,4356.7,9
TXN101346,Kathmandu - New Road,Kathmandu,2025-11-06,3819.42,6
TXN101347,Pokhara - Lakeside,Pokhara,2025-06-27,12711.91,14
TXN101348,Kathmandu - Kupondole,Kathmandu,2025-09-18,8029.799999999999,10
TXN101349,Lalitpur - Pulchowk,Lalitpur,2025-09-18,6473.88,10
TXN101350,Bhaktapur - Suryabinayak,Bhaktapur,2025-11-23,3141.4700000000003,7
TXN101351,Bhaktapur - Suryabinayak,Bhaktapur,2025-09-17,8891.65,11
TXN101352,Kathmandu - Kupondole,Kathmandu,2025-06-12,5548.42,4
TXN101353,Kathmandu - Kupondole,Kathmandu,2025-12-13,7638.77,9
TXN101354,Butwal - Traffic Chowk,Butwal,2025-06-09,834.32,4
TXN101355,Pokhara - Lakeside,Pokhara,2025-02-08,8856.94,12
TXN101356,Pokhara - Lakeside,Pokhara,2025-11-29,604.73,4
TXN101357,Kathmandu - New Road,Kathmandu,2025-01-27,6710.04,8
TXN101358,Bhaktapur - Suryabinayak,Bhaktapur,2025-10-19,2777.96,5
TXN101359,Biratnagar - Main Road,Biratnagar,2025-05-23,3611.1,2
TXN101360,Butwal - Traffic Chowk,Butwal,2025-02-10,15453.75,14
TXN101361,Kathmandu - Kupondole,Kathmandu,2025-01-29,2767.54,10
TXN101362,Butwal - Traffic Chowk,Butwal,2025-09-13,6647.41,17
TXN101363,Kathmandu - New Road,Kathmandu,2025-11-23,16477.4,12
TXN101364,Kathmandu - New Road,Kathmandu,2025-09-29,3639.68,10
TXN101365,Chitwan - Bharatpur,Chitwan,2025-09-14,6226.24,11
TXN101366,Kathmandu - New Road,Kathmandu,2025-10-22,11767.23,9
TXN101367,Butwal - Traffic Chowk,Butwal,2025-01-14,2637.1,8
TXN101368,Lalitpur - Pulchowk,Lalitpur,2025-12-08,15622.95,9
TXN101369,Lalitpur - Pulchowk,Lalitpur,2025-09-13,8580.869999999999,9
TXN101370,Bhaktapur - Suryabinayak,Bhaktapur,2025-11-09,10362.73,18
TXN101371,Lalitpur - Pulchowk,Lalitpur,2025-06-07,1617.81,6
TXN101372,Bhaktapur - Suryabinayak,Bhaktapur,2025-02-28,8987.9,9
TXN101373,Lalitpur - Pulchowk,Lalitpur,2025-06-19,7971.17,8
TXN101374,Pokhara - Lakeside,Pokhara,2025-01-26,8929.880000000001,10
TXN101375,Lalitpur - Pulchowk,Lalitpur,2025-04-03,11194.95,11
TXN101376,Butwal - Traffic Chowk,Butwal,2025-08-18,359.87,1
TXN101377,Bhaktapur - Suryabinayak,Bhaktapur,2025-09-07,10112.12,5
TXN101378,Butwal - Traffic Chowk,Butwal,2025-11-22,749.9,2
TXN101379,Kathmandu - Kupondole,Kathmandu,2025-04-24,814.5600000000001,4
TXN101380,Kathmandu - New Road,Kathmandu,2025-04-15,18793.67,12
TXN101381,Pokhara - Lakeside,Pokhara,2025-04-07,11912.92,8
TXN101382,Lalitpur - Pulchowk,Lalitpur,2025-05-26,4155.96,6
TXN101383,Butwal - Traffic Chowk,Butwal,2025-07-22,4673.08,14
TXN101384,Bhaktapur - Suryabinayak,Bhaktapur,2025-09-05,2193.01,5
TXN101385,Chitwan - Bharatpur,Chitwan,2025-11-20,2818.98,7
TXN101386,Biratnagar - Main Road,Biratnagar,2025-06-25,3529.95,3
TXN101387,Kathmandu - Kupondole,Kathmandu,2025-07-27,518.05,1
TXN101388,Kathmandu - New Road,Kathmandu,2025-03-20,13698.619999999999,10
TXN101389,Chitwan - Bharatpur,Chitwan,2025-08-01,1637.1100000000001,4
TXN101390,Butwal - Traffic Chowk,Butwal,2025-04-23,2314.29,7
TXN101391,Butwal - Traffic Chowk,Butwal,2025-09-17,2510.1000000000004,6
TXN101392,Biratnagar - Main Road,Biratnagar,2025-02-27,219.08,2
TXN101393,Pokhara - Lakeside,Pokhara,2025-10-10,1292.82,7
TXN101394,Kathmandu - New Road,Kathmandu,2025-09-11,9724.279999999999,9
TXN101395,Lalitpur - Pulchowk,Lalitpur,2025-10-09,18193.01,16
TXN101396,Butwal - Traffic Chowk,Butwal,2025-07-22,1581.44,4
TXN101397,Kathmandu - Kupondole,Kathmandu,2025-01-02,1041.6799999999998,3
TXN101398,Kathmandu - Kupondole,Kathmandu,2025-10-01,10492.39,8
TXN101399,Bhaktapur - Suryabinayak,Bhaktapur,2025-11-17,17258.399999999998,13
TXN101400,Butwal - Traffic Chowk,Butwal,2025-11-14,12344.630000000001,16
TXN101401,Bhaktapur - Suryabinayak,Bhaktapur,2025-11-25,6053.67,13
TXN101402,Kathmandu - Kupondole,Kathmandu,2025-09-20,3907.22,10
TXN101403,Kathmandu - New Road,Kathmandu,2025-12-31,6002.9400000000005,10
TXN101404,Kathmandu - New Road,Kathmandu,2025-04-08,2162.4,6
TXN101405,Kathmandu - New Road,Kathmandu,2025-11-26,2156.0699999999997,9
TXN101406,Kathmandu - Kupondole,Kathmandu,2025-09-15,3321.4799999999996,5
TXN101407,Butwal - Traffic Chowk,Butwal,2025-04-10,1754.18,3
TXN101408,Chitwan - Bharatpur,Chitwan,2025-10-13,8099.57,7
TXN101409,Bhaktapur - Suryabinayak,Bhaktapur,2025-04-17,488.6,1
TXN101410,Butwal - Traffic Chowk,Butwal,2025-09-27,1728.56,7
TXN101411,Lalitpur - Pulchowk,Lalitpur,2025-12-17,1373.22,2
TXN101412,Kathmandu - New Road,Kathmandu,2025-03-08,7317.25,11
TXN101413,Butwal - Traffic Chowk,Butwal,2025-11-01,2802.98,7
TXN101414,Kathmandu - Kupondole,Kathmandu,2025-05-02,7439.049999999999,8
TXN101415,Kathmandu - New Road,Kathmandu,2025-04-28,15226.19,9
TXN101416,Kathmandu - Kupondole,Kathmandu,2025-12-20,11911.96,11
TXN101417,Kathmandu - New Road,Kathmandu,2025-07-09,11279.789999999999,15
TXN101418,Bhaktapur - Suryabinayak,Bhaktapur,2025-11-01,4542.84,11
TXN101419,Bhaktapur - Suryabinayak,Bhaktapur,2025-03-25,11684.130000000001,5
TXN101420,Chitwan - Bharatpur,Chitwan,2025-01-12,18008.04,14
TXN101421,Butwal - Traffic Chowk,Butwal,2025-04-09,5962.85,8
TXN101422,Kathmandu - New Road,Kathmandu,2025-08-13,7779.030000000001,17
TXN101423,Butwal - Traffic Chowk,Butwal,2025-10-14,916.74,3
TXN101424,Kathmandu - Kupondole,Kathmandu,2025-03-02,9242.880000000001,4
TXN101425,Lalitpur - Pulchowk,Lalitpur,2025-03-18,929.7,2
TXN101426,Bhaktapur - Suryabinayak,Bhaktapur,2025-06-15,14523.619999999999,13
TXN101427,Bhaktapur - Suryabinayak,Bhaktapur,2025-11-15,16897.8,6
TXN101428,Kathmandu - Kupondole,Kathmandu,2025-12-13,3394.6,4
TXN101429,Kathmandu - Kupondole,Kathmandu,2025-06-18,1179.92,5
TXN101430,Bhaktapur - Suryabinayak,Bhaktapur,2025-11-20,1725.7,4
TXN101431,Kathmandu - Kupondole,Kathmandu,2025-10-10,4011.08,8
TXN101432,Butwal - Traffic Chowk,Butwal,2025-11-06,13431.2,14
TXN101433,Kathmandu - New Road,Kathmandu,2025-10-25,1652.72,3
TXN101434,Lalitpur - Pulchowk,Lalitpur,2025-01-30,499.71,3
TXN101435,Bhaktapur - Suryabinayak,Bhaktapur,2025-10-06,14247.25,11
TXN101436,Lalitpur - Pulchowk,Lalitpur,2025-08-03,4418.63,12
TXN101437,Kathmandu - New Road,Kathmandu,2025-05-31,8827.9,13
TXN101438,Pokhara - Lakeside,Pokhara,2025-09-12,1544.1999999999998,8
TXN101439,Kathmandu - Kupondole,Kathmandu,2025-11-28,13383.93,12
TXN101440,Bhaktapur - Suryabinayak,Bhaktapur,2025-12-30,4244.96,4
TXN101441,Butwal - Traffic Chowk,Butwal,2025-01-10,10441.52,12
TXN101442,Chitwan - Bharatpur,Chitwan,2025-12-07,12822.38,13
TXN101443,Kathmandu - Kupondole,Kathmandu,2025-07-23,2927.7799999999997,6
TXN101444,Butwal - Traffic Chowk,Butwal,2025-10-25,1469.12,6
TXN101445,Butwal - Traffic Chowk,Butwal,2025-11-04,8784.810000000001,12
TXN101446,Chitwan - Bharatpur,Chitwan,2025-11-11,11756.76,12
TXN101447,Kathmandu - New Road,Kathmandu,2025-10-13,11537.72,11
TXN101448,Pokhara - Lakeside,Pokhara,2025-10-19,3377.1000000000004,9
TXN101449,Kathmandu - New Road,Kathmandu,2025-09-10,7062.710000000001,11
TXN101450,Lalitpur - Pulchowk,Lalitpur,2025-04-29,6285.75,9
TXN101451,Biratnagar - Main Road,Biratnagar,2025-03-04,801.3100000000001,2
TXN101452,Butwal - Traffic Chowk,Butwal,2025-09-30,5652.32,6
TXN101453,Pokhara - Lakeside,Pokhara,2025-09-30,13113.539999999999,11
TXN101454,Bhaktapur - Suryabinayak,Bhaktapur,2025-05-09,987.2900000000001,7
TXN101455,Butwal - Traffic Chowk,Butwal,2025-11-23,2782.18,5
TXN101456,Butwal - Traffic Chowk,Butwal,2025-11-20,4986.33,14
TXN101457,Lalitpur - Pulchowk,Lalitpur,2025-12-11,410.76,2
TXN101458,Pokhara - Lakeside,Pokhara,2025-05-19,1576.6699999999998,5
TXN101459,Lalitpur - Pulchowk,Lalitpur,2025-05-07,1476.07,7
TXN101460,Biratnagar - Main Road,Biratnagar,2025-05-04,2712.54,1
TXN101461,Bhaktapur - Suryabinayak,Bhaktapur,2025-04-17,4065.92,4
TXN101462,Kathmandu - Kupondole,Kathmandu,2025-09-20,7344.16,7
TXN101463,Lalitpur - Pulchowk,Lalitpur,2025-11-20,1087.26,3
TXN101464,Biratnagar - Main Road,Biratnagar,2025-11-07,1584.49,4
TXN101465,Butwal - Traffic Chowk,Butwal,2025-09-26,7835.2,11
TXN101466,Kathmandu - Kupondole,Kathmandu,2025-08-06,6643.530000000001,11
TXN101467,Kathmandu - Kupondole,Kathmandu,2025-08-24,3882.79,3
TXN101468,Kathmandu - Kupondole,Kathmandu,2025-09-27,4568.94,6
TXN101469,Bhaktapur - Suryabinayak,Bhaktapur,2025-10-15,4188.780000000001,9
TXN101470,Kathmandu - Kupondole,Kathmandu,2025-02-15,2325.25,6
TXN101471,Kathmandu - Kupondole,Kathmandu,2025-12-30,3101.7,9
TXN101472,Lalitpur - Pulchowk,Lalitpur,2025-06-07,1511.16,4
TXN101473,Butwal - Traffic Chowk,Butwal,2025-10-05,5158.96,9
TXN101474,Lalitpur - Pulchowk,Lalitpur,2025-06-08,16491.91,13
TXN101475,Butwal - Traffic Chowk,Butwal,2025-01-23,3257.06,9
TXN101476,Biratnagar - Main Road,Biratnagar,2025-08-28,7967.66,11
TXN101477,Chitwan - Bharatpur,Chitwan,2025-06-26,12365.01,11
TXN101478,Pokhara - Lakeside,Pokhara,2025-06-30,12730.599999999999,8
TXN101479,Kathmandu - New Road,Kathmandu,2025-06-09,12114.75,9
TXN101480,Pokhara - Lakeside,Pokhara,2025-10-31,2143.5,3
TXN101481,Bhaktapur - Suryabinayak,Bhaktapur,2025-12-08,3061.2,7
TXN101482,Biratnagar - Main Road,Biratnagar,2025-01-01,8015.94,14
TXN101483,Chitwan - Bharatpur,Chitwan,2025-11-20,2935.86,3
TXN101484,Butwal - Traffic Chowk,Butwal,2025-09-27,12420.16,8
TXN101485,Lalitpur - Pulchowk,Lalitpur,2025-06-05,1289.56,5
TXN101486,Kathmandu - New Road,Kathmandu,2025-11-16,2639.06,6
TXN101487,Lalitpur - Pulchowk,Lalitpur,2025-09-04,6828.41,9
TXN101488,Bhaktapur - Suryabinayak,Bhaktapur,2025-07-24,8289.59,9
TXN101489,Kathmandu - Kupondole,Kathmandu,2025-03-30,5457.66,16
TXN101490,Kathmandu - New Road,Kathmandu,2025-05-29,9412.5,11
TXN101491,Butwal - Traffic Chowk,Butwal,2025-05-03,2241.09,5
TXN101492,Butwal - Traffic Chowk,Butwal,2025-08-23,9789.15,11
TXN101493,Biratnagar - Main Road,Biratnagar,2025-10-24,6583.05,6
TXN101494,Butwal - Traffic Chowk,Butwal,2025-11-14,4305.99,10
TXN101495,Lalitpur - Pulchowk,Lalitpur,2025-06-11,5341.969999999999,12
TXN101496,Lalitpur - Pulchowk,Lalitpur,2025-04-11,12732.73,6
TXN101497,Biratnagar - Main Road,Biratnagar,2025-09-26,5967.63,10
TXN101498,Kathmandu - Kupondole,Kathmandu,2025-05-22,7864.47,3
TXN101499,Butwal - Traffic Chowk,Butwal,2025-11-05,1133.75,1
TXN101500,Kathmandu - New Road,Kathmandu,2025-06-09,7645.799999999999,10
TXN101501,Kathmandu - Kupondole,Kathmandu,2025-11-08,9443.3,4
TXN101502,Butwal - Traffic Chowk,Butwal,2025-09-04,2908.53,3
TXN101503,Lalitpur - Pulchowk,Lalitpur,2025-12-02,8098.380000000001,10
TXN101504,Butwal - Traffic Chowk,Butwal,2025-10-15,449.4,1
TXN101505,Pokhara - Lakeside,Pokhara,2025-12-05,326.87,1
TXN101506,Bhaktapur - Suryabinayak,Bhaktapur,2025-11-11,1025.67,3
TXN101507,Kathmandu - Kupondole,Kathmandu,2025-04-27,11129.46,14
TXN101508,Bhaktapur - Suryabinayak,Bhaktapur,2025-04-11,1395.2,4
TXN101509,Butwal - Traffic Chowk,Butwal,2025-08-20,1458.72,4
TXN101510,Lalitpur - Pulchowk,Lalitpur,2025-04-03,4554.74,6
TXN101511,Bhaktapur - Suryabinayak,Bhaktapur,2025-09-17,7813.87,16
TXN101512,Bhaktapur - Suryabinayak,Bhaktapur,2025-12-07,8418.52,13
TXN101513,Pokhara - Lakeside,Pokhara,2025-01-13,9534.369999999999,7
TXN101514,Bhaktapur - Suryabinayak,Bhaktapur,2025-09-29,1473.9099999999999,5
TXN101515,Kathmandu - New Road,Kathmandu,2025-09-29,6797.9800000000005,12
TXN101516,Pokhara - Lakeside,Pokhara,2025-10-22,690.46,5
TXN101517,Biratnagar - Main Road,Biratnagar,2025-08-25,8080.92,8
TXN101518,Kathmandu - Kupondole,Kathmandu,2025-07-12,5603.97,7
TXN101519,Biratnagar - Main Road,Biratnagar,2025-12-09,2270.03,4
TXN101520,Pokhara - Lakeside,Pokhara,2025-03-26,7960.62,11
TXN101521,Bhaktapur - Suryabinayak,Bhaktapur,2025-03-13,3014.5,9
TXN101522,Kathmandu - New Road,Kathmandu,2025-04-27,2386.96,4
TXN101523,Kathmandu - Kupondole,Kathmandu,2025-05-07,11014.13,16
TXN101524,Kathmandu - Kupondole,Kathmandu,2025-11-07,10067.72,10
TXN101525,Kathmandu - Kupondole,Kathmandu,2025-07-06,3262.94,13
TXN101526,Lalitpur - Pulchowk,Lalitpur,2025-06-24,5293.84,8
TXN101527,Lalitpur - Pulchowk,Lalitpur,2025-03-25,732.57,3
TXN101528,Pokhara - Lakeside,Pokhara,2025-06-09,1089.4,4
TXN101529,Lalitpur - Pulchowk,Lalitpur,2025-11-12,3429.38,8
TXN101530,Kathmandu - New Road,Kathmandu,2025-07-24,4481.92,4
TXN101531,Lalitpur - Pulchowk,Lalitpur,2025-09-07,4317.25,7
TXN101532,Pokhara - Lakeside,Pokhara,2025-05-29,12710.89,10
TXN101533,Kathmandu - New Road,Kathmandu,2025-10-19,6148.04,10
TXN101534,Lalitpur - Pulchowk,Lalitpur,2025-09-04,3588.05,11
TXN101535,Lalitpur - Pulchowk,Lalitpur,2025-09-28,5614.46,9
TXN101536,Bhaktapur - Suryabinayak,Bhaktapur,2025-07-23,4067.0,3
TXN101537,Lalitpur - Pulchowk,Lalitpur,2025-11-26,8053.96,11
TXN101538,Kathmandu - New Road,Kathmandu,2025-11-11,7699.96,10
TXN101539,Pokhara - Lakeside,Pokhara,2025-11-26,4046.0599999999995,7
TXN101540,Bhaktapur - Suryabinayak,Bhaktapur,2025-11-07,11644.390000000001,13
TXN101541,Biratnagar - Main Road,Biratnagar,2025-09-04,4791.44,10
TXN101542,Pokhara - Lakeside,Pokhara,2025-04-12,6547.55,12
TXN101543,Butwal - Traffic Chowk,Butwal,2025-05-20,1166.38,9
TXN101544,Kathmandu - New Road,Kathmandu,2025-09-19,6518.48,10
TXN101545,Chitwan - Bharatpur,Chitwan,2025-11-05,2788.09,7
TXN101546,Kathmandu - Kupondole,Kathmandu,2025-05-02,13455.66,15
TXN101547,Bhaktapur - Suryabinayak,Bhaktapur,2025-12-15,605.83,1
TXN101548,Kathmandu - New Road,Kathmandu,2025-04-30,2253.08,10
TXN101549,Pokhara - Lakeside,Pokhara,2025-09-30,1089.9,2
TXN101550,Kathmandu - New Road,Kathmandu,2025-12-15,10690.210000000001,5
TXN101551,Kathmandu - Kupondole,Kathmandu,2025-07-21,3494.92,4
TXN101552,Pokhara - Lakeside,Pokhara,2025-09-14,2642.84,10
TXN101553,Lalitpur - Pulchowk,Lalitpur,2025-04-20,1022.28,5
TXN101554,Lalitpur - Pulchowk,Lalitpur,2025-01-31,8209.32,8
TXN101555,Bhaktapur - Suryabinayak,Bhaktapur,2025-10-31,5129.05,12
TXN101556,Butwal - Traffic Chowk,Butwal,2025-01-22,6803.32,3
TXN101557,Butwal - Traffic Chowk,Butwal,2025-04-03,801.3000000000001,4
TXN101558,Bhaktapur - Suryabinayak,Bhaktapur,2025-03-09,4493.74,9
TXN101559,Kathmandu - Kupondole,Kathmandu,2025-07-28,6921.8,8
TXN101560,Lalitpur - Pulchowk,Lalitpur,2025-09-03,19167.33,12
TXN101561,Kathmandu - New Road,Kathmandu,2025-07-04,3772.3199999999997,9
TXN101562,Kathmandu - New Road,Kathmandu,2025-08-25,11911.18,13
TXN101563,Kathmandu - Kupondole,Kathmandu,2025-06-10,5343.5,6
TXN101564,Kathmandu - New Road,Kathmandu,2025-09-28,4893.92,5
TXN101565,Kathmandu - Kupondole,Kathmandu,2025-11-17,4638.72,12
TXN101566,Kathmandu - Kupondole,Kathmandu,2025-11-03,963.8399999999999,2
TXN101567,Bhaktapur - Suryabinayak,Bhaktapur,2025-06-26,1969.96,5
TXN101568,Butwal - Traffic Chowk,Butwal,2025-12-09,14188.31,11
TXN101569,Kathmandu - Kupondole,Kathmandu,2025-09-28,4883.469999999999,3
TXN101570,Lalitpur - Pulchowk,Lalitpur,2025-10-05,81.59,1
TXN101571,Lalitpur - Pulchowk,Lalitpur,2025-05-19,16865.77,10
TXN101572,Lalitpur - Pulchowk,Lalitpur,2025-08-03,548.7,2
TXN101573,Pokhara - Lakeside,Pokhara,2025-04-09,1314.8999999999999,5
TXN101574,Chitwan - Bharatpur,Chitwan,2025-05-17,13248.5,11
TXN101575,Bhaktapur - Suryabinayak,Bhaktapur,2025-03-04,400.5,3
TXN101576,Pokhara - Lakeside,Pokhara,2025-09-28,327.04,4
TXN101577,Kathmandu - New Road,Kathmandu,2025-05-28,955.68,1
TXN101578,Butwal - Traffic Chowk,Butwal,2025-05-13,4577.48,6
TXN101579,Butwal - Traffic Chowk,Butwal,2025-05-20,1476.8,4
TXN101580,Pokhara - Lakeside,Pokhara,2025-10-02,2396.52,2
TXN101581,Lalitpur - Pulchowk,Lalitpur,2025-05-31,2680.57,15
TXN101582,Bhaktapur - Suryabinayak,Bhaktapur,2025-01-16,558.12,2
TXN101583,Butwal - Traffic Chowk,Butwal,2025-10-17,2694.37,8
TXN101584,Lalitpur - Pulchowk,Lalitpur,2025-10-11,4973.1900000000005,8
TXN101585,Lalitpur - Pulchowk,Lalitpur,2025-11-03,10485.34,12
TXN101586,Butwal - Traffic Chowk,Butwal,2025-01-19,9700.439999999999,11
TXN101587,Pokhara - Lakeside,Pokhara,2025-10-09,13751.970000000001,8
TXN101588,Kathmandu - Kupondole,Kathmandu,2025-11-15,9638.82,11
TXN101589,Kathmandu - Kupondole,Kathmandu,2025-12-12,5016.03,17
TXN101590,Pokhara - Lakeside,Pokhara,2025-05-19,10496.619999999999,10
TXN101591,Kathmandu - New Road,Kathmandu,2025-10-26,1862.42,5
TXN101592,Kathmandu - New Road,Kathmandu,2025-06-21,4011.13,9
TXN101593,Bhaktapur - Suryabinayak,Bhaktapur,2025-05-05,2127.56,4
TXN101594,Pokhara - Lakeside,Pokhara,2025-03-27,9853.33,12
TXN101595,Kathmandu - New Road,Kathmandu,2025-09-13,742.92,4
TXN101596,Kathmandu - New Road,Kathmandu,2025-11-21,6350.280000000001,12
TXN101597,Bhaktapur - Suryabinayak,Bhaktapur,2025-11-29,4247.71,12
TXN101598,Kathmandu - New Road,Kathmandu,2025-12-17,5460.63,9
TXN101599,Butwal - Traffic Chowk,Butwal,2025-08-13,2052.6,6
TXN101600,Kathmandu - Kupondole,Kathmandu,2025-03-15,7390.929999999999,8
TXN101601,Biratnagar - Main Road,Biratnagar,2025-09-22,2474.7,4
TXN101602,Kathmandu - Kupondole,Kathmandu,2025-09-25,272.76,3
TXN101603,Kathmandu - Kupondole,Kathmandu,2025-02-02,5725.700000000001,9
TXN101604,Bhaktapur - Suryabinayak,Bhaktapur,2025-04-09,7063.139999999999,7
TXN101605,Lalitpur - Pulchowk,Lalitpur,2025-09-09,412.48,5
TXN101606,Kathmandu - New Road,Kathmandu,2025-06-23,10441.96,15
TXN101607,Bhaktapur - Suryabinayak,Bhaktapur,2025-11-22,6359.9,12
TXN101608,Pokhara - Lakeside,Pokhara,2025-09-06,3663.56,4
TXN101609,Kathmandu - Kupondole,Kathmandu,2025-04-04,1296.8,8
TXN101610,Bhaktapur - Suryabinayak,Bhaktapur,2025-10-12,4651.51,5
TXN101611,Lalitpur - Pulchowk,Lalitpur,2025-09-24,4236.43,12
TXN101612,Kathmandu - New Road,Kathmandu,2025-04-25,3655.92,3
TXN101613,Butwal - Traffic Chowk,Butwal,2025-07-16,639.9200000000001,2
TXN101614,Pokhara - Lakeside,Pokhara,2025-01-11,1936.54,9
TXN101615,Biratnagar - Main Road,Biratnagar,2025-06-20,5319.94,2
TXN101616,Bhaktapur - Suryabinayak,Bhaktapur,2025-03-28,2909.4900000000002,15
TXN101617,Bhaktapur - Suryabinayak,Bhaktapur,2025-03-21,612.02,2
TXN101618,Bhaktapur - Suryabinayak,Bhaktapur,2025-05-06,1293.15,3
TXN101619,Bhaktapur - Suryabinayak,Bhaktapur,2025-10-02,1936.0,5
TXN101620,Pokhara - Lakeside,Pokhara,2025-10-29,3327.44,8
TXN101621,Pokhara - Lakeside,Pokhara,2025-10-23,10756.14,6
TXN101622,Butwal - Traffic Chowk,Butwal,2025-12-07,8515.210000000001,7
TXN101623,Chitwan - Bharatpur,Chitwan,2025-03-06,5792.77,11
TXN101624,Kathmandu - New Road,Kathmandu,2025-10-22,494.61,3
TXN101625,Bhaktapur - Suryabinayak,Bhaktapur,2025-03-29,10483.68,13
TXN101626,Butwal - Traffic Chowk,Butwal,2025-10-02,9001.11,8
TXN101627,Bhaktapur - Suryabinayak,Bhaktapur,2025-11-27,4721.08,8
TXN101628,Butwal - Traffic Chowk,Butwal,2025-07-14,717.27,1
TXN101629,Butwal - Traffic Chowk,Butwal,2025-04-06,14541.6,8
TXN101630,Butwal - Traffic Chowk,Butwal,2025-02-12,21677.66,13
TXN101631,Butwal - Traffic Chowk,Butwal,2025-02-21,758.7,2
TXN101632,Kathmandu - Kupondole,Kathmandu,2025-07-30,10694.63,13
TXN101633,Butwal - Traffic Chowk,Butwal,2025-05-04,5824.83,10
TXN101634,Biratnagar - Main Road,Biratnagar,2025-04-30,6350.03,3
TXN101635,Kathmandu - Kupondole,Kathmandu,2025-12-23,325.28,2
TXN101636,Bhaktapur - Suryabinayak,Bhaktapur,2025-10-28,3131.6,8
TXN101637,Kathmandu - Kupondole,Kathmandu,2025-09-17,1494.78,3
TXN101638,Lalitpur - Pulchowk,Lalitpur,2025-02-05,10037.09,11
TXN101639,Lalitpur - Pulchowk,Lalitpur,2025-09-03,11817.86,11
TXN101640,Bhaktapur - Suryabinayak,Bhaktapur,2025-10-04,3565.16,10
TXN101641,Butwal - Traffic Chowk,Butwal,2025-07-28,15313.06,12
TXN101642,Bhaktapur - Suryabinayak,Bhaktapur,2025-03-29,2483.98,6
TXN101643,Kathmandu - New Road,Kathmandu,2025-09-08,5439.16,9
TXN101644,Butwal - Traffic Chowk,Butwal,2025-12-30,1065.98,1
TXN101645,Biratnagar - Main Road,Biratnagar,2025-12-21,8199.89,7
TXN101646,Kathmandu - Kupondole,Kathmandu,2025-09-21,6858.5199999999995,9
TXN101647,Chitwan - Bharatpur,Chitwan,2025-10-30,6901.8099999999995,14
TXN101648,Biratnagar - Main Road,Biratnagar,2025-09-08,4475.99,9
TXN101649,Kathmandu - New Road,Kathmandu,2025-10-06,8183.01,6
TXN101650,Bhaktapur - Suryabinayak,Bhaktapur,2025-10-25,4029.01,5
TXN101651,Biratnagar - Main Road,Biratnagar,2025-10-13,7415.58,10
TXN101652,Bhaktapur - Suryabinayak,Bhaktapur,2025-07-24,4377.97,7
TXN101653,Bhaktapur - Suryabinayak,Bhaktapur,2025-06-04,3784.8599999999997,7
TXN101654,Kathmandu - New Road,Kathmandu,2025-01-23,7217.99,11
TXN101655,Butwal - Traffic Chowk,Butwal,2025-11-20,4210.29,7
TXN101656,Bhaktapur - Suryabinayak,Bhaktapur,2025-06-03,1061.6,2
TXN101657,Kathmandu - New Road,Kathmandu,2025-09-02,1342.47,8
TXN101658,Butwal - Traffic Chowk,Butwal,2025-02-14,3407.7,6
TXN101659,Pokhara - Lakeside,Pokhara,2025-09-22,1988.25,4
TXN101660,Chitwan - Bharatpur,Chitwan,2025-08-25,2111.7,7
TXN101661,Lalitpur - Pulchowk,Lalitpur,2025-11-28,8347.23,3
TXN101662,Kathmandu - Kupondole,Kathmandu,2025-09-08,469.45,1
TXN101663,Kathmandu - New Road,Kathmandu,2025-11-06,6966.2,4
TXN101664,Bhaktapur - Suryabinayak,Bhaktapur,2025-05-28,390.53,1
TXN101665,Pokhara - Lakeside,Pokhara,2025-04-29,3744.68,8
TXN101666,Kathmandu - New Road,Kathmandu,2025-01-30,6386.48,4
TXN101667,Kathmandu - Kupondole,Kathmandu,2025-11-08,24811.34,16
TXN101668,Kathmandu - New Road,Kathmandu,2025-06-23,1189.2,2
TXN101669,Butwal - Traffic Chowk,Butwal,2025-10-27,5823.54,4
TXN101670,Kathmandu - Kupondole,Kathmandu,2025-05-13,4785.2300000000005,7
TXN101671,Kathmandu - Kupondole,Kathmandu,2025-08-11,16628.36,13
TXN101672,Butwal - Traffic Chowk,Butwal,2025-04-14,2924.83,4
TXN101673,Kathmandu - New Road,Kathmandu,2025-02-27,10218.4,14
TXN101674,Butwal - Traffic Chowk,Butwal,2025-02-14,1026.6,2
TXN101675,Bhaktapur - Suryabinayak,Bhaktapur,2025-05-17,2666.29,11
TXN101676,Butwal - Traffic Chowk,Butwal,2025-01-30,8757.27,9
TXN101677,Kathmandu - Kupondole,Kathmandu,2025-10-17,3889.4999999999995,8
TXN101678,Butwal - Traffic Chowk,Butwal,2025-01-01,1954.44,8
TXN101679,Butwal - Traffic Chowk,Butwal,2025-04-06,5740.38,3
TXN101680,Chitwan - Bharatpur,Chitwan,2025-09-23,12337.53,10
TXN101681,Butwal - Traffic Chowk,Butwal,2025-05-02,805.3,2
TXN101682,Biratnagar - Main Road,Biratnagar,2025-10-02,12018.9,14
TXN101683,Pokhara - Lakeside,Pokhara,2025-09-21,3452.8100000000004,6
TXN101684,Kathmandu - New Road,Kathmandu,2025-09-27,3339.21,10
TXN101685,Bhaktapur - Suryabinayak,Bhaktapur,2025-09-17,11275.25,10
TXN101686,Pokhara - Lakeside,Pokhara,2025-08-09,4128.01,10
TXN101687,Kathmandu - New Road,Kathmandu,2025-06-21,1793.2,3
TXN101688,Butwal - Traffic Chowk,Butwal,2025-09-30,20494.300000000003,16
TXN101689,Bhaktapur - Suryabinayak,Bhaktapur,2025-08-20,6252.389999999999,9
TXN101690,Kathmandu - Kupondole,Kathmandu,2025-04-28,3980.14,10
TXN101691,Lalitpur - Pulchowk,Lalitpur,2025-09-24,2579.62,8
TXN101692,Chitwan - Bharatpur,Chitwan,2025-09-26,3034.27,4
TXN101693,Lalitpur - Pulchowk,Lalitpur,2025-10-14,2375.24,8
TXN101694,Chitwan - Bharatpur,Chitwan,2025-10-17,23596.809999999998,13
TXN101695,Kathmandu - Kupondole,Kathmandu,2025-11-09,3957.97,10
TXN101696,Kathmandu - New Road,Kathmandu,2025-12-27,7828.46,11
TXN101697,Chitwan - Bharatpur,Chitwan,2025-10-02,1673.3700000000001,5
TXN101698,Butwal - Traffic Chowk,Butwal,2025-11-27,697.85,1
TXN101699,Kathmandu - Kupondole,Kathmandu,2025-06-29,5566.22,11
TXN101700,Kathmandu - New Road,Kathmandu,2025-02-11,9065.11,10
TXN101701,Kathmandu - New Road,Kathmandu,2025-04-14,967.1400000000001,3
TXN101702,Bhaktapur - Suryabinayak,Bhaktapur,2025-05-31,4248.400000000001,6
TXN101703,Biratnagar - Main Road,Biratnagar,2025-11-04,1983.8,13
TXN101704,Lalitpur - Pulchowk,Lalitpur,2025-08-31,10863.990000000002,13
TXN101705,Bhaktapur - Suryabinayak,Bhaktapur,2025-06-30,2807.16,8
TXN101706,Biratnagar - Main Road,Biratnagar,2025-03-29,414.7,2
TXN101707,Pokhara - Lakeside,Pokhara,2025-09-26,4810.509999999999,7
TXN101708,Lalitpur - Pulchowk,Lalitpur,2025-06-22,8215.26,12
TXN101709,Kathmandu - New Road,Kathmandu,2025-10-20,10785.64,15
TXN101710,Lalitpur - Pulchowk,Lalitpur,2025-04-22,625.59,2
TXN101711,Bhaktapur - Suryabinayak,Bhaktapur,2025-11-21,133.45,1
TXN101712,Bhaktapur - Suryabinayak,Bhaktapur,2025-11-14,5951.22,10
TXN101713,Biratnagar - Main Road,Biratnagar,2025-03-28,2632.3500000000004,4
TXN101714,Kathmandu - New Road,Kathmandu,2025-04-14,7629.869999999999,15
TXN101715,Butwal - Traffic Chowk,Butwal,2025-11-28,1642.0,4
TXN101716,Butwal - Traffic Chowk,Butwal,2025-04-06,1625.48,2
TXN101717,Butwal - Traffic Chowk,Butwal,2025-03-09,1090.56,4
TXN101718,Kathmandu - New Road,Kathmandu,2025-10-22,3726.41,8
TXN101719,Kathmandu - Kupondole,Kathmandu,2025-12-06,2930.7200000000003,6
TXN101720,Butwal - Traffic Chowk,Butwal,2025-09-19,5006.82,9
TXN101721,Pokhara - Lakeside,Pokhara,2025-08-12,20320.03,10
TXN101722,Kathmandu - New Road,Kathmandu,2025-11-10,2353.69,7
TXN101723,Chitwan - Bharatpur,Chitwan,2025-02-12,5373.37,10
TXN101724,Chitwan - Bharatpur,Chitwan,2025-11-12,1377.38,4
TXN101725,Pokhara - Lakeside,Pokhara,2025-05-25,6984.41,12
TXN101726,Lalitpur - Pulchowk,Lalitpur,2025-11-27,7156.530000000001,9
TXN101727,Kathmandu - Kupondole,Kathmandu,2025-12-17,4258.42,9
TXN101728,Pokhara - Lakeside,Pokhara,2025-04-30,9437.93,13
TXN101729,Butwal - Traffic Chowk,Butwal,2025-12-21,658.77,3
TXN101730,Kathmandu - Kupondole,Kathmandu,2025-09-26,643.23,4
TXN101731,Butwal - Traffic Chowk,Butwal,2025-11-29,1099.66,2
TXN101732,Butwal - Traffic Chowk,Butwal,2025-11-02,5241.12,11
TXN101733,Kathmandu - Kupondole,Kathmandu,2025-08-06,6902.0199999999995,6
TXN101734,Lalitpur - Pulchowk,Lalitpur,2025-06-11,2809.86,7
TXN101735,Kathmandu - Kupondole,Kathmandu,2025-08-24,2306.73,10
TXN101736,Kathmandu - Kupondole,Kathmandu,2025-08-02,5614.82,12
TXN101737,Biratnagar - Main Road,Biratnagar,2025-02-24,411.59,1
TXN101738,Lalitpur - Pulchowk,Lalitpur,2025-10-05,2515.21,7
TXN101739,Butwal - Traffic Chowk,Butwal,2025-03-27,2207.42,4
TXN101740,Biratnagar - Main Road,Biratnagar,2025-09-13,1873.62,6
TXN101741,Kathmandu - Kupondole,Kathmandu,2025-10-31,12678.560000000001,11
TXN101742,Bhaktapur - Suryabinayak,Bhaktapur,2025-04-25,15320.93,13
TXN101743,Pokhara - Lakeside,Pokhara,2025-10-10,6921.009999999999,7
TXN101744,Kathmandu - New Road,Kathmandu,2025-06-26,462.92,2
TXN101745,Lalitpur - Pulchowk,Lalitpur,2025-11-20,3356.67,12
TXN101746,Lalitpur - Pulchowk,Lalitpur,2025-09-16,4850.92,6
TXN101747,Bhaktapur - Suryabinayak,Bhaktapur,2025-09-24,256.22,2
TXN101748,Lalitpur - Pulchowk,Lalitpur,2025-05-04,5228.74,9
TXN101749,Kathmandu - New Road,Kathmandu,2025-09-07,3560.8100000000004,9
TXN101750,Bhaktapur - Suryabinayak,Bhaktapur,2025-04-04,6891.280000000001,10
TXN101751,Bhaktapur - Suryabinayak,Bhaktapur,2025-01-04,3331.08,9
TXN101752,Kathmandu - New Road,Kathmandu,2025-09-27,6239.8,11
TXN101753,Kathmandu - New Road,Kathmandu,2025-11-24,1081.47,3
TXN101754,Kathmandu - Kupondole,Kathmandu,2025-04-05,3255.36,6
TXN101755,Biratnagar - Main Road,Biratnagar,2025-02-28,4025.13,9
TXN101756,Chitwan - Bharatpur,Chitwan,2025-09-19,365.92,2
TXN101757,Butwal - Traffic Chowk,Butwal,2025-09-08,1353.44,4
TXN101758,Bhaktapur - Suryabinayak,Bhaktapur,2025-09-28,721.02,2
TXN101759,Bhaktapur - Suryabinayak,Bhaktapur,2025-09-29,5799.83,10
TXN101760,Pokhara - Lakeside,Pokhara,2025-10-18,3252.96,9
TXN101761,Biratnagar - Main Road,Biratnagar,2025-05-27,1344.77,3
TXN101762,Kathmandu - New Road,Kathmandu,2025-09-04,5728.47,5
TXN101763,Lalitpur - Pulchowk,Lalitpur,2025-07-24,7555.34,10
TXN101764,Kathmandu - New Road,Kathmandu,2025-10-09,12487.43,9
TXN101765,Kathmandu - Kupondole,Kathmandu,2025-12-01,6337.12,4
TXN101766,Pokhara - Lakeside,Pokhara,2025-11-03,1318.42,6
TXN101767,Bhaktapur - Suryabinayak,Bhaktapur,2025-07-19,1526.96,4
TXN101768,Butwal - Traffic Chowk,Butwal,2025-09-08,3771.28,6
TXN101769,Butwal - Traffic Chowk,Butwal,2025-10-31,840.14,1
TXN101770,Pokhara - Lakeside,Pokhara,2025-10-23,628.08,2
TXN101771,Kathmandu - New Road,Kathmandu,2025-10-06,2382.05,9
TXN101772,Kathmandu - New Road,Kathmandu,2025-11-11,16324.440000000002,9
TXN101773,Bhaktapur - Suryabinayak,Bhaktapur,2025-05-28,3167.76,2
TXN101774,Butwal - Traffic Chowk,Butwal,2025-10-24,9159.4,8
TXN101775,Pokhara - Lakeside,Pokhara,2025-02-18,8666.55,5
TXN101776,Pokhara - Lakeside,Pokhara,2025-12-17,1396.84,4
TXN101777,Kathmandu - Kupondole,Kathmandu,2025-08-29,2754.12,4
TXN101778,Kathmandu - New Road,Kathmandu,2025-11-29,10282.77,15
TXN101779,Butwal - Traffic Chowk,Butwal,2025-03-18,1216.42,1
TXN101780,Chitwan - Bharatpur,Chitwan,2025-11-29,6813.62,8
TXN101781,Lalitpur - Pulchowk,Lalitpur,2025-09-02,752.88,4
TXN101782,Bhaktapur - Suryabinayak,Bhaktapur,2025-05-31,65.38,1
TXN101783,Kathmandu - Kupondole,Kathmandu,2025-10-02,8128.63,9
TXN101784,Kathmandu - New Road,Kathmandu,2025-09-05,2301.94,7
TXN101785,Kathmandu - New Road,Kathmandu,2025-04-21,200.28,3
TXN101786,Butwal - Traffic Chowk,Butwal,2025-10-08,3349.22,7
TXN101787,Bhaktapur - Suryabinayak,Bhaktapur,2025-05-07,2539.2799999999997,11
TXN101788,Pokhara - Lakeside,Pokhara,2025-04-16,3689.24,2
TXN101789,Butwal - Traffic Chowk,Butwal,2025-09-03,11827.72,11
TXN101790,Kathmandu - New Road,Kathmandu,2025-05-07,2262.45,9
TXN101791,Butwal - Traffic Chowk,Butwal,2025-05-11,4785.72,6
TXN101792,Kathmandu - Kupondole,Kathmandu,2025-10-05,5065.46,10
TXN101793,Bhaktapur - Suryabinayak,Bhaktapur,2025-11-26,4407.69,10
TXN101794,Kathmandu - Kupondole,Kathmandu,2025-04-14,3563.18,5
TXN101795,Butwal - Traffic Chowk,Butwal,2025-09-06,3261.0600000000004,7
TXN101796,Chitwan - Bharatpur,Chitwan,2025-01-17,12085.300000000001,11
TXN101797,Kathmandu - Kupondole,Kathmandu,2025-10-20,339.23,1
TXN101798,Butwal - Traffic Chowk,Butwal,2025-11-02,3207.3399999999997,6
TXN101799,Lalitpur - Pulchowk,Lalitpur,2025-06-29,273.52,4
TXN101800,Bhaktapur - Suryabinayak,Bhaktapur,2025-10-08,1136.05,5
TXN101801,Butwal - Traffic Chowk,Butwal,2025-09-28,9492.34,9
TXN101802,Lalitpur - Pulchowk,Lalitpur,2025-02-04,12765.55,14
TXN101803,Biratnagar - Main Road,Biratnagar,2025-09-17,3248.55,8
TXN101804,Butwal - Traffic Chowk,Butwal,2025-09-19,1157.77,1
TXN101805,Kathmandu - Kupondole,Kathmandu,2025-09-12,12545.59,10
TXN101806,Chitwan - Bharatpur,Chitwan,2025-01-30,4633.88,4
TXN101807,Butwal - Traffic Chowk,Butwal,2025-07-29,8088.030000000001,8
TXN101808,Butwal - Traffic Chowk,Butwal,2025-12-25,7149.6900000000005,8
TXN101809,Bhaktapur - Suryabinayak,Bhaktapur,2025-08-30,2590.76,9
TXN101810,Bhaktapur - Suryabinayak,Bhaktapur,2025-10-18,3096.21,5
TXN101811,Lalitpur - Pulchowk,Lalitpur,2025-06-28,16313.63,13
TXN101812,Lalitpur - Pulchowk,Lalitpur,2025-09-30,1030.98,6
TXN101813,Butwal - Traffic Chowk,Butwal,2025-11-04,5214.64,4
TXN101814,Kathmandu - Kupondole,Kathmandu,2025-01-03,1831.81,9
TXN101815,Butwal - Traffic Chowk,Butwal,2025-10-24,3750.63,5
TXN101816,Lalitpur - Pulchowk,Lalitpur,2025-10-26,14791.18,19
TXN101817,Bhaktapur - Suryabinayak,Bhaktapur,2025-03-25,5470.849999999999,7
TXN101818,Kathmandu - New Road,Kathmandu,2025-10-05,1672.76,4
TXN101819,Bhaktapur - Suryabinayak,Bhaktapur,2025-12-25,1429.8200000000002,3
TXN101820,Chitwan - Bharatpur,Chitwan,2025-10-06,11716.300000000001,12
TXN101821,Kathmandu - Kupondole,Kathmandu,2025-08-24,1571.8200000000002,3
TXN101822,Kathmandu - Kupondole,Kathmandu,2025-12-04,4352.34,2
TXN101823,Pokhara - Lakeside,Pokhara,2025-01-04,3763.44,6
TXN101824,Chitwan - Bharatpur,Chitwan,2025-03-12,11939.04,4
TXN101825,Kathmandu - New Road,Kathmandu,2025-11-19,3272.28,8
TXN101826,Pokhara - Lakeside,Pokhara,2025-05-13,924.12,1
TXN101827,Chitwan - Bharatpur,Chitwan,2025-12-02,442.15,2
TXN101828,Chitwan - Bharatpur,Chitwan,2025-10-06,8489.97,16
TXN101829,Kathmandu - Kupondole,Kathmandu,2025-03-29,4455.38,13
TXN101830,Kathmandu - New Road,Kathmandu,2025-07-24,5896.84,7
TXN101831,Kathmandu - Kupondole,Kathmandu,2025-09-19,2071.6,4
TXN101832,Butwal - Traffic Chowk,Butwal,2025-12-16,2438.37,9
TXN101833,Pokhara - Lakeside,Pokhara,2025-11-14,8775.75,8
TXN101834,Kathmandu - Kupondole,Kathmandu,2025-05-22,6602.29,7
TXN101835,Butwal - Traffic Chowk,Butwal,2025-04-17,4394.0199999999995,11
TXN101836,Biratnagar - Main Road,Biratnagar,2025-06-18,9641.07,12
TXN101837,Butwal - Traffic Chowk,Butwal,2025-11-23,860.64,4
TXN101838,Kathmandu - New Road,Kathmandu,2025-08-22,4543.74,12
TXN101839,Bhaktapur - Suryabinayak,Bhaktapur,2025-04-19,8845.300000000001,14
TXN101840,Bhaktapur - Suryabinayak,Bhaktapur,2025-08-23,3692.5,6
TXN101841,Bhaktapur - Suryabinayak,Bhaktapur,2025-10-08,559.34,1
TXN101842,Kathmandu - Kupondole,Kathmandu,2025-06-05,13337.0,10
TXN101843,Lalitpur - Pulchowk,Lalitpur,2025-05-23,5287.59,4
TXN101844,Kathmandu - New Road,Kathmandu,2025-06-14,2646.37,10
TXN101845,Butwal - Traffic Chowk,Butwal,2025-12-17,3512.17,5
TXN101846,Kathmandu - Kupondole,Kathmandu,2025-05-04,6999.9400000000005,15
TXN101847,Kathmandu - New Road,Kathmandu,2025-06-09,9948.21,7
TXN101848,Kathmandu - Kupondole,Kathmandu,2025-01-03,5060.12,16
TXN101849,Lalitpur - Pulchowk,Lalitpur,2025-12-29,967.5,3
TXN101850,Bhaktapur - Suryabinayak,Bhaktapur,2025-06-16,2157.54,8
TXN101851,Pokhara - Lakeside,Pokhara,2025-10-24,3865.66,10
TXN101852,Kathmandu - Kupondole,Kathmandu,2025-11-29,3341.98,2
TXN101853,Kathmandu - Kupondole,Kathmandu,2025-07-24,490.16,4
TXN101854,Kathmandu - New Road,Kathmandu,2025-10-03,2294.16,4
TXN101855,Kathmandu - Kupondole,Kathmandu,2025-10-27,11842.77,10
TXN101856,Kathmandu - Kupondole,Kathmandu,2025-12-14,10318.74,9
TXN101857,Pokhara - Lakeside,Pokhara,2025-03-21,3848.14,12
TXN101858,Lalitpur - Pulchowk,Lalitpur,2025-05-13,15067.380000000001,8
TXN101859,Kathmandu - Kupondole,Kathmandu,2025-02-26,2797.63,5
TXN101860,Kathmandu - Kupondole,Kathmandu,2025-09-24,2537.91,7
TXN101861,Lalitpur - Pulchowk,Lalitpur,2025-10-07,8379.869999999999,13
TXN101862,Pokhara - Lakeside,Pokhara,2025-01-30,12987.61,10
TXN101863,Pokhara - Lakeside,Pokhara,2025-06-18,4705.83,9
TXN101864,Lalitpur - Pulchowk,Lalitpur,2025-10-10,11269.49,7
TXN101865,Kathmandu - New Road,Kathmandu,2025-10-25,1672.11,6
TXN101866,Bhaktapur - Suryabinayak,Bhaktapur,2025-03-02,6589.139999999999,13
TXN101867,Lalitpur - Pulchowk,Lalitpur,2025-09-23,3802.95,11
TXN101868,Butwal - Traffic Chowk,Butwal,2025-06-09,6291.26,8
TXN101869,Lalitpur - Pulchowk,Lalitpur,2025-09-10,7876.17,14
TXN101870,Kathmandu - New Road,Kathmandu,2025-12-28,7230.099999999999,12
TXN101871,Kathmandu - Kupondole,Kathmandu,2025-09-30,9338.19,16
TXN101872,Kathmandu - Kupondole,Kathmandu,2025-08-21,2135.38,4
TXN101873,Lalitpur - Pulchowk,Lalitpur,2025-10-15,6918.65,10
TXN101874,Kathmandu - Kupondole,Kathmandu,2025-10-09,284.2,2
TXN101875,Lalitpur - Pulchowk,Lalitpur,2025-04-23,4590.58,4
TXN101876,Chitwan - Bharatpur,Chitwan,2025-09-12,7957.14,7
TXN101877,Biratnagar - Main Road,Biratnagar,2025-07-18,4908.88,15
TXN101878,Kathmandu - New Road,Kathmandu,2025-05-19,2208.76,7
TXN101879,Pokhara - Lakeside,Pokhara,2025-08-05,4985.37,15
TXN101880,Biratnagar - Main Road,Biratnagar,2025-03-26,9944.94,6
TXN101881,Bhaktapur - Suryabinayak,Bhaktapur,2025-11-17,3473.05,4
TXN101882,Chitwan - Bharatpur,Chitwan,2025-06-10,4715.67,5
TXN101883,Pokhara - Lakeside,Pokhara,2025-11-07,8586.96,9
TXN101884,Kathmandu - New Road,Kathmandu,2025-12-17,2251.0699999999997,5
TXN101885,Chitwan - Bharatpur,Chitwan,2025-10-04,3866.7799999999997,5
TXN101886,Biratnagar - Main Road,Biratnagar,2025-02-03,9051.619999999999,11
TXN101887,Kathmandu - Kupondole,Kathmandu,2025-10-08,10781.81,14
TXN101888,Bhaktapur - Suryabinayak,Bhaktapur,2025-11-18,1423.2,2
TXN101889,Kathmandu - New Road,Kathmandu,2025-05-02,17597.02,9
TXN101890,Pokhara - Lakeside,Pokhara,2025-05-31,3318.5699999999997,11
TXN101891,Kathmandu - Kupondole,Kathmandu,2025-08-11,1827.6599999999999,6
TXN101892,Lalitpur - Pulchowk,Lalitpur,2025-11-28,1549.1599999999999,4
TXN101893,Kathmandu - Kupondole,Kathmandu,2025-01-18,5533.0599999999995,11
TXN101894,Bhaktapur - Suryabinayak,Bhaktapur,2025-10-12,3387.59,10
TXN101895,Bhaktapur - Suryabinayak,Bhaktapur,2025-09-03,792.38,2
TXN101896,Chitwan - Bharatpur,Chitwan,2025-09-24,4679.98,4
TXN101897,Lalitpur - Pulchowk,Lalitpur,2025-10-09,8476.91,11
TXN101898,Bhaktapur - Suryabinayak,Bhaktapur,2025-11-25,16954.0,12
TXN101899,Lalitpur - Pulchowk,Lalitpur,2025-08-25,3763.03,10
TXN101900,Lalitpur - Pulchowk,Lalitpur,2025-01-10,15470.3,10
TXN101901,Kathmandu - Kupondole,Kathmandu,2025-10-12,5844.02,2
TXN101902,Lalitpur - Pulchowk,Lalitpur,2025-10-04,2766.36,10
TXN101903,Pokhara - Lakeside,Pokhara,2025-08-17,2300.71,7
TXN101904,Bhaktapur - Suryabinayak,Bhaktapur,2025-04-06,6167.58,6
TXN101905,Butwal - Traffic Chowk,Butwal,2025-04-18,1905.5,3
TXN101906,Kathmandu - Kupondole,Kathmandu,2025-05-16,1023.33,3
TXN101907,Kathmandu - New Road,Kathmandu,2025-08-01,873.24,4
TXN101908,Kathmandu - Kupondole,Kathmandu,2025-06-06,3996.41,8
TXN101909,Kathmandu - New Road,Kathmandu,2025-08-22,5452.710000000001,7
TXN101910,Pokhara - Lakeside,Pokhara,2025-09-10,1707.88,2
TXN101911,Pokhara - Lakeside,Pokhara,2025-06-26,1457.47,4
TXN101912,Kathmandu - Kupondole,Kathmandu,2025-06-10,11140.859999999999,13
TXN101913,Pokhara - Lakeside,Pokhara,2025-10-22,3545.02,9
TXN101914,Kathmandu - Kupondole,Kathmandu,2025-10-30,5675.0199999999995,5
TXN101915,Biratnagar - Main Road,Biratnagar,2025-03-17,3569.82,2
TXN101916,Biratnagar - Main Road,Biratnagar,2025-05-01,4420.17,7
TXN101917,Butwal - Traffic Chowk,Butwal,2025-05-14,13512.12,11
TXN101918,Biratnagar - Main Road,Biratnagar,2025-12-04,3462.07,3
TXN101919,Pokhara - Lakeside,Pokhara,2025-09-24,1359.4,3
TXN101920,Chitwan - Bharatpur,Chitwan,2025-10-01,3545.41,4
TXN101921,Kathmandu - Kupondole,Kathmandu,2025-08-21,14710.710000000001,11
TXN101922,Kathmandu - Kupondole,Kathmandu,2025-04-21,10737.15,5
TXN101923,Bhaktapur - Suryabinayak,Bhaktapur,2025-06-03,2015.51,7
TXN101924,Pokhara - Lakeside,Pokhara,2025-10-24,7092.59,15
TXN101925,Pokhara - Lakeside,Pokhara,2025-12-07,7890.24,10
TXN101926,Pokhara - Lakeside,Pokhara,2025-09-27,299.02,1
TXN101927,Pokhara - Lakeside,Pokhara,2025-09-20,2353.83,3
TXN101928,Butwal - Traffic Chowk,Butwal,2025-04-13,19759.82,14
TXN101929,Butwal - Traffic Chowk,Butwal,2025-05-31,7007.56,4
TXN101930,Lalitpur - Pulchowk,Lalitpur,2025-04-28,1338.52,4
TXN101931,Bhaktapur - Suryabinayak,Bhaktapur,2025-04-08,7343.24,6
TXN101932,Kathmandu - Kupondole,Kathmandu,2025-10-23,8372.0,4
TXN101933,Butwal - Traffic Chowk,Butwal,2025-06-10,2985.37,8
TXN101934,Lalitpur - Pulchowk,Lalitpur,2025-09-29,8908.779999999999,11
TXN101935,Chitwan - Bharatpur,Chitwan,2025-04-14,4963.030000000001,15
TXN101936,Butwal - Traffic Chowk,Butwal,2025-04-09,718.3,2
TXN101937,Kathmandu - Kupondole,Kathmandu,2025-09-30,6860.61,9
TXN101938,Pokhara - Lakeside,Pokhara,2025-10-07,14171.029999999999,9
TXN101939,Bhaktapur - Suryabinayak,Bhaktapur,2025-02-09,2680.28,2
TXN101940,Bhaktapur - Suryabinayak,Bhaktapur,2025-09-10,3999.65,11
TXN101941,Kathmandu - Kupondole,Kathmandu,2025-10-22,1908.6000000000001,7
TXN101942,Bhaktapur - Suryabinayak,Bhaktapur,2025-11-27,15773.189999999999,14
TXN101943,Kathmandu - Kupondole,Kathmandu,2025-04-16,9210.369999999999,7
TXN101944,Kathmandu - Kupondole,Kathmandu,2025-08-25,3874.87,8
TXN101945,Kathmandu - Kupondole,Kathmandu,2025-04-25,2440.56,5
TXN101946,Kathmandu - Kupondole,Kathmandu,2025-01-07,2396.65,4
TXN101947,Kathmandu - Kupondole,Kathmandu,2025-10-11,6109.0599999999995,14
TXN101948,Kathmandu - Kupondole,Kathmandu,2025-06-09,14521.94,12
TXN101949,Butwal - Traffic Chowk,Butwal,2025-12-25,7323.360000000001,13
TXN101950,Kathmandu - New Road,Kathmandu,2025-06-19,1513.1,4
TXN101951,Kathmandu - Kupondole,Kathmandu,2025-04-05,1894.29,8
TXN101952,Butwal - Traffic Chowk,Butwal,2025-08-02,6648.110000000001,11
TXN101953,Butwal - Traffic Chowk,Butwal,2025-06-29,7917.48,13
TXN101954,Butwal - Traffic Chowk,Butwal,2025-12-11,8516.83,11
TXN101955,Butwal - Traffic Chowk,Butwal,2025-12-09,8056.0,9
TXN101956,Pokhara - Lakeside,Pokhara,2025-10-03,5052.450000000001,6
TXN101957,Kathmandu - Kupondole,Kathmandu,2025-03-09,2495.2799999999997,5
TXN101958,Pokhara - Lakeside,Pokhara,2025-09-21,13263.24,18
TXN101959,Butwal - Traffic Chowk,Butwal,2025-02-15,2463.35,8
TXN101960,Kathmandu - New Road,Kathmandu,2025-02-03,658.7,5
TXN101961,Lalitpur - Pulchowk,Lalitpur,2025-05-15,1167.31,5
TXN101962,Kathmandu - New Road,Kathmandu,2025-09-23,4704.52,7
TXN101963,Kathmandu - Kupondole,Kathmandu,2025-11-02,6481.23,11
TXN101964,Bhaktapur - Suryabinayak,Bhaktapur,2025-05-31,787.13,2
TXN101965,Kathmandu - Kupondole,Kathmandu,2025-11-28,5765.110000000001,11
TXN101966,Chitwan - Bharatpur,Chitwan,2025-12-23,1289.6100000000001,6
TXN101967,Biratnagar - Main Road,Biratnagar,2025-07-23,290.32,2
TXN101968,Bhaktapur - Suryabinayak,Bhaktapur,2025-10-20,18191.420000000002,11
TXN101969,Pokhara - Lakeside,Pokhara,2025-01-03,4009.67,9
TXN101970,Kathmandu - Kupondole,Kathmandu,2025-11-21,9601.54,8
TXN101971,Bhaktapur - Suryabinayak,Bhaktapur,2025-09-08,8301.26,10
TXN101972,Bhaktapur - Suryabinayak,Bhaktapur,2025-11-02,1960.8500000000001,9
TXN101973,Pokhara - Lakeside,Pokhara,2025-10-05,9889.28,19
TXN101974,Biratnagar - Main Road,Biratnagar,2025-12-17,1057.6,3
TXN101975,Kathmandu - New Road,Kathmandu,2025-05-04,13410.310000000001,9
TXN101976,Lalitpur - Pulchowk,Lalitpur,2025-10-01,3270.7299999999996,11
TXN101977,Bhaktapur - Suryabinayak,Bhaktapur,2025-07-30,1255.4,4
TXN101978,Chitwan - Bharatpur,Chitwan,2025-10-10,1191.35,7
TXN101979,Butwal - Traffic Chowk,Butwal,2025-03-31,9404.039999999999,6
TXN101980,Lalitpur - Pulchowk,Lalitpur,2025-11-26,14672.16,8
TXN101981,Bhaktapur - Suryabinayak,Bhaktapur,2025-11-03,14926.81,13
TXN101982,Bhaktapur - Suryabinayak,Bhaktapur,2025-06-07,15832.64,14
TXN101983,Butwal - Traffic Chowk,Butwal,2025-05-08,12146.98,13
TXN101984,Bhaktapur - Suryabinayak,Bhaktapur,2025-04-03,2196.85,7
TXN101985,Butwal - Traffic Chowk,Butwal,2025-11-23,3166.65,6
TXN101986,Bhaktapur - Suryabinayak,Bhaktapur,2025-02-24,5831.0599999999995,12
TXN101987,Lalitpur - Pulchowk,Lalitpur,2025-08-11,4785.08,4
TXN101988,Kathmandu - New Road,Kathmandu,2025-12-21,3536.81,9
TXN101989,Kathmandu - Kupondole,Kathmandu,2025-10-27,7191.139999999999,7
TXN101990,Pokhara - Lakeside,Pokhara,2025-10-15,12948.5,10
TXN101991,Kathmandu - New Road,Kathmandu,2025-05-10,1445.51,5
TXN101992,Pokhara - Lakeside,Pokhara,2025-11-18,624.93,3
TXN101993,Pokhara - Lakeside,Pokhara,2025-04-11,1809.3899999999999,6
TXN101994,Butwal - Traffic Chowk,Butwal,2025-09-21,4417.94,8
TXN101995,Kathmandu - New Road,Kathmandu,2025-06-17,6704.31,5
TXN101996,Bhaktapur - Suryabinayak,Bhaktapur,2025-09-17,1732.76,2
TXN101997,Butwal - Traffic Chowk,Butwal,2025-09-06,380.58,2
TXN101998,Butwal - Traffic Chowk,Butwal,2025-11-11,5547.2,3
TXN101999,Kathmandu - Kupondole,Kathmandu,2025-07-16,2666.9700000000003,9
TXN102000,Butwal - Traffic Chowk,Butwal,2025-11-28,283.09,1
TXN102001,Pokhara - Lakeside,Pokhara,2025-12-07,4990.79,15
TXN102002,Bhaktapur - Suryabinayak,Bhaktapur,2025-10-12,3975.68,9
TXN102003,Butwal - Traffic Chowk,Butwal,2025-01-18,307.63,1
TXN102004,Butwal - Traffic Chowk,Butwal,2025-05-20,17807.35,14
TXN102005,Kathmandu - New Road,Kathmandu,2025-10-30,6513.66,5
TXN102006,Pokhara - Lakeside,Pokhara,2025-11-18,986.64,3
TXN102007,Bhaktapur - Suryabinayak,Bhaktapur,2025-04-09,10022.8,8
TXN102008,Butwal - Traffic Chowk,Butwal,2025-01-18,3009.37,5
TXN102009,Bhaktapur - Suryabinayak,Bhaktapur,2025-10-21,7120.76,12
TXN102010,Butwal - Traffic Chowk,Butwal,2025-01-31,13706.14,11
TXN102011,Kathmandu - Kupondole,Kathmandu,2025-08-10,6567.88,2
TXN102012,Pokhara - Lakeside,Pokhara,2025-01-15,3465.13,8
TXN102013,Chitwan - Bharatpur,Chitwan,2025-11-15,17464.949999999997,15
TXN102014,Biratnagar - Main Road,Biratnagar,2025-05-30,2637.0699999999997,5
TXN102015,Kathmandu - Kupondole,Kathmandu,2025-04-23,3047.02,10
TXN102016,Lalitpur - Pulchowk,Lalitpur,2025-05-24,3868.6,7
TXN102017,Butwal - Traffic Chowk,Butwal,2025-01-26,9197.8,8
TXN102018,Pokhara - Lakeside,Pokhara,2025-05-21,6128.58,14
TXN102019,Bhaktapur - Suryabinayak,Bhaktapur,2025-07-17,2794.34,7
TXN102020,Pokhara - Lakeside,Pokhara,2025-04-03,8053.65,8
TXN102021,Kathmandu - New Road,Kathmandu,2025-11-05,10461.289999999999,7
TXN102022,Bhaktapur - Suryabinayak,Bhaktapur,2025-10-29,2844.8199999999997,4
TXN102023,Bhaktapur - Suryabinayak,Bhaktapur,2025-05-23,2043.5800000000002,5
TXN102024,Bhaktapur - Suryabinayak,Bhaktapur,2025-09-16,1305.48,6
TXN102025,Bhaktapur - Suryabinayak,Bhaktapur,2025-07-09,7057.2699999999995,9
TXN102026,Kathmandu - Kupondole,Kathmandu,2025-03-03,6943.4,4
TXN102027,Pokhara - Lakeside,Pokhara,2025-09-02,15799.36,12
TXN102028,Kathmandu - New Road,Kathmandu,2025-11-18,4388.61,7
TXN102029,Kathmandu - Kupondole,Kathmandu,2025-10-09,4895.82,7
TXN102030,Chitwan - Bharatpur,Chitwan,2025-06-29,3246.87,10
TXN102031,Lalitpur - Pulchowk,Lalitpur,2025-06-21,6548.79,14
TXN102032,Pokhara - Lakeside,Pokhara,2025-04-22,971.76,2
TXN102033,Lalitpur - Pulchowk,Lalitpur,2025-08-24,3288.47,9
TXN102034,Lalitpur - Pulchowk,Lalitpur,2025-11-14,1148.33,4
TXN102035,Kathmandu - Kupondole,Kathmandu,2025-02-15,9575.39,8
TXN102036,Butwal - Traffic Chowk,Butwal,2025-11-21,4113.09,5
TXN102037,Butwal - Traffic Chowk,Butwal,2025-02-03,6823.27,18
TXN102038,Bhaktapur - Suryabinayak,Bhaktapur,2025-11-04,2044.62,5
TXN102039,Butwal - Traffic Chowk,Butwal,2025-01-28,5862.0,8
TXN102040,Kathmandu - New Road,Kathmandu,2025-08-22,4344.74,13
TXN102041,Butwal - Traffic Chowk,Butwal,2025-10-21,1143.08,3
TXN102042,Bhaktapur - Suryabinayak,Bhaktapur,2025-07-23,12686.36,7
TXN102043,Bhaktapur - Suryabinayak,Bhaktapur,2025-01-25,11022.4,4
TXN102044,Kathmandu - Kupondole,Kathmandu,2025-01-22,2062.32,8
TXN102045,Butwal - Traffic Chowk,Butwal,2025-10-18,11498.26,12
TXN102046,Lalitpur - Pulchowk,Lalitpur,2025-07-16,4800.009999999999,6
TXN102047,Kathmandu - New Road,Kathmandu,2025-01-10,4347.12,2
TXN102048,Bhaktapur - Suryabinayak,Bhaktapur,2025-11-13,16635.28,12
TXN102049,Bhaktapur - Suryabinayak,Bhaktapur,2025-05-06,3410.16,11
TXN102050,Lalitpur - Pulchowk,Lalitpur,2025-09-04,3765.96,3
TXN102051,Kathmandu - Kupondole,Kathmandu,2025-02-14,6253.93,10
TXN102052,Butwal - Traffic Chowk,Butwal,2025-09-28,539.05,5
TXN102053,Lalitpur - Pulchowk,Lalitpur,2025-09-29,21777.92,16
TXN102054,Pokhara - Lakeside,Pokhara,2025-06-26,5471.49,13
TXN102055,Lalitpur - Pulchowk,Lalitpur,2025-10-20,2875.08,6
TXN102056,Lalitpur - Pulchowk,Lalitpur,2025-10-19,5647.78,13
TXN102057,Kathmandu - New Road,Kathmandu,2025-11-13,204.48,1
TXN102058,Kathmandu - Kupondole,Kathmandu,2025-09-06,4003.0499999999997,9
TXN102059,Lalitpur - Pulchowk,Lalitpur,2025-08-08,5696.299999999999,10
TXN102060,Kathmandu - New Road,Kathmandu,2025-11-11,8637.4,4
TXN102061,Butwal - Traffic Chowk,Butwal,2025-05-01,9878.02,13
TXN102062,Pokhara - Lakeside,Pokhara,2025-04-19,11922.039999999999,10
TXN102063,Lalitpur - Pulchowk,Lalitpur,2025-09-03,16598.420000000002,14
TXN102064,Kathmandu - Kupondole,Kathmandu,2025-11-23,1145.8,7
TXN102065,Butwal - Traffic Chowk,Butwal,2025-11-25,5109.05,11
TXN102066,Lalitpur - Pulchowk,Lalitpur,2025-03-10,8116.710000000001,6
TXN102067,Pokhara - Lakeside,Pokhara,2025-11-18,16824.239999999998,11
TXN102068,Lalitpur - Pulchowk,Lalitpur,2025-08-14,105.77,1
TXN102069,Pokhara - Lakeside,Pokhara,2025-03-28,13057.72,8
TXN102070,Kathmandu - New Road,Kathmandu,2025-10-22,3918.9599999999996,7
TXN102071,Chitwan - Bharatpur,Chitwan,2025-05-03,2885.88,6
TXN102072,Lalitpur - Pulchowk,Lalitpur,2025-07-09,5599.41,3
TXN102073,Butwal - Traffic Chowk,Butwal,2025-08-18,5097.26,4
TXN102074,Chitwan - Bharatpur,Chitwan,2025-09-10,3329.76,1
TXN102075,Lalitpur - Pulchowk,Lalitpur,2025-03-15,504.32,4
TXN102076,Pokhara - Lakeside,Pokhara,2025-12-29,372.26,2
TXN102077,Bhaktapur - Suryabinayak,Bhaktapur,2025-10-21,3181.22,7
TXN102078,Lalitpur - Pulchowk,Lalitpur,2025-07-18,5337.5,8
TXN102079,Lalitpur - Pulchowk,Lalitpur,2025-07-31,2250.96,3
TXN102080,Kathmandu - Kupondole,Kathmandu,2025-07-29,11187.9,7
TXN102081,Pokhara - Lakeside,Pokhara,2025-09-30,6999.700000000001,15
TXN102082,Butwal - Traffic Chowk,Butwal,2025-10-19,16003.93,14
TXN102083,Biratnagar - Main Road,Biratnagar,2025-07-31,4364.45,10
TXN102084,Butwal - Traffic Chowk,Butwal,2025-10-19,3277.44,11
TXN102085,Bhaktapur - Suryabinayak,Bhaktapur,2025-02-26,6583.11,5
TXN102086,Lalitpur - Pulchowk,Lalitpur,2025-09-23,8347.06,11
TXN102087,Kathmandu - Kupondole,Kathmandu,2025-09-02,5020.91,13
TXN102088,Bhaktapur - Suryabinayak,Bhaktapur,2025-11-03,2172.18,4
TXN102089,Lalitpur - Pulchowk,Lalitpur,2025-08-24,767.9100000000001,2
TXN102090,Kathmandu - Kupondole,Kathmandu,2025-02-10,1215.92,5
TXN102091,Pokhara - Lakeside,Pokhara,2025-03-23,6656.820000000001,10
TXN102092,Kathmandu - New Road,Kathmandu,2025-03-20,3523.29,8
TXN102093,Pokhara - Lakeside,Pokhara,2025-05-11,374.72,1
TXN102094,Chitwan - Bharatpur,Chitwan,2025-11-26,5201.2699999999995,13
TXN102095,Butwal - Traffic Chowk,Butwal,2025-10-10,6115.03,13
TXN102096,Lalitpur - Pulchowk,Lalitpur,2025-09-06,1316.42,10
TXN102097,Kathmandu - New Road,Kathmandu,2025-03-03,9518.560000000001,16
TXN102098,Butwal - Traffic Chowk,Butwal,2025-11-12,1949.71,9
TXN102099,Kathmandu - Kupondole,Kathmandu,2025-12-18,4394.17,5
TXN102100,Bhaktapur - Suryabinayak,Bhaktapur,2025-06-29,1203.54,6
TXN102101,Kathmandu - New Road,Kathmandu,2025-11-13,3526.8199999999997,9
TXN102102,Biratnagar - Main Road,Biratnagar,2025-07-30,3751.02,6
TXN102103,Kathmandu - New Road,Kathmandu,2025-03-31,646.98,6
TXN102104,Lalitpur - Pulchowk,Lalitpur,2025-09-06,18925.65,9
TXN102105,Butwal - Traffic Chowk,Butwal,2025-07-04,12690.73,13
TXN102106,Bhaktapur - Suryabinayak,Bhaktapur,2025-10-07,1101.86,1
TXN102107,Lalitpur - Pulchowk,Lalitpur,2025-11-01,459.36,2
TXN102108,Biratnagar - Main Road,Biratnagar,2025-09-16,797.25,1
TXN102109,Butwal - Traffic Chowk,Butwal,2025-10-03,12961.740000000002,9
TXN102110,Kathmandu - Kupondole,Kathmandu,2025-05-15,2610.15,3
TXN102111,Lalitpur - Pulchowk,Lalitpur,2025-09-30,12724.81,13
TXN102112,Butwal - Traffic Chowk,Butwal,2025-04-17,9662.619999999999,9
TXN102113,Pokhara - Lakeside,Pokhara,2025-04-20,8185.46,16
TXN102114,Kathmandu - New Road,Kathmandu,2025-09-03,14219.61,5
TXN102115,Butwal - Traffic Chowk,Butwal,2025-10-07,6201.33,14
TXN102116,Biratnagar - Main Road,Biratnagar,2025-11-10,14033.880000000001,14
TXN102117,Kathmandu - Kupondole,Kathmandu,2025-09-15,9013.26,11
TXN102118,Butwal - Traffic Chowk,Butwal,2025-11-12,16785.77,16
TXN102119,Kathmandu - Kupondole,Kathmandu,2025-06-09,8610.41,9
TXN102120,Bhaktapur - Suryabinayak,Bhaktapur,2025-04-16,5970.28,11
TXN102121,Pokhara - Lakeside,Pokhara,2025-01-15,5492.0,4
TXN102122,Pokhara - Lakeside,Pokhara,2025-04-20,7347.34,9
TXN102123,Biratnagar - Main Road,Biratnagar,2025-09-26,8063.7,8
TXN102124,Biratnagar - Main Road,Biratnagar,2025-11-25,9650.94,7
TXN102125,Bhaktapur - Suryabinayak,Bhaktapur,2025-04-20,3741.15,10
TXN102126,Kathmandu - Kupondole,Kathmandu,2025-04-17,5541.74,9
TXN102127,Butwal - Traffic Chowk,Butwal,2025-08-25,15144.34,15
TXN102128,Bhaktapur - Suryabinayak,Bhaktapur,2025-09-20,6984.13,16
TXN102129,Pokhara - Lakeside,Pokhara,2025-09-20,1852.6399999999999,5
TXN102130,Kathmandu - Kupondole,Kathmandu,2025-03-31,2231.2200000000003,9
TXN102131,Chitwan - Bharatpur,Chitwan,2025-03-23,8592.91,11
TXN102132,Lalitpur - Pulchowk,Lalitpur,2025-10-16,825.01,1
TXN102133,Butwal - Traffic Chowk,Butwal,2025-11-05,2784.58,7
TXN102134,Butwal - Traffic Chowk,Butwal,2025-08-09,6358.959999999999,7
TXN102135,Bhaktapur - Suryabinayak,Bhaktapur,2025-01-19,1214.2,4
TXN102136,Pokhara - Lakeside,Pokhara,2025-07-20,9801.9,4
TXN102137,Lalitpur - Pulchowk,Lalitpur,2025-03-21,2115.1000000000004,6
TXN102138,Butwal - Traffic Chowk,Butwal,2025-02-02,18239.01,7
TXN102139,Kathmandu - Kupondole,Kathmandu,2025-05-05,5908.58,7
TXN102140,Kathmandu - New Road,Kathmandu,2025-04-28,11331.78,6
TXN102141,Kathmandu - Kupondole,Kathmandu,2025-03-31,4548.610000000001,5
TXN102142,Butwal - Traffic Chowk,Butwal,2025-09-14,2911.38,9
TXN102143,Pokhara - Lakeside,Pokhara,2025-07-27,8314.19,9
TXN102144,Kathmandu - Kupondole,Kathmandu,2025-12-27,7881.7,7
TXN102145,Pokhara - Lakeside,Pokhara,2025-11-07,6982.21,12
TXN102146,Chitwan - Bharatpur,Chitwan,2025-05-16,1438.64,4
TXN102147,Butwal - Traffic Chowk,Butwal,2025-03-09,3745.02,5
TXN102148,Butwal - Traffic Chowk,Butwal,2025-10-05,5868.82,10
TXN102149,Kathmandu - Kupondole,Kathmandu,2025-09-20,10087.52,16
TXN102150,Chitwan - Bharatpur,Chitwan,2025-05-08,6061.41,12
TXN102151,Kathmandu - New Road,Kathmandu,2025-11-11,2083.37,9
TXN102152,Kathmandu - Kupondole,Kathmandu,2025-10-12,6594.68,7
TXN102153,Bhaktapur - Suryabinayak,Bhaktapur,2025-11-22,6381.11,9
TXN102154,Bhaktapur - Suryabinayak,Bhaktapur,2025-04-04,4109.7,10
TXN102155,Chitwan - Bharatpur,Chitwan,2025-09-27,2522.2,4
TXN102156,Kathmandu - New Road,Kathmandu,2025-08-26,7371.95,3
TXN102157,Biratnagar - Main Road,Biratnagar,2025-03-23,7446.89,13
TXN102158,Kathmandu - Kupondole,Kathmandu,2025-10-14,2532.56,2
TXN102159,Bhaktapur - Suryabinayak,Bhaktapur,2025-07-01,11755.279999999999,13
TXN102160,Pokhara - Lakeside,Pokhara,2025-04-22,3811.13,10
TXN102161,Kathmandu - New Road,Kathmandu,2025-01-01,10820.83,15
TXN102162,Butwal - Traffic Chowk,Butwal,2025-03-27,4767.57,6
TXN102163,Kathmandu - New Road,Kathmandu,2025-01-10,3628.94,11
TXN102164,Butwal - Traffic Chowk,Butwal,2025-02-13,2949.09,4
TXN102165,Bhaktapur - Suryabinayak,Bhaktapur,2025-09-04,9579.7,11
TXN102166,Lalitpur - Pulchowk,Lalitpur,2025-06-14,4472.820000000001,3
TXN102167,Kathmandu - Kupondole,Kathmandu,2025-12-20,2454.0,4
TXN102168,Kathmandu - Kupondole,Kathmandu,2025-04-05,3506.5600000000004,13
TXN102169,Kathmandu - Kupondole,Kathmandu,2025-12-18,6896.61,10
TXN102170,Kathmandu - New Road,Kathmandu,2025-04-08,4727.02,3
TXN102171,Kathmandu - Kupondole,Kathmandu,2025-01-05,12383.369999999999,15
TXN102172,Kathmandu - Kupondole,Kathmandu,2025-11-15,1745.9,6
TXN102173,Lalitpur - Pulchowk,Lalitpur,2025-10-08,5771.37,9
TXN102174,Bhaktapur - Suryabinayak,Bhaktapur,2025-11-23,654.2,2
TXN102175,Kathmandu - Kupondole,Kathmandu,2025-09-24,4674.28,7
TXN102176,Kathmandu - New Road,Kathmandu,2025-03-27,8567.42,10
TXN102177,Kathmandu - Kupondole,Kathmandu,2025-08-25,1019.9,3
TXN102178,Chitwan - Bharatpur,Chitwan,2025-03-21,20103.3,12
TXN102179,Pokhara - Lakeside,Pokhara,2025-06-11,5930.64,4
TXN102180,Kathmandu - Kupondole,Kathmandu,2025-04-16,8906.34,13
TXN102181,Lalitpur - Pulchowk,Lalitpur,2025-12-10,21719.6,15
TXN102182,Butwal - Traffic Chowk,Butwal,2025-07-06,1766.64,2
TXN102183,Bhaktapur - Suryabinayak,Bhaktapur,2025-03-09,6032.43,13
TXN102184,Bhaktapur - Suryabinayak,Bhaktapur,2025-10-29,3776.54,8
TXN102185,Lalitpur - Pulchowk,Lalitpur,2025-12-16,6914.549999999999,13
TXN102186,Lalitpur - Pulchowk,Lalitpur,2025-04-16,1575.73,9
TXN102187,Kathmandu - New Road,Kathmandu,2025-11-29,1902.6799999999998,5
TXN102188,Pokhara - Lakeside,Pokhara,2025-06-18,2097.24,6
TXN102189,Butwal - Traffic Chowk,Butwal,2025-10-31,7126.26,8
TXN102190,Chitwan - Bharatpur,Chitwan,2025-05-25,5593.6,11
TXN102191,Kathmandu - Kupondole,Kathmandu,2025-10-14,5102.62,15
TXN102192,Pokhara - Lakeside,Pokhara,2025-02-20,14297.74,11
TXN102193,Lalitpur - Pulchowk,Lalitpur,2025-10-25,6529.780000000001,6
TXN102194,Butwal - Traffic Chowk,Butwal,2025-10-25,652.45,5
TXN102195,Butwal - Traffic Chowk,Butwal,2025-09-06,6911.13,8
TXN102196,Lalitpur - Pulchowk,Lalitpur,2025-11-06,12697.31,12
TXN102197,Kathmandu - Kupondole,Kathmandu,2025-09-05,705.78,2
TXN102198,Pokhara - Lakeside,Pokhara,2025-08-24,5237.45,15
TXN102199,Kathmandu - New Road,Kathmandu,2025-09-19,3487.56,4
TXN102200,Biratnagar - Main Road,Biratnagar,2025-03-08,113.42,1
TXN102201,Bhaktapur - Suryabinayak,Bhaktapur,2025-04-23,2279.65,9
TXN102202,Biratnagar - Main Road,Biratnagar,2025-11-03,8739.51,13
TXN102203,Kathmandu - Kupondole,Kathmandu,2025-06-14,8649.199999999999,16
TXN102204,Kathmandu - Kupondole,Kathmandu,2025-11-02,369.46,1
TXN102205,Butwal - Traffic Chowk,Butwal,2025-02-14,1452.24,10
TXN102206,Chitwan - Bharatpur,Chitwan,2025-11-11,1413.1,2
TXN102207,Butwal - Traffic Chowk,Butwal,2025-04-02,19263.87,12
TXN102208,Butwal - Traffic Chowk,Butwal,2025-12-22,1404.21,3
TXN102209,Kathmandu - New Road,Kathmandu,2025-05-08,5084.08,9
TXN102210,Chitwan - Bharatpur,Chitwan,2025-01-24,322.95,1
TXN102211,Kathmandu - Kupondole,Kathmandu,2025-10-16,708.59,1
TXN102212,Kathmandu - Kupondole,Kathmandu,2025-04-08,8792.86,7
TXN102213,Butwal - Traffic Chowk,Butwal,2025-09-14,4031.45,10
TXN102214,Kathmandu - New Road,Kathmandu,2025-03-28,527.52,2
TXN102215,Bhaktapur - Suryabinayak,Bhaktapur,2025-09-22,4132.61,16
TXN102216,Butwal - Traffic Chowk,Butwal,2025-09-29,8925.12,4
TXN102217,Kathmandu - New Road,Kathmandu,2025-05-20,4828.66,9
TXN102218,Butwal - Traffic Chowk,Butwal,2025-08-09,4761.72,4
TXN102219,Butwal - Traffic Chowk,Butwal,2025-10-03,6062.599999999999,11
TXN102220,Kathmandu - New Road,Kathmandu,2025-11-05,26571.940000000002,14
TXN102221,Kathmandu - New Road,Kathmandu,2025-11-26,6802.76,15
TXN102222,Pokhara - Lakeside,Pokhara,2025-08-16,2125.9,5
TXN102223,Kathmandu - New Road,Kathmandu,2025-11-14,8168.73,11
TXN102224,Kathmandu - New Road,Kathmandu,2025-10-08,19180.579999999998,15
TXN102225,Bhaktapur - Suryabinayak,Bhaktapur,2025-10-16,11898.869999999999,15
TXN102226,Kathmandu - New Road,Kathmandu,2025-07-19,7442.48,8
TXN102227,Kathmandu - New Road,Kathmandu,2025-03-09,533.16,4
TXN102228,Kathmandu - Kupondole,Kathmandu,2025-01-17,2988.99,9
TXN102229,Pokhara - Lakeside,Pokhara,2025-07-31,8670.49,13
TXN102230,Lalitpur - Pulchowk,Lalitpur,2025-11-20,5131.21,7
TXN102231,Pokhara - Lakeside,Pokhara,2025-05-30,66.02,1
TXN102232,Lalitpur - Pulchowk,Lalitpur,2025-10-02,4420.549999999999,9
TXN102233,Kathmandu - New Road,Kathmandu,2025-04-20,7163.91,8
TXN102234,Kathmandu - Kupondole,Kathmandu,2025-04-21,6658.61,11
TXN102235,Pokhara - Lakeside,Pokhara,2025-01-13,10792.68,14
TXN102236,Lalitpur - Pulchowk,Lalitpur,2025-08-05,9940.77,13
TXN102237,Kathmandu - New Road,Kathmandu,2025-08-07,1906.3200000000002,5
TXN102238,Chitwan - Bharatpur,Chitwan,2025-12-18,15760.599999999999,18
TXN102239,Kathmandu - Kupondole,Kathmandu,2025-05-28,14220.2,7
TXN102240,Kathmandu - Kupondole,Kathmandu,2025-11-15,3530.26,5
TXN102241,Chitwan - Bharatpur,Chitwan,2025-10-07,3698.22,10
TXN102242,Kathmandu - Kupondole,Kathmandu,2025-12-25,11507.5,11
TXN102243,Kathmandu - Kupondole,Kathmandu,2025-02-09,482.3,2
TXN102244,Kathmandu - Kupondole,Kathmandu,2025-04-10,11850.78,13
TXN102245,Bhaktapur - Suryabinayak,Bhaktapur,2025-04-08,3053.06,5
TXN102246,Kathmandu - New Road,Kathmandu,2025-04-12,485.02,1
TXN102247,Kathmandu - New Road,Kathmandu,2025-05-13,12798.469999999998,12
TXN102248,Lalitpur - Pulchowk,Lalitpur,2025-09-05,2600.99,13
TXN102249,Butwal - Traffic Chowk,Butwal,2025-08-18,2667.5299999999997,5
TXN102250,Pokhara - Lakeside,Pokhara,2025-12-21,4305.69,7
TXN102251,Pokhara - Lakeside,Pokhara,2025-05-13,10002.33,8
TXN102252,Pokhara - Lakeside,Pokhara,2025-10-07,1820.37,5
TXN102253,Kathmandu - Kupondole,Kathmandu,2025-09-28,6138.38,14
TXN102254,Kathmandu - Kupondole,Kathmandu,2025-05-24,5257.11,5
TXN102255,Butwal - Traffic Chowk,Butwal,2025-12-10,1801.27,4
TXN102256,Lalitpur - Pulchowk,Lalitpur,2025-05-26,3652.84,8
TXN102257,Biratnagar - Main Road,Biratnagar,2025-05-07,1124.96,5
TXN102258,Bhaktapur - Suryabinayak,Bhaktapur,2025-05-10,12350.9,12
TXN102259,Chitwan - Bharatpur,Chitwan,2025-07-25,137.16,1
TXN102260,Kathmandu - New Road,Kathmandu,2025-01-22,5984.209999999999,13
TXN102261,Chitwan - Bharatpur,Chitwan,2025-06-08,606.25,1
TXN102262,Pokhara - Lakeside,Pokhara,2025-06-19,1030.11,3
TXN102263,Butwal - Traffic Chowk,Butwal,2025-09-10,18172.5,17
TXN102264,Butwal - Traffic Chowk,Butwal,2025-10-02,162.36,1
TXN102265,Pokhara - Lakeside,Pokhara,2025-04-13,6794.67,11
TXN102266,Kathmandu - New Road,Kathmandu,2025-04-09,3172.86,4
TXN102267,Kathmandu - Kupondole,Kathmandu,2025-05-23,2490.44,9
TXN102268,Butwal - Traffic Chowk,Butwal,2025-09-12,5664.76,15
TXN102269,Pokhara - Lakeside,Pokhara,2025-11-28,4865.66,8
TXN102270,Bhaktapur - Suryabinayak,Bhaktapur,2025-09-17,9891.939999999999,8
TXN102271,Kathmandu - Kupondole,Kathmandu,2025-04-23,7148.26,11
TXN102272,Lalitpur - Pulchowk,Lalitpur,2025-01-27,9863.44,8
TXN102273,Lalitpur - Pulchowk,Lalitpur,2025-04-30,1501.89,3
TXN102274,Pokhara - Lakeside,Pokhara,2025-07-22,2397.72,11
TXN102275,Pokhara - Lakeside,Pokhara,2025-05-04,6140.46,4
TXN102276,Butwal - Traffic Chowk,Butwal,2025-09-05,5364.57,10
TXN102277,Butwal - Traffic Chowk,Butwal,2025-11-12,4801.42,11
TXN102278,Bhaktapur - Suryabinayak,Bhaktapur,2025-09-19,4717.86,7
TXN102279,Butwal - Traffic Chowk,Butwal,2025-08-02,95.33,1
TXN102280,Pokhara - Lakeside,Pokhara,2025-04-20,531.96,1
TXN102281,Kathmandu - Kupondole,Kathmandu,2025-10-07,8015.139999999999,4
TXN102282,Bhaktapur - Suryabinayak,Bhaktapur,2025-02-13,1485.56,4
TXN102283,Butwal - Traffic Chowk,Butwal,2025-04-07,346.52,4
TXN102284,Lalitpur - Pulchowk,Lalitpur,2025-09-23,8850.59,5
TXN102285,Chitwan - Bharatpur,Chitwan,2025-09-11,90.01,1
TXN102286,Kathmandu - Kupondole,Kathmandu,2025-10-07,3176.36,9
TXN102287,Butwal - Traffic Chowk,Butwal,2025-04-26,7384.83,10
TXN102288,Kathmandu - Kupondole,Kathmandu,2025-11-17,6941.8,6
TXN102289,Butwal - Traffic Chowk,Butwal,2025-08-02,4770.71,11
TXN102290,Butwal - Traffic Chowk,Butwal,2025-04-06,1257.56,4
TXN102291,Pokhara - Lakeside,Pokhara,2025-11-27,5456.3,8
TXN102292,Butwal - Traffic Chowk,Butwal,2025-05-08,2806.68,3
TXN102293,Bhaktapur - Suryabinayak,Bhaktapur,2025-10-14,8284.619999999999,16
TXN102294,Lalitpur - Pulchowk,Lalitpur,2025-09-12,6560.46,7
TXN102295,Lalitpur - Pulchowk,Lalitpur,2025-10-24,292.0,2
TXN102296,Kathmandu - New Road,Kathmandu,2025-12-26,485.19,3
TXN102297,Pokhara - Lakeside,Pokhara,2025-07-08,2773.64,10
TXN102298,Kathmandu - Kupondole,Kathmandu,2025-04-08,5186.92,4
TXN102299,Kathmandu - New Road,Kathmandu,2025-11-26,5659.4,7
TXN102300,Kathmandu - Kupondole,Kathmandu,2025-01-25,3725.71,7
TXN102301,Bhaktapur - Suryabinayak,Bhaktapur,2025-12-30,11989.18,15
TXN102302,Butwal - Traffic Chowk,Butwal,2025-10-23,9476.11,11
TXN102303,Biratnagar - Main Road,Biratnagar,2025-04-09,16257.55,13
TXN102304,Butwal - Traffic Chowk,Butwal,2025-11-08,2693.7599999999998,6
TXN102305,Bhaktapur - Suryabinayak,Bhaktapur,2025-06-07,7025.679999999999,7
TXN102306,Pokhara - Lakeside,Pokhara,2025-05-02,1223.67,6
TXN102307,Butwal - Traffic Chowk,Butwal,2025-09-20,8728.55,11
TXN102308,Lalitpur - Pulchowk,Lalitpur,2025-11-28,4819.7,8
TXN102309,Lalitpur - Pulchowk,Lalitpur,2025-11-20,3332.9,10
TXN102310,Bhaktapur - Suryabinayak,Bhaktapur,2025-11-09,1026.48,3
TXN102311,Chitwan - Bharatpur,Chitwan,2025-01-17,2545.44,6
TXN102312,Bhaktapur - Suryabinayak,Bhaktapur,2025-11-10,1972.85,3
TXN102313,Butwal - Traffic Chowk,Butwal,2025-10-10,3421.0,8
TXN102314,Biratnagar - Main Road,Biratnagar,2025-05-14,2621.76,9
TXN102315,Biratnagar - Main Road,Biratnagar,2025-04-12,11493.28,9
TXN102316,Bhaktapur - Suryabinayak,Bhaktapur,2025-11-26,547.62,3
TXN102317,Kathmandu - Kupondole,Kathmandu,2025-05-21,12589.09,14
TXN102318,Kathmandu - New Road,Kathmandu,2025-08-15,2952.7799999999997,9
TXN102319,Butwal - Traffic Chowk,Butwal,2025-11-01,7757.6,6
TXN102320,Bhaktapur - Suryabinayak,Bhaktapur,2025-04-15,568.82,1
TXN102321,Butwal - Traffic Chowk,Butwal,2025-10-20,1288.44,4
TXN102322,Kathmandu - Kupondole,Kathmandu,2025-11-10,4653.17,7
TXN102323,Kathmandu - Kupondole,Kathmandu,2025-11-25,2591.1,6
TXN102324,Butwal - Traffic Chowk,Butwal,2025-05-14,10300.89,12
TXN102325,Kathmandu - New Road,Kathmandu,2025-09-11,6421.969999999999,6
TXN102326,Butwal - Traffic Chowk,Butwal,2025-04-11,5516.38,4
TXN102327,Butwal - Traffic Chowk,Butwal,2025-11-20,15299.71,11
TXN102328,Chitwan - Bharatpur,Chitwan,2025-11-20,509.62,2
TXN102329,Bhaktapur - Suryabinayak,Bhaktapur,2025-12-02,7628.6900000000005,11
TXN102330,Chitwan - Bharatpur,Chitwan,2025-11-02,2275.16,7
TXN102331,Bhaktapur - Suryabinayak,Bhaktapur,2025-03-31,6825.12,9
TXN102332,Biratnagar - Main Road,Biratnagar,2025-11-06,5343.34,10
TXN102333,Butwal - Traffic Chowk,Butwal,2025-09-22,12883.25,10
TXN102334,Pokhara - Lakeside,Pokhara,2025-06-12,2375.99,4
TXN102335,Kathmandu - New Road,Kathmandu,2025-04-29,1134.3,2
TXN102336,Butwal - Traffic Chowk,Butwal,2025-04-29,317.07,1
TXN102337,Bhaktapur - Suryabinayak,Bhaktapur,2025-10-01,317.26,2
TXN102338,Lalitpur - Pulchowk,Lalitpur,2025-09-12,2091.9,3
TXN102339,Kathmandu - New Road,Kathmandu,2025-04-20,1414.3200000000002,8
TXN102340,Bhaktapur - Suryabinayak,Bhaktapur,2025-09-28,4089.15,7
TXN102341,Kathmandu - Kupondole,Kathmandu,2025-11-12,3150.57,6
TXN102342,Bhaktapur - Suryabinayak,Bhaktapur,2025-09-29,697.38,2
TXN102343,Biratnagar - Main Road,Biratnagar,2025-02-28,786.99,4
TXN102344,Kathmandu - New Road,Kathmandu,2025-08-15,8100.5599999999995,7
TXN102345,Pokhara - Lakeside,Pokhara,2025-09-07,5134.42,8
TXN102346,Kathmandu - New Road,Kathmandu,2025-12-11,5574.3,13
TXN102347,Kathmandu - Kupondole,Kathmandu,2025-12-02,1003.1,3
TXN102348,Kathmandu - Kupondole,Kathmandu,2025-12-25,1303.14,3
TXN102349,Lalitpur - Pulchowk,Lalitpur,2025-03-02,5971.32,3
TXN102350,Kathmandu - Kupondole,Kathmandu,2025-09-03,7151.07,11
TXN102351,Pokhara - Lakeside,Pokhara,2025-08-18,5053.5,5
TXN102352,Pokhara - Lakeside,Pokhara,2025-10-17,7941.6900000000005,9
TXN102353,Kathmandu - Kupondole,Kathmandu,2025-08-17,3975.01,12
TXN102354,Pokhara - Lakeside,Pokhara,2025-05-16,3960.26,6
TXN102355,Kathmandu - New Road,Kathmandu,2025-02-09,908.5799999999999,4
TXN102356,Pokhara - Lakeside,Pokhara,2025-08-11,3562.3300000000004,6
TXN102357,Bhaktapur - Suryabinayak,Bhaktapur,2025-05-14,1113.72,6
TXN102358,Kathmandu - Kupondole,Kathmandu,2025-02-06,5874.78,2
TXN102359,Kathmandu - New Road,Kathmandu,2025-03-26,13236.240000000002,13
TXN102360,Pokhara - Lakeside,Pokhara,2025-05-31,9770.01,10
TXN102361,Biratnagar - Main Road,Biratnagar,2025-07-07,2552.6,4
TXN102362,Kathmandu - New Road,Kathmandu,2025-11-01,2188.9700000000003,7
TXN102363,Butwal - Traffic Chowk,Butwal,2025-12-09,6610.360000000001,8
TXN102364,Bhaktapur - Suryabinayak,Bhaktapur,2025-10-12,7118.8099999999995,9
TXN102365,Butwal - Traffic Chowk,Butwal,2025-11-06,2513.28,4
TXN102366,Butwal - Traffic Chowk,Butwal,2025-08-06,1313.24,2
TXN102367,Kathmandu - Kupondole,Kathmandu,2025-10-29,5476.59,10
TXN102368,Biratnagar - Main Road,Biratnagar,2025-05-17,4190.610000000001,6
TXN102369,Lalitpur - Pulchowk,Lalitpur,2025-04-13,627.5,2
TXN102370,Butwal - Traffic Chowk,Butwal,2025-06-18,6374.7699999999995,9
TXN102371,Kathmandu - Kupondole,Kathmandu,2025-09-15,10309.35,13
TXN102372,Lalitpur - Pulchowk,Lalitpur,2025-11-08,4716.82,13
TXN102373,Butwal - Traffic Chowk,Butwal,2025-03-11,529.09,1
TXN102374,Biratnagar - Main Road,Biratnagar,2025-09-16,2104.16,8
TXN102375,Lalitpur - Pulchowk,Lalitpur,2025-03-25,11669.369999999999,14
TXN102376,Kathmandu - Kupondole,Kathmandu,2025-02-17,5656.3,12
TXN102377,Pokhara - Lakeside,Pokhara,2025-10-26,3464.7200000000003,5
TXN102378,Kathmandu - Kupondole,Kathmandu,2025-06-19,2122.66,7
TXN102379,Kathmandu - Kupondole,Kathmandu,2025-11-06,294.22,2
TXN102380,Butwal - Traffic Chowk,Butwal,2025-06-23,1614.2,4
TXN102381,Pokhara - Lakeside,Pokhara,2025-02-03,7544.37,7
TXN102382,Kathmandu - New Road,Kathmandu,2025-12-24,4929.86,6
TXN102383,Butwal - Traffic Chowk,Butwal,2025-06-23,9455.380000000001,9
TXN102384,Lalitpur - Pulchowk,Lalitpur,2025-08-21,11432.86,10
TXN102385,Kathmandu - New Road,Kathmandu,2025-11-05,2399.75,3
TXN102386,Kathmandu - Kupondole,Kathmandu,2025-10-28,7841.040000000001,7
TXN102387,Butwal - Traffic Chowk,Butwal,2025-09-17,6812.780000000001,12
TXN102388,Lalitpur - Pulchowk,Lalitpur,2025-03-04,3219.69,6
TXN102389,Butwal - Traffic Chowk,Butwal,2025-11-30,4595.95,13
TXN102390,Pokhara - Lakeside,Pokhara,2025-04-26,8229.44,8
TXN102391,Butwal - Traffic Chowk,Butwal,2025-11-08,1159.25,5
TXN102392,Biratnagar - Main Road,Biratnagar,2025-04-10,11238.53,14
TXN102393,Kathmandu - New Road,Kathmandu,2025-05-18,4798.6,13
TXN102394,Biratnagar - Main Road,Biratnagar,2025-10-17,4453.89,10
TXN102395,Kathmandu - New Road,Kathmandu,2025-09-27,2824.85,14
TXN102396,Lalitpur - Pulchowk,Lalitpur,2025-11-13,3808.4799999999996,8
TXN102397,Lalitpur - Pulchowk,Lalitpur,2025-09-18,11142.779999999999,7
TXN102398,Butwal - Traffic Chowk,Butwal,2025-10-07,5596.610000000001,12
TXN102399,Butwal - Traffic Chowk,Butwal,2025-04-08,7749.36,9
TXN102400,Lalitpur - Pulchowk,Lalitpur,2025-06-02,448.26,2
TXN102401,Lalitpur - Pulchowk,Lalitpur,2025-04-25,2700.12,8
TXN102402,Butwal - Traffic Chowk,Butwal,2025-04-19,2278.74,3
TXN102403,Pokhara - Lakeside,Pokhara,2025-05-12,2427.2,7
TXN102404,Bhaktapur - Suryabinayak,Bhaktapur,2025-04-27,12001.029999999999,9
TXN102405,Lalitpur - Pulchowk,Lalitpur,2025-01-11,4917.91,11
TXN102406,Butwal - Traffic Chowk,Butwal,2025-11-12,4803.11,13
TXN102407,Bhaktapur - Suryabinayak,Bhaktapur,2025-04-16,930.63,3
TXN102408,Bhaktapur - Suryabinayak,Bhaktapur,2025-10-04,781.86,2
TXN102409,Butwal - Traffic Chowk,Butwal,2025-04-13,5813.049999999999,11
TXN102410,Kathmandu - New Road,Kathmandu,2025-09-04,8673.310000000001,11
TXN102411,Pokhara - Lakeside,Pokhara,2025-01-16,962.56,4
TXN102412,Bhaktapur - Suryabinayak,Bhaktapur,2025-08-25,2930.3,1
TXN102413,Butwal - Traffic Chowk,Butwal,2025-11-10,1425.96,5
TXN102414,Kathmandu - New Road,Kathmandu,2025-12-21,9756.720000000001,6
TXN102415,Butwal - Traffic Chowk,Butwal,2025-12-13,3432.45,3
TXN102416,Kathmandu - New Road,Kathmandu,2025-11-23,8620.43,11
TXN102417,Lalitpur - Pulchowk,Lalitpur,2025-02-12,2583.49,1
TXN102418,Bhaktapur - Suryabinayak,Bhaktapur,2025-10-03,1135.36,4
TXN102419,Lalitpur - Pulchowk,Lalitpur,2025-05-24,6860.96,11
TXN102420,Butwal - Traffic Chowk,Butwal,2025-09-01,683.36,5
TXN102421,Butwal - Traffic Chowk,Butwal,2025-11-14,1780.41,3
TXN102422,Lalitpur - Pulchowk,Lalitpur,2025-10-03,5085.8,11
TXN102423,Lalitpur - Pulchowk,Lalitpur,2025-11-29,3625.3300000000004,9
TXN102424,Pokhara - Lakeside,Pokhara,2025-12-12,1325.24,2
TXN102425,Kathmandu - Kupondole,Kathmandu,2025-09-30,1966.3999999999999,4
TXN102426,Lalitpur - Pulchowk,Lalitpur,2025-09-02,941.79,3
TXN102427,Lalitpur - Pulchowk,Lalitpur,2025-08-09,1477.52,4
TXN102428,Bhaktapur - Suryabinayak,Bhaktapur,2025-12-13,7051.29,9
TXN102429,Kathmandu - New Road,Kathmandu,2025-02-28,10915.0,16
TXN102430,Lalitpur - Pulchowk,Lalitpur,2025-08-07,5564.32,10
TXN102431,Butwal - Traffic Chowk,Butwal,2025-09-26,6335.070000000001,5
TXN102432,Kathmandu - New Road,Kathmandu,2025-06-14,10438.07,14
TXN102433,Pokhara - Lakeside,Pokhara,2025-04-17,7484.84,10
TXN102434,Lalitpur - Pulchowk,Lalitpur,2025-11-24,10590.769999999999,14
TXN102435,Kathmandu - Kupondole,Kathmandu,2025-09-30,3875.7,8
TXN102436,Bhaktapur - Suryabinayak,Bhaktapur,2025-04-21,9074.51,13
TXN102437,Chitwan - Bharatpur,Chitwan,2025-01-03,1809.08,5
TXN102438,Kathmandu - New Road,Kathmandu,2025-02-28,7090.69,7
TXN102439,Chitwan - Bharatpur,Chitwan,2025-05-07,2799.8,4
TXN102440,Butwal - Traffic Chowk,Butwal,2025-08-06,10947.45,12
TXN102441,Kathmandu - New Road,Kathmandu,2025-11-01,20418.58,14
TXN102442,Butwal - Traffic Chowk,Butwal,2025-04-11,1880.8500000000001,9
TXN102443,Kathmandu - New Road,Kathmandu,2025-09-17,2275.42,6
TXN102444,Kathmandu - Kupondole,Kathmandu,2025-11-22,6909.04,9
TXN102445,Biratnagar - Main Road,Biratnagar,2025-12-11,15788.01,10
TXN102446,Pokhara - Lakeside,Pokhara,2025-03-30,6606.41,13
TXN102447,Butwal - Traffic Chowk,Butwal,2025-07-17,4665.84,11
TXN102448,Butwal - Traffic Chowk,Butwal,2025-06-25,9067.400000000001,7
TXN102449,Pokhara - Lakeside,Pokhara,2025-11-13,7478.88,8
TXN102450,Kathmandu - Kupondole,Kathmandu,2025-03-05,9070.05,12
TXN102451,Pokhara - Lakeside,Pokhara,2025-10-10,6503.62,11
TXN102452,Chitwan - Bharatpur,Chitwan,2025-02-23,4440.099999999999,8
TXN102453,Pokhara - Lakeside,Pokhara,2025-06-01,812.28,3
TXN102454,Pokhara - Lakeside,Pokhara,2025-05-24,5808.860000000001,13
TXN102455,Kathmandu - New Road,Kathmandu,2025-06-19,176.28,4
TXN102456,Butwal - Traffic Chowk,Butwal,2025-09-08,4654.56,6
TXN102457,Pokhara - Lakeside,Pokhara,2025-11-13,1614.59,7
TXN102458,Butwal - Traffic Chowk,Butwal,2025-12-12,11647.71,13
TXN102459,Kathmandu - Kupondole,Kathmandu,2025-01-07,3348.07,3
TXN102460,Bhaktapur - Suryabinayak,Bhaktapur,2025-10-25,10711.16,7
TXN102461,Chitwan - Bharatpur,Chitwan,2025-04-04,11932.35,7
TXN102462,Butwal - Traffic Chowk,Butwal,2025-11-07,1871.1000000000001,4
TXN102463,Lalitpur - Pulchowk,Lalitpur,2025-09-11,1169.0,4
TXN102464,Pokhara - Lakeside,Pokhara,2025-11-04,2373.36,5
TXN102465,Pokhara - Lakeside,Pokhara,2025-10-03,2914.99,7
TXN102466,Kathmandu - Kupondole,Kathmandu,2025-11-19,2453.45,4
TXN102467,Lalitpur - Pulchowk,Lalitpur,2025-10-06,3501.6000000000004,9
TXN102468,Pokhara - Lakeside,Pokhara,2025-05-19,411.24,2
TXN102469,Kathmandu - New Road,Kathmandu,2025-04-04,4228.56,8
TXN102470,Lalitpur - Pulchowk,Lalitpur,2025-11-10,9697.939999999999,18
TXN102471,Biratnagar - Main Road,Biratnagar,2025-12-24,2633.73,9
TXN102472,Lalitpur - Pulchowk,Lalitpur,2025-04-10,11075.93,14
TXN102473,Pokhara - Lakeside,Pokhara,2025-11-11,7923.54,14
TXN102474,Kathmandu - Kupondole,Kathmandu,2025-10-20,5734.9,9
TXN102475,Lalitpur - Pulchowk,Lalitpur,2025-09-22,4809.7300000000005,6
TXN102476,Chitwan - Bharatpur,Chitwan,2025-03-18,1694.0900000000001,4
TXN102477,Kathmandu - New Road,Kathmandu,2025-09-11,2843.58,12
TXN102478,Bhaktapur - Suryabinayak,Bhaktapur,2025-07-22,1181.77,5
TXN102479,Kathmandu - New Road,Kathmandu,2025-11-12,3791.32,6
TXN102480,Kathmandu - Kupondole,Kathmandu,2025-03-04,3195.89,7
TXN102481,Lalitpur - Pulchowk,Lalitpur,2025-12-27,6523.34,10
TXN102482,Biratnagar - Main Road,Biratnagar,2025-09-30,6366.78,3
TXN102483,Bhaktapur - Suryabinayak,Bhaktapur,2025-05-18,423.5,1
TXN102484,Lalitpur - Pulchowk,Lalitpur,2025-12-16,4311.83,8
TXN102485,Butwal - Traffic Chowk,Butwal,2025-01-27,3986.21,12
TXN102486,Lalitpur - Pulchowk,Lalitpur,2025-10-10,234.16,1
TXN102487,Kathmandu - New Road,Kathmandu,2025-04-08,5045.3,15
TXN102488,Butwal - Traffic Chowk,Butwal,2025-08-29,10994.25,15
TXN102489,Butwal - Traffic Chowk,Butwal,2025-09-13,3254.43,8
TXN102490,Pokhara - Lakeside,Pokhara,2025-03-25,11531.279999999999,10
TXN102491,Chitwan - Bharatpur,Chitwan,2025-10-30,1288.13,4
TXN102492,Bhaktapur - Suryabinayak,Bhaktapur,2025-08-27,1942.9099999999999,11
TXN102493,Kathmandu - Kupondole,Kathmandu,2025-12-11,1854.47,5
TXN102494,Lalitpur - Pulchowk,Lalitpur,2025-05-21,15879.829999999998,9
TXN102495,Kathmandu - New Road,Kathmandu,2025-10-26,15740.48,13
TXN102496,Kathmandu - New Road,Kathmandu,2025-03-25,3011.5,6
TXN102497,Bhaktapur - Suryabinayak,Bhaktapur,2025-10-18,826.95,3
TXN102498,Lalitpur - Pulchowk,Lalitpur,2025-04-24,1870.7600000000002,5
TXN102499,Pokhara - Lakeside,Pokhara,2025-11-17,5186.0599999999995,9
TXN102500,Bhaktapur - Suryabinayak,Bhaktapur,2025-10-25,1166.69,5
TXN102501,Pokhara - Lakeside,Pokhara,2025-07-01,754.42,2
TXN102502,Lalitpur - Pulchowk,Lalitpur,2025-04-26,4434.73,7
TXN102503,Kathmandu - New Road,Kathmandu,2025-11-29,5108.12,4
TXN102504,Chitwan - Bharatpur,Chitwan,2025-10-30,2723.56,9
TXN102505,Lalitpur - Pulchowk,Lalitpur,2025-04-14,4498.54,2
TXN102506,Lalitpur - Pulchowk,Lalitpur,2025-10-18,999.18,3
TXN102507,Kathmandu - New Road,Kathmandu,2025-10-17,7046.450000000001,14
TXN102508,Chitwan - Bharatpur,Chitwan,2025-12-18,2925.8599999999997,5
TXN102509,Pokhara - Lakeside,Pokhara,2025-10-03,1813.1,2
TXN102510,Lalitpur - Pulchowk,Lalitpur,2025-03-07,1642.1599999999999,6
TXN102511,Lalitpur - Pulchowk,Lalitpur,2025-10-04,1509.5,3
TXN102512,Butwal - Traffic Chowk,Butwal,2025-09-20,7953.39,3
TXN102513,Kathmandu - Kupondole,Kathmandu,2025-09-07,5663.21,8
TXN102514,Bhaktapur - Suryabinayak,Bhaktapur,2025-12-26,4573.9,6
TXN102515,Pokhara - Lakeside,Pokhara,2025-11-14,3624.64,3
TXN102516,Lalitpur - Pulchowk,Lalitpur,2025-11-16,1588.4499999999998,5
TXN102517,Bhaktapur - Suryabinayak,Bhaktapur,2025-06-20,469.14,2
TXN102518,Bhaktapur - Suryabinayak,Bhaktapur,2025-04-02,7365.21,14
TXN102519,Lalitpur - Pulchowk,Lalitpur,2025-10-21,523.08,1
TXN102520,Kathmandu - New Road,Kathmandu,2025-10-24,4205.01,13
TXN102521,Bhaktapur - Suryabinayak,Bhaktapur,2025-08-31,4350.889999999999,15
TXN102522,Bhaktapur - Suryabinayak,Bhaktapur,2025-10-02,3044.67,11
TXN102523,Kathmandu - New Road,Kathmandu,2025-07-11,3564.2000000000003,8
TXN102524,Kathmandu - New Road,Kathmandu,2025-04-27,3328.38,8
TXN102525,Butwal - Traffic Chowk,Butwal,2025-01-23,5785.33,9
TXN102526,Chitwan - Bharatpur,Chitwan,2025-03-18,855.23,4
TXN102527,Chitwan - Bharatpur,Chitwan,2025-04-17,2899.8,12
TXN102528,Bhaktapur - Suryabinayak,Bhaktapur,2025-04-28,12889.56,17
TXN102529,Lalitpur - Pulchowk,Lalitpur,2025-08-13,15089.72,14
TXN102530,Pokhara - Lakeside,Pokhara,2025-09-29,5315.45,7
TXN102531,Pokhara - Lakeside,Pokhara,2025-11-06,4683.5199999999995,9
TXN102532,Chitwan - Bharatpur,Chitwan,2025-08-07,8188.02,8
TXN102533,Chitwan - Bharatpur,Chitwan,2025-10-11,7118.240000000001,10
TXN102534,Kathmandu - New Road,Kathmandu,2025-07-09,5575.2,14
TXN102535,Butwal - Traffic Chowk,Butwal,2025-12-26,13841.990000000002,11
TXN102536,Butwal - Traffic Chowk,Butwal,2025-10-27,3776.0699999999997,9
TXN102537,Chitwan - Bharatpur,Chitwan,2025-03-25,3655.1800000000003,11
TXN102538,Bhaktapur - Suryabinayak,Bhaktapur,2025-09-11,7240.64,12
TXN102539,Chitwan - Bharatpur,Chitwan,2025-05-07,2227.65,3
TXN102540,Butwal - Traffic Chowk,Butwal,2025-03-15,7475.33,11
TXN102541,Kathmandu - Kupondole,Kathmandu,2025-04-26,3039.37,9
TXN102542,Bhaktapur - Suryabinayak,Bhaktapur,2025-01-17,2344.21,9
TXN102543,Kathmandu - New Road,Kathmandu,2025-03-15,5473.4,6
TXN102544,Butwal - Traffic Chowk,Butwal,2025-10-25,2371.6400000000003,6
TXN102545,Pokhara - Lakeside,Pokhara,2025-11-30,2796.51,1
TXN102546,Butwal - Traffic Chowk,Butwal,2025-02-07,4297.96,9
TXN102547,Kathmandu - Kupondole,Kathmandu,2025-02-03,1561.06,6
TXN102548,Bhaktapur - Suryabinayak,Bhaktapur,2025-04-19,3021.2,6
TXN102549,Kathmandu - Kupondole,Kathmandu,2025-01-31,6382.27,10
TXN102550,Pokhara - Lakeside,Pokhara,2025-12-20,9371.869999999999,15
TXN102551,Kathmandu - Kupondole,Kathmandu,2025-05-16,3797.52,9
TXN102552,Butwal - Traffic Chowk,Butwal,2025-10-17,4837.54,11
TXN102553,Kathmandu - Kupondole,Kathmandu,2025-08-06,10179.69,3
TXN102554,Butwal - Traffic Chowk,Butwal,2025-01-23,943.3699999999999,5
TXN102555,Butwal - Traffic Chowk,Butwal,2025-06-27,4477.320000000001,5
TXN102556,Lalitpur - Pulchowk,Lalitpur,2025-05-18,8827.4,5
TXN102557,Butwal - Traffic Chowk,Butwal,2025-12-10,9742.26,13
TXN102558,Bhaktapur - Suryabinayak,Bhaktapur,2025-04-30,9894.34,15
TXN102559,Kathmandu - Kupondole,Kathmandu,2025-10-29,1096.76,4
TXN102560,Kathmandu - Kupondole,Kathmandu,2025-04-11,999.0799999999999,2
TXN102561,Pokhara - Lakeside,Pokhara,2025-12-09,1252.42,8
TXN102562,Lalitpur - Pulchowk,Lalitpur,2025-09-05,3769.4599999999996,10
TXN102563,Lalitpur - Pulchowk,Lalitpur,2025-02-13,13226.73,15
TXN102564,Pokhara - Lakeside,Pokhara,2025-11-24,8524.74,9
TXN102565,Kathmandu - New Road,Kathmandu,2025-01-20,11099.94,8
TXN102566,Kathmandu - New Road,Kathmandu,2025-12-09,11485.97,10
TXN102567,Pokhara - Lakeside,Pokhara,2025-11-16,11184.14,6
TXN102568,Kathmandu - Kupondole,Kathmandu,2025-09-30,8417.9,10
TXN102569,Butwal - Traffic Chowk,Butwal,2025-04-24,3185.13,12
TXN102570,Chitwan - Bharatpur,Chitwan,2025-04-24,6053.610000000001,13
TXN102571,Butwal - Traffic Chowk,Butwal,2025-06-22,10667.48,11
TXN102572,Butwal - Traffic Chowk,Butwal,2025-10-12,4810.450000000001,7
TXN102573,Butwal - Traffic Chowk,Butwal,2025-05-06,11537.6,18
TXN102574,Kathmandu - New Road,Kathmandu,2025-09-17,1781.12,2
TXN102575,Kathmandu - New Road,Kathmandu,2025-11-02,9773.529999999999,13
TXN102576,Butwal - Traffic Chowk,Butwal,2025-10-13,4803.73,11
TXN102577,Kathmandu - Kupondole,Kathmandu,2025-11-30,2602.92,3
TXN102578,Kathmandu - Kupondole,Kathmandu,2025-04-16,4265.66,12
TXN102579,Kathmandu - Kupondole,Kathmandu,2025-09-08,3280.36,8
TXN102580,Lalitpur - Pulchowk,Lalitpur,2025-01-10,1516.46,2
TXN102581,Kathmandu - Kupondole,Kathmandu,2025-12-13,8131.099999999999,5
TXN102582,Kathmandu - Kupondole,Kathmandu,2025-07-23,3643.5399999999995,11
TXN102583,Lalitpur - Pulchowk,Lalitpur,2025-05-06,1709.28,3
TXN102584,Lalitpur - Pulchowk,Lalitpur,2025-10-06,80.77,1
TXN102585,Kathmandu - Kupondole,Kathmandu,2025-11-30,6351.110000000001,9
TXN102586,Bhaktapur - Suryabinayak,Bhaktapur,2025-04-11,158.9,1
TXN102587,Bhaktapur - Suryabinayak,Bhaktapur,2025-04-24,3493.9,9
TXN102588,Kathmandu - Kupondole,Kathmandu,2025-09-20,1098.2,4
TXN102589,Pokhara - Lakeside,Pokhara,2025-09-09,12665.76,11
TXN102590,Bhaktapur - Suryabinayak,Bhaktapur,2025-02-03,8909.16,8
TXN102591,Butwal - Traffic Chowk,Butwal,2025-10-02,644.64,4
TXN102592,Lalitpur - Pulchowk,Lalitpur,2025-10-22,736.1199999999999,6
TXN102593,Pokhara - Lakeside,Pokhara,2025-09-05,3738.25,7
TXN102594,Biratnagar - Main Road,Biratnagar,2025-12-15,3876.48,3
TXN102595,Butwal - Traffic Chowk,Butwal,2025-04-02,1525.25,7
TXN102596,Chitwan - Bharatpur,Chitwan,2025-03-26,7790.830000000001,12
TXN102597,Kathmandu - Kupondole,Kathmandu,2025-12-20,3439.87,10
TXN102598,Bhaktapur - Suryabinayak,Bhaktapur,2025-01-19,6765.7699999999995,5
TXN102599,Bhaktapur - Suryabinayak,Bhaktapur,2025-10-24,1162.38,4
TXN102600,Lalitpur - Pulchowk,Lalitpur,2025-11-11,2165.79,7
TXN102601,Pokhara - Lakeside,Pokhara,2025-10-07,4497.33,9
TXN102602,Bhaktapur - Suryabinayak,Bhaktapur,2025-04-27,6410.94,5
TXN102603,Kathmandu - Kupondole,Kathmandu,2025-07-12,626.73,3
TXN102604,Butwal - Traffic Chowk,Butwal,2025-09-13,2003.68,2
TXN102605,Butwal - Traffic Chowk,Butwal,2025-04-30,10639.36,4
TXN102606,Chitwan - Bharatpur,Chitwan,2025-09-18,919.32,4
TXN102607,Bhaktapur - Suryabinayak,Bhaktapur,2025-04-16,1137.12,3
TXN102608,Biratnagar - Main Road,Biratnagar,2025-04-20,7525.33,8
TXN102609,Bhaktapur - Suryabinayak,Bhaktapur,2025-03-13,1067.97,5
TXN102610,Butwal - Traffic Chowk,Butwal,2025-09-02,5639.77,8
TXN102611,Kathmandu - Kupondole,Kathmandu,2025-10-29,4005.2200000000003,11
TXN102612,Pokhara - Lakeside,Pokhara,2025-06-26,8139.87,3
TXN102613,Pokhara - Lakeside,Pokhara,2025-08-07,6257.11,12
TXN102614,Kathmandu - Kupondole,Kathmandu,2025-07-16,850.41,3
TXN102615,Kathmandu - New Road,Kathmandu,2025-07-17,5118.12,7
TXN102616,Pokhara - Lakeside,Pokhara,2025-01-09,16538.38,11
TXN102617,Lalitpur - Pulchowk,Lalitpur,2025-02-10,3317.8599999999997,7
TXN102618,Butwal - Traffic Chowk,Butwal,2025-09-29,3465.46,5
TXN102619,Pokhara - Lakeside,Pokhara,2025-07-29,13908.36,13
TXN102620,Pokhara - Lakeside,Pokhara,2025-04-11,4578.43,5
TXN102621,Butwal - Traffic Chowk,Butwal,2025-10-02,9814.07,8
TXN102622,Butwal - Traffic Chowk,Butwal,2025-10-19,8539.99,11
TXN102623,Butwal - Traffic Chowk,Butwal,2025-04-10,5812.9800000000005,5
TXN102624,Biratnagar - Main Road,Biratnagar,2025-02-27,4831.1,12
TXN102625,Kathmandu - New Road,Kathmandu,2025-07-07,79.33,1
TXN102626,Kathmandu - Kupondole,Kathmandu,2025-05-28,7650.89,7
TXN102627,Kathmandu - Kupondole,Kathmandu,2025-10-27,7502.58,9
TXN102628,Bhaktapur - Suryabinayak,Bhaktapur,2025-09-11,2879.0699999999997,7
TXN102629,Pokhara - Lakeside,Pokhara,2025-06-19,9611.0,8
TXN102630,Bhaktapur - Suryabinayak,Bhaktapur,2025-12-07,4326.3,7
TXN102631,Butwal - Traffic Chowk,Butwal,2025-10-14,1974.06,2
TXN102632,Kathmandu - Kupondole,Kathmandu,2025-01-22,9596.900000000001,10
TXN102633,Kathmandu - Kupondole,Kathmandu,2025-12-20,6743.6900000000005,9
TXN102634,Pokhara - Lakeside,Pokhara,2025-04-02,11250.83,11
TXN102635,Pokhara - Lakeside,Pokhara,2025-09-01,819.65,5
TXN102636,Chitwan - Bharatpur,Chitwan,2025-03-07,10405.46,5
TXN102637,Butwal - Traffic Chowk,Butwal,2025-10-17,8250.0,13
TXN102638,Chitwan - Bharatpur,Chitwan,2025-11-03,6014.81,3
TXN102639,Butwal - Traffic Chowk,Butwal,2025-09-02,7099.860000000001,10
TXN102640,Kathmandu - Kupondole,Kathmandu,2025-03-01,14240.57,8
TXN102641,Kathmandu - Kupondole,Kathmandu,2025-09-16,6837.47,14
TXN102642,Kathmandu - Kupondole,Kathmandu,2025-09-09,528.0799999999999,2
TXN102643,Kathmandu - Kupondole,Kathmandu,2025-01-03,2300.53,2
TXN102644,Lalitpur - Pulchowk,Lalitpur,2025-10-22,3971.7000000000003,9
TXN102645,Kathmandu - Kupondole,Kathmandu,2025-02-02,9317.26,11
TXN102646,Bhaktapur - Suryabinayak,Bhaktapur,2025-10-27,6296.07,3
TXN102647,Kathmandu - New Road,Kathmandu,2025-08-26,5325.1,4
TXN102648,Kathmandu - Kupondole,Kathmandu,2025-01-06,1350.62,6
TXN102649,Pokhara - Lakeside,Pokhara,2025-12-07,1812.24,2
TXN102650,Lalitpur - Pulchowk,Lalitpur,2025-11-17,8220.849999999999,9
TXN102651,Bhaktapur - Suryabinayak,Bhaktapur,2025-12-21,9671.630000000001,16
TXN102652,Biratnagar - Main Road,Biratnagar,2025-07-18,998.97,6
TXN102653,Lalitpur - Pulchowk,Lalitpur,2025-03-26,1026.69,3
TXN102654,Kathmandu - Kupondole,Kathmandu,2025-10-02,1820.03,9
TXN102655,Lalitpur - Pulchowk,Lalitpur,2025-10-05,5929.08,12
TXN102656,Lalitpur - Pulchowk,Lalitpur,2025-11-29,5367.17,10
TXN102657,Butwal - Traffic Chowk,Butwal,2025-02-28,3860.05,3
TXN102658,Pokhara - Lakeside,Pokhara,2025-04-12,373.88,4
TXN102659,Bhaktapur - Suryabinayak,Bhaktapur,2025-10-05,12516.26,12
TXN102660,Biratnagar - Main Road,Biratnagar,2025-11-27,1343.37,3
TXN102661,Pokhara - Lakeside,Pokhara,2025-09-23,18142.73,11
TXN102662,Butwal - Traffic Chowk,Butwal,2025-07-06,2396.3199999999997,6
TXN102663,Pokhara - Lakeside,Pokhara,2025-07-21,609.5799999999999,4
TXN102664,Kathmandu - Kupondole,Kathmandu,2025-06-03,24468.239999999998,18
TXN102665,Lalitpur - Pulchowk,Lalitpur,2025-11-11,5925.7,9
TXN102666,Butwal - Traffic Chowk,Butwal,2025-11-24,1116.0,4
TXN102667,Kathmandu - Kupondole,Kathmandu,2025-12-14,392.26,2
TXN102668,Butwal - Traffic Chowk,Butwal,2025-11-23,1552.5,7
TXN102669,Butwal - Traffic Chowk,Butwal,2025-08-31,2226.1400000000003,6
TXN102670,Chitwan - Bharatpur,Chitwan,2025-03-21,9259.15,7
TXN102671,Bhaktapur - Suryabinayak,Bhaktapur,2025-12-28,2803.38,1
TXN102672,Kathmandu - New Road,Kathmandu,2025-08-13,2385.58,8
TXN102673,Kathmandu - Kupondole,Kathmandu,2025-03-01,3692.45,8
TXN102674,Kathmandu - Kupondole,Kathmandu,2025-05-02,7911.05,7
TXN102675,Kathmandu - New Road,Kathmandu,2025-05-01,2339.3199999999997,7
TXN102676,Biratnagar - Main Road,Biratnagar,2025-02-20,9762.85,16
TXN102677,Butwal - Traffic Chowk,Butwal,2025-09-25,3511.6899999999996,10
TXN102678,Pokhara - Lakeside,Pokhara,2025-10-24,1105.08,4
TXN102679,Pokhara - Lakeside,Pokhara,2025-10-11,7734.42,12
TXN102680,Lalitpur - Pulchowk,Lalitpur,2025-04-17,1828.28,5
TXN102681,Pokhara - Lakeside,Pokhara,2025-06-18,5056.860000000001,9
TXN102682,Chitwan - Bharatpur,Chitwan,2025-06-06,142.51,1
TXN102683,Kathmandu - New Road,Kathmandu,2025-01-03,1107.74,1
TXN102684,Biratnagar - Main Road,Biratnagar,2025-04-03,2445.64,6
TXN102685,Butwal - Traffic Chowk,Butwal,2025-10-07,2048.2,4
TXN102686,Chitwan - Bharatpur,Chitwan,2025-08-18,709.91,1
TXN102687,Lalitpur - Pulchowk,Lalitpur,2025-09-21,3208.74,6
TXN102688,Kathmandu - Kupondole,Kathmandu,2025-01-12,15056.58,8
TXN102689,Kathmandu - Kupondole,Kathmandu,2025-02-19,1995.17,3
TXN102690,Butwal - Traffic Chowk,Butwal,2025-06-08,5935.08,11
TXN102691,Bhaktapur - Suryabinayak,Bhaktapur,2025-11-09,4216.53,13
TXN102692,Bhaktapur - Suryabinayak,Bhaktapur,2025-04-01,7928.36,14
TXN102693,Kathmandu - New Road,Kathmandu,2025-04-26,8555.06,8
TXN102694,Pokhara - Lakeside,Pokhara,2025-08-11,544.23,3
TXN102695,Lalitpur - Pulchowk,Lalitpur,2025-11-03,4010.42,8
TXN102696,Butwal - Traffic Chowk,Butwal,2025-08-07,4576.49,12
TXN102697,Kathmandu - New Road,Kathmandu,2025-11-16,6007.28,11
TXN102698,Biratnagar - Main Road,Biratnagar,2025-10-08,5726.55,15
TXN102699,Biratnagar - Main Road,Biratnagar,2025-01-26,88.36,1
TXN102700,Kathmandu - Kupondole,Kathmandu,2025-10-06,505.52,4
TXN102701,Bhaktapur - Suryabinayak,Bhaktapur,2025-09-14,1252.98,2
TXN102702,Butwal - Traffic Chowk,Butwal,2025-11-08,3412.2,8
TXN102703,Kathmandu - New Road,Kathmandu,2025-08-22,7546.48,6
TXN102704,Bhaktapur - Suryabinayak,Bhaktapur,2025-03-18,583.36,4
TXN102705,Butwal - Traffic Chowk,Butwal,2025-11-19,843.22,4
TXN102706,Pokhara - Lakeside,Pokhara,2025-07-31,11987.77,14
TXN102707,Lalitpur - Pulchowk,Lalitpur,2025-01-22,989.17,3
TXN102708,Lalitpur - Pulchowk,Lalitpur,2025-06-04,6893.58,10
TXN102709,Lalitpur - Pulchowk,Lalitpur,2025-08-02,6924.07,10
TXN102710,Biratnagar - Main Road,Biratnagar,2025-11-17,3454.0,6
TXN102711,Bhaktapur - Suryabinayak,Bhaktapur,2025-05-19,9106.57,7
TXN102712,Kathmandu - Kupondole,Kathmandu,2025-03-28,15024.3,10
TXN102713,Butwal - Traffic Chowk,Butwal,2025-05-13,1166.1,5
TXN102714,Butwal - Traffic Chowk,Butwal,2025-06-08,338.82,1
TXN102715,Butwal - Traffic Chowk,Butwal,2025-09-23,619.79,4
TXN102716,Pokhara - Lakeside,Pokhara,2025-05-02,9564.53,9
TXN102717,Bhaktapur - Suryabinayak,Bhaktapur,2025-07-24,10799.44,8
TXN102718,Biratnagar - Main Road,Biratnagar,2025-02-08,2300.94,6
TXN102719,Kathmandu - New Road,Kathmandu,2025-05-27,6632.669999999999,11
TXN102720,Kathmandu - New Road,Kathmandu,2025-05-25,4226.41,12
TXN102721,Lalitpur - Pulchowk,Lalitpur,2025-08-16,5815.01,10
TXN102722,Kathmandu - Kupondole,Kathmandu,2025-10-31,2887.83,9
TXN102723,Kathmandu - Kupondole,Kathmandu,2025-06-25,12508.12,9
TXN102724,Lalitpur - Pulchowk,Lalitpur,2025-10-14,2073.04,7
TXN102725,Kathmandu - Kupondole,Kathmandu,2025-10-29,2020.66,5
TXN102726,Chitwan - Bharatpur,Chitwan,2025-10-07,1428.42,4
TXN102727,Kathmandu - New Road,Kathmandu,2025-02-22,7169.429999999999,4
TXN102728,Kathmandu - Kupondole,Kathmandu,2025-11-08,6369.42,10
TXN102729,Chitwan - Bharatpur,Chitwan,2025-05-28,509.75,1
TXN102730,Kathmandu - Kupondole,Kathmandu,2025-09-27,6845.9400000000005,12
TXN102731,Lalitpur - Pulchowk,Lalitpur,2025-10-12,6815.070000000001,7
TXN102732,Kathmandu - Kupondole,Kathmandu,2025-11-28,4756.62,5
TXN102733,Lalitpur - Pulchowk,Lalitpur,2025-04-23,2258.32,11
TXN102734,Lalitpur - Pulchowk,Lalitpur,2025-02-28,16344.9,12
TXN102735,Butwal - Traffic Chowk,Butwal,2025-03-21,7486.64,5
TXN102736,Kathmandu - New Road,Kathmandu,2025-07-30,2210.75,7
TXN102737,Lalitpur - Pulchowk,Lalitpur,2025-09-04,3427.19,9
TXN102738,Lalitpur - Pulchowk,Lalitpur,2025-02-22,1228.46,2
TXN102739,Butwal - Traffic Chowk,Butwal,2025-03-13,1139.32,2
TXN102740,Kathmandu - New Road,Kathmandu,2025-01-02,5376.04,13
TXN102741,Butwal - Traffic Chowk,Butwal,2025-09-05,6902.63,7
TXN102742,Pokhara - Lakeside,Pokhara,2025-09-27,13965.98,6
TXN102743,Kathmandu - New Road,Kathmandu,2025-04-12,8081.35,13
TXN102744,Butwal - Traffic Chowk,Butwal,2025-09-08,17139.69,11
TXN102745,Bhaktapur - Suryabinayak,Bhaktapur,2025-10-29,10495.04,16
TXN102746,Butwal - Traffic Chowk,Butwal,2025-03-11,6084.470000000001,8
TXN102747,Pokhara - Lakeside,Pokhara,2025-10-26,9422.44,7
TXN102748,Bhaktapur - Suryabinayak,Bhaktapur,2025-10-09,13354.0,4
TXN102749,Kathmandu - Kupondole,Kathmandu,2025-06-04,5344.22,7
TXN102750,Kathmandu - Kupondole,Kathmandu,2025-06-11,4311.280000000001,11
TXN102751,Kathmandu - Kupondole,Kathmandu,2025-01-29,5022.29,8
TXN102752,Lalitpur - Pulchowk,Lalitpur,2025-04-04,9452.46,8
TXN102753,Butwal - Traffic Chowk,Butwal,2025-05-10,8179.01,15
TXN102754,Pokhara - Lakeside,Pokhara,2025-04-15,5900.74,11
TXN102755,Butwal - Traffic Chowk,Butwal,2025-07-14,9227.640000000001,12
TXN102756,Pokhara - Lakeside,Pokhara,2025-10-12,1790.01,3
TXN102757,Kathmandu - New Road,Kathmandu,2025-04-14,5782.299999999999,6
TXN102758,Kathmandu - New Road,Kathmandu,2025-09-22,1734.73,8
TXN102759,Kathmandu - Kupondole,Kathmandu,2025-11-17,10832.57,11
TXN102760,Butwal - Traffic Chowk,Butwal,2025-06-25,9279.050000000001,6
TXN102761,Chitwan - Bharatpur,Chitwan,2025-01-26,23592.98,18
TXN102762,Kathmandu - Kupondole,Kathmandu,2025-01-01,2944.71,9
TXN102763,Bhaktapur - Suryabinayak,Bhaktapur,2025-02-17,7109.49,15
TXN102764,Lalitpur - Pulchowk,Lalitpur,2025-07-29,9408.64,12
TXN102765,Bhaktapur - Suryabinayak,Bhaktapur,2025-12-23,5088.54,13
TXN102766,Kathmandu - New Road,Kathmandu,2025-04-21,4989.77,15
TXN102767,Kathmandu - Kupondole,Kathmandu,2025-11-09,818.44,4
TXN102768,Bhaktapur - Suryabinayak,Bhaktapur,2025-09-10,2798.46,9
TXN102769,Bhaktapur - Suryabinayak,Bhaktapur,2025-06-03,1680.73,7
TXN102770,Pokhara - Lakeside,Pokhara,2025-07-21,10938.86,13
TXN102771,Kathmandu - New Road,Kathmandu,2025-09-20,3449.32,4
TXN102772,Kathmandu - New Road,Kathmandu,2025-02-18,306.94,1
TXN102773,Chitwan - Bharatpur,Chitwan,2025-09-12,8643.82,12
TXN102774,Kathmandu - New Road,Kathmandu,2025-08-06,12666.65,12
TXN102775,Kathmandu - New Road,Kathmandu,2025-01-16,5369.92,9
TXN102776,Bhaktapur - Suryabinayak,Bhaktapur,2025-03-28,1434.92,2
TXN102777,Chitwan - Bharatpur,Chitwan,2025-03-29,569.16,2
TXN102778,Chitwan - Bharatpur,Chitwan,2025-07-02,866.69,7
TXN102779,Bhaktapur - Suryabinayak,Bhaktapur,2025-09-13,6950.93,4
TXN102780,Lalitpur - Pulchowk,Lalitpur,2025-03-02,9771.79,13
TXN102781,Kathmandu - Kupondole,Kathmandu,2025-07-12,1673.17,2
TXN102782,Kathmandu - Kupondole,Kathmandu,2025-12-06,6970.59,13
TXN102783,Butwal - Traffic Chowk,Butwal,2025-04-05,372.34,2
TXN102784,Butwal - Traffic Chowk,Butwal,2025-02-22,2785.33,3
TXN102785,Kathmandu - New Road,Kathmandu,2025-04-17,2089.38,7
TXN102786,Kathmandu - Kupondole,Kathmandu,2025-10-09,14913.83,8
TXN102787,Kathmandu - New Road,Kathmandu,2025-11-01,1149.44,4
TXN102788,Bhaktapur - Suryabinayak,Bhaktapur,2025-07-18,3152.16,7
TXN102789,Kathmandu - New Road,Kathmandu,2025-12-05,6227.24,6
TXN102790,Butwal - Traffic Chowk,Butwal,2025-09-16,21044.88,15
TXN102791,Kathmandu - New Road,Kathmandu,2025-04-23,3784.6,9
TXN102792,Lalitpur - Pulchowk,Lalitpur,2025-10-14,11236.539999999999,9
TXN102793,Butwal - Traffic Chowk,Butwal,2025-09-22,3176.1400000000003,5
TXN102794,Lalitpur - Pulchowk,Lalitpur,2025-01-10,10643.1,10
TXN102795,Bhaktapur - Suryabinayak,Bhaktapur,2025-10-26,2940.4799999999996,11
TXN102796,Lalitpur - Pulchowk,Lalitpur,2025-11-04,5829.83,8
TXN102797,Butwal - Traffic Chowk,Butwal,2025-02-11,2980.9500000000003,8
TXN102798,Butwal - Traffic Chowk,Butwal,2025-02-10,2965.31,1
TXN102799,Kathmandu - Kupondole,Kathmandu,2025-12-18,1608.02,2
TXN102800,Bhaktapur - Suryabinayak,Bhaktapur,2025-07-15,6060.1,13
TXN102801,Kathmandu - New Road,Kathmandu,2025-02-15,11922.330000000002,12
TXN102802,Kathmandu - New Road,Kathmandu,2025-11-11,6559.04,4
TXN102803,Kathmandu - New Road,Kathmandu,2025-04-22,617.87,3
TXN102804,Lalitpur - Pulchowk,Lalitpur,2025-06-13,4919.96,10
TXN102805,Kathmandu - Kupondole,Kathmandu,2025-08-22,16402.34,15
TXN102806,Pokhara - Lakeside,Pokhara,2025-07-26,6342.0,6
TXN102807,Bhaktapur - Suryabinayak,Bhaktapur,2025-10-16,867.28,1
TXN102808,Kathmandu - Kupondole,Kathmandu,2025-05-25,2521.8100000000004,6
TXN102809,Pokhara - Lakeside,Pokhara,2025-10-18,13922.470000000001,12
TXN102810,Lalitpur - Pulchowk,Lalitpur,2025-07-25,5043.5199999999995,7
TXN102811,Kathmandu - New Road,Kathmandu,2025-10-15,15714.409999999998,14
TXN102812,Lalitpur - Pulchowk,Lalitpur,2025-11-06,10738.12,14
TXN102813,Chitwan - Bharatpur,Chitwan,2025-06-23,9363.12,12
TXN102814,Kathmandu - New Road,Kathmandu,2025-09-23,19041.54,11
TXN102815,Lalitpur - Pulchowk,Lalitpur,2025-03-01,12307.640000000001,7
TXN102816,Chitwan - Bharatpur,Chitwan,2025-07-22,1454.4,3
TXN102817,Kathmandu - Kupondole,Kathmandu,2025-03-06,8169.96,8
TXN102818,Butwal - Traffic Chowk,Butwal,2025-08-19,15043.810000000001,8
TXN102819,Bhaktapur - Suryabinayak,Bhaktapur,2025-12-17,5342.88,12
TXN102820,Bhaktapur - Suryabinayak,Bhaktapur,2025-10-27,4491.36,9
TXN102821,Lalitpur - Pulchowk,Lalitpur,2025-08-07,6114.009999999999,15
TXN102822,Biratnagar - Main Road,Biratnagar,2025-11-18,4940.42,8
TXN102823,Kathmandu - Kupondole,Kathmandu,2025-04-14,6069.22,6
TXN102824,Butwal - Traffic Chowk,Butwal,2025-07-16,8262.04,15
TXN102825,Bhaktapur - Suryabinayak,Bhaktapur,2025-04-08,901.77,3
TXN102826,Pokhara - Lakeside,Pokhara,2025-08-07,465.44,2
TXN102827,Lalitpur - Pulchowk,Lalitpur,2025-12-03,1279.23,3
TXN102828,Chitwan - Bharatpur,Chitwan,2025-11-18,16127.99,11
TXN102829,Kathmandu - Kupondole,Kathmandu,2025-06-05,13052.42,8
TXN102830,Kathmandu - Kupondole,Kathmandu,2025-09-05,3414.1,9
TXN102831,Butwal - Traffic Chowk,Butwal,2025-04-25,2705.8199999999997,9
TXN102832,Kathmandu - New Road,Kathmandu,2025-11-14,1199.7,2
TXN102833,Bhaktapur - Suryabinayak,Bhaktapur,2025-05-13,1165.32,3
TXN102834,Kathmandu - New Road,Kathmandu,2025-12-22,7810.4400000000005,4
TXN102835,Kathmandu - Kupondole,Kathmandu,2025-07-19,10772.42,10
TXN102836,Kathmandu - New Road,Kathmandu,2025-10-12,1354.48,4
TXN102837,Butwal - Traffic Chowk,Butwal,2025-01-16,597.18,2
TXN102838,Bhaktapur - Suryabinayak,Bhaktapur,2025-10-15,1359.81,7
TXN102839,Chitwan - Bharatpur,Chitwan,2025-04-23,4495.2,6
TXN102840,Kathmandu - New Road,Kathmandu,2025-03-01,3627.34,4
TXN102841,Bhaktapur - Suryabinayak,Bhaktapur,2025-11-08,912.24,3
TXN102842,Kathmandu - Kupondole,Kathmandu,2025-05-02,7336.62,17
TXN102843,Butwal - Traffic Chowk,Butwal,2025-04-27,8968.51,9
TXN102844,Butwal - Traffic Chowk,Butwal,2025-11-04,2022.69,6
TXN102845,Lalitpur - Pulchowk,Lalitpur,2025-09-06,2874.67,10
TXN102846,Kathmandu - Kupondole,Kathmandu,2025-03-03,9955.16,7
TXN102847,Bhaktapur - Suryabinayak,Bhaktapur,2025-10-02,1255.55,6
TXN102848,Biratnagar - Main Road,Biratnagar,2025-09-13,6896.26,9
TXN102849,Kathmandu - New Road,Kathmandu,2025-03-17,1278.32,4
TXN102850,Bhaktapur - Suryabinayak,Bhaktapur,2025-11-21,3159.3599999999997,4
TXN102851,Butwal - Traffic Chowk,Butwal,2025-03-03,3266.61,4
TXN102852,Kathmandu - Kupondole,Kathmandu,2025-04-15,3904.74,12
TXN102853,Chitwan - Bharatpur,Chitwan,2025-04-04,1264.47,3
TXN102854,Lalitpur - Pulchowk,Lalitpur,2025-11-04,11775.43,16
TXN102855,Bhaktapur - Suryabinayak,Bhaktapur,2025-01-04,10002.99,14
TXN102856,Bhaktapur - Suryabinayak,Bhaktapur,2025-09-02,1885.59,3
TXN102857,Kathmandu - New Road,Kathmandu,2025-05-07,3274.89,6
TXN102858,Pokhara - Lakeside,Pokhara,2025-12-08,9380.26,5
TXN102859,Lalitpur - Pulchowk,Lalitpur,2025-10-18,2132.43,3
TXN102860,Bhaktapur - Suryabinayak,Bhaktapur,2025-08-30,12603.22,10
TXN102861,Kathmandu - Kupondole,Kathmandu,2025-12-29,2517.66,3
TXN102862,Pokhara - Lakeside,Pokhara,2025-07-30,11308.07,10
TXN102863,Lalitpur - Pulchowk,Lalitpur,2025-12-14,9040.74,7
TXN102864,Butwal - Traffic Chowk,Butwal,2025-02-09,7822.47,9
TXN102865,Bhaktapur - Suryabinayak,Bhaktapur,2025-07-14,9599.24,9
TXN102866,Bhaktapur - Suryabinayak,Bhaktapur,2025-05-28,9110.29,8
TXN102867,Pokhara - Lakeside,Pokhara,2025-06-01,14503.2,15
TXN102868,Bhaktapur - Suryabinayak,Bhaktapur,2025-12-31,1788.27,7
TXN102869,Butwal - Traffic Chowk,Butwal,2025-12-25,6208.530000000001,8
TXN102870,Bhaktapur - Suryabinayak,Bhaktapur,2025-01-21,12656.849999999999,8
TXN102871,Bhaktapur - Suryabinayak,Bhaktapur,2025-04-11,2511.72,5
TXN102872,Bhaktapur - Suryabinayak,Bhaktapur,2025-09-15,16194.85,16
TXN102873,Biratnagar - Main Road,Biratnagar,2025-09-12,1589.3899999999999,5
TXN102874,Kathmandu - New Road,Kathmandu,2025-01-28,2766.21,3
TXN102875,Lalitpur - Pulchowk,Lalitpur,2025-08-03,2813.1,7
TXN102876,Kathmandu - New Road,Kathmandu,2025-10-15,6318.92,6
TXN102877,Kathmandu - Kupondole,Kathmandu,2025-11-29,11289.34,6
TXN102878,Pokhara - Lakeside,Pokhara,2025-08-31,5458.2699999999995,8
TXN102879,Butwal - Traffic Chowk,Butwal,2025-04-22,11034.14,14
TXN102880,Pokhara - Lakeside,Pokhara,2025-12-29,872.8699999999999,3
TXN102881,Kathmandu - Kupondole,Kathmandu,2025-07-26,136.52,1
TXN102882,Lalitpur - Pulchowk,Lalitpur,2025-01-23,4654.28,12
TXN102883,Butwal - Traffic Chowk,Butwal,2025-09-11,15446.62,12
TXN102884,Butwal - Traffic Chowk,Butwal,2025-06-25,11148.78,10
TXN102885,Kathmandu - New Road,Kathmandu,2025-07-09,1868.2800000000002,7
TXN102886,Biratnagar - Main Road,Biratnagar,2025-09-07,10048.23,11
TXN102887,Lalitpur - Pulchowk,Lalitpur,2025-03-16,16565.760000000002,12
TXN102888,Lalitpur - Pulchowk,Lalitpur,2025-07-23,9146.67,10
TXN102889,Chitwan - Bharatpur,Chitwan,2025-04-19,2327.65,10
TXN102890,Kathmandu - New Road,Kathmandu,2025-11-23,4543.83,6
TXN102891,Kathmandu - Kupondole,Kathmandu,2025-05-16,2229.32,4
TXN102892,Butwal - Traffic Chowk,Butwal,2025-09-06,6938.56,6
TXN102893,Kathmandu - Kupondole,Kathmandu,2025-11-18,4130.97,14
TXN102894,Butwal - Traffic Chowk,Butwal,2025-10-14,3170.9,2
TXN102895,Lalitpur - Pulchowk,Lalitpur,2025-01-28,2307.98,7
TXN102896,Bhaktapur - Suryabinayak,Bhaktapur,2025-04-12,5125.39,12
TXN102897,Biratnagar - Main Road,Biratnagar,2025-07-27,1517.47,5
TXN102898,Kathmandu - New Road,Kathmandu,2025-03-06,687.68,4
TXN102899,Lalitpur - Pulchowk,Lalitpur,2025-06-06,1114.66,7
TXN102900,Kathmandu - New Road,Kathmandu,2025-04-29,3855.35,8
TXN102901,Lalitpur - Pulchowk,Lalitpur,2025-03-20,10761.57,9
TXN102902,Pokhara - Lakeside,Pokhara,2025-10-15,231.74,1
TXN102903,Kathmandu - Kupondole,Kathmandu,2025-04-13,4970.389999999999,6
TXN102904,Lalitpur - Pulchowk,Lalitpur,2025-09-04,2996.78,1
TXN102905,Kathmandu - Kupondole,Kathmandu,2025-04-11,2424.46,4
TXN102906,Lalitpur - Pulchowk,Lalitpur,2025-10-11,5433.4,6
TXN102907,Kathmandu - New Road,Kathmandu,2025-12-15,3907.33,9
TXN102908,Lalitpur - Pulchowk,Lalitpur,2025-10-23,2800.45,12
TXN102909,Bhaktapur - Suryabinayak,Bhaktapur,2025-11-22,1780.55,7
TXN102910,Biratnagar - Main Road,Biratnagar,2025-04-18,1063.02,4
TXN102911,Kathmandu - New Road,Kathmandu,2025-08-10,4579.78,7
TXN102912,Butwal - Traffic Chowk,Butwal,2025-10-25,3802.69,7
TXN102913,Bhaktapur - Suryabinayak,Bhaktapur,2025-11-16,1702.01,6
TXN102914,Pokhara - Lakeside,Pokhara,2025-10-18,3943.4700000000003,11
TXN102915,Pokhara - Lakeside,Pokhara,2025-10-29,1094.62,1
TXN102916,Lalitpur - Pulchowk,Lalitpur,2025-06-28,3451.34,10
TXN102917,Pokhara - Lakeside,Pokhara,2025-09-06,12740.34,10
TXN102918,Butwal - Traffic Chowk,Butwal,2025-02-25,6173.41,9
TXN102919,Kathmandu - Kupondole,Kathmandu,2025-09-16,7687.85,7
TXN102920,Pokhara - Lakeside,Pokhara,2025-09-18,1566.62,6
TXN102921,Chitwan - Bharatpur,Chitwan,2025-07-07,4468.24,4
TXN102922,Biratnagar - Main Road,Biratnagar,2025-06-29,175.84,1
TXN102923,Chitwan - Bharatpur,Chitwan,2025-01-22,2277.08,12
TXN102924,Kathmandu - Kupondole,Kathmandu,2025-02-03,4335.62,4
TXN102925,Biratnagar - Main Road,Biratnagar,2025-04-18,3277.44,7
TXN102926,Butwal - Traffic Chowk,Butwal,2025-12-05,13927.93,11
TXN102927,Butwal - Traffic Chowk,Butwal,2025-11-06,2524.78,6
TXN102928,Lalitpur - Pulchowk,Lalitpur,2025-04-27,2230.8,5
TXN102929,Kathmandu - New Road,Kathmandu,2025-02-17,3660.04,8
TXN102930,Butwal - Traffic Chowk,Butwal,2025-04-18,2967.11,9
TXN102931,Lalitpur - Pulchowk,Lalitpur,2025-04-19,3253.46,6
TXN102932,Kathmandu - Kupondole,Kathmandu,2025-10-25,15716.0,7
TXN102933,Pokhara - Lakeside,Pokhara,2025-09-09,4066.88,9
TXN102934,Bhaktapur - Suryabinayak,Bhaktapur,2025-11-10,3995.55,3
TXN102935,Pokhara - Lakeside,Pokhara,2025-02-09,2849.0,7
TXN102936,Pokhara - Lakeside,Pokhara,2025-11-04,4534.76,2
TXN102937,Kathmandu - New Road,Kathmandu,2025-07-01,9734.46,8
TXN102938,Lalitpur - Pulchowk,Lalitpur,2025-10-24,3235.51,9
TXN102939,Biratnagar - Main Road,Biratnagar,2025-05-14,4509.599999999999,4
TXN102940,Pokhara - Lakeside,Pokhara,2025-07-22,662.49,1
TXN102941,Kathmandu - Kupondole,Kathmandu,2025-04-30,1772.45,6
TXN102942,Pokhara - Lakeside,Pokhara,2025-08-21,3968.97,9
TXN102943,Butwal - Traffic Chowk,Butwal,2025-10-05,13145.060000000001,15
TXN102944,Bhaktapur - Suryabinayak,Bhaktapur,2025-07-28,3632.87,9
TXN102945,Butwal - Traffic Chowk,Butwal,2025-02-21,3160.4599999999996,8
TXN102946,Kathmandu - Kupondole,Kathmandu,2025-09-30,2434.3,8
TXN102947,Butwal - Traffic Chowk,Butwal,2025-11-16,1235.57,4
TXN102948,Butwal - Traffic Chowk,Butwal,2025-09-06,814.1300000000001,4
TXN102949,Kathmandu - New Road,Kathmandu,2025-07-12,699.22,2
TXN102950,Bhaktapur - Suryabinayak,Bhaktapur,2025-05-10,9457.970000000001,7
TXN102951,Pokhara - Lakeside,Pokhara,2025-09-07,2782.98,3
TXN102952,Lalitpur - Pulchowk,Lalitpur,2025-05-12,2860.55,8
TXN102953,Kathmandu - New Road,Kathmandu,2025-11-17,1695.33,7
TXN102954,Bhaktapur - Suryabinayak,Bhaktapur,2025-09-09,2181.15,8
TXN102955,Butwal - Traffic Chowk,Butwal,2025-05-03,1822.24,4
TXN102956,Lalitpur - Pulchowk,Lalitpur,2025-05-18,976.72,2
TXN102957,Lalitpur - Pulchowk,Lalitpur,2025-10-26,20359.8,11
TXN102958,Pokhara - Lakeside,Pokhara,2025-05-15,5190.3,4
TXN102959,Kathmandu - Kupondole,Kathmandu,2025-09-28,5954.59,13
TXN102960,Butwal - Traffic Chowk,Butwal,2025-10-31,2348.22,1
TXN102961,Kathmandu - New Road,Kathmandu,2025-10-06,9811.62,8
TXN102962,Lalitpur - Pulchowk,Lalitpur,2025-11-10,2866.45,10
TXN102963,Butwal - Traffic Chowk,Butwal,2025-01-08,10087.64,4
TXN102964,Pokhara - Lakeside,Pokhara,2025-09-14,1962.1,7
TXN102965,Butwal - Traffic Chowk,Butwal,2025-09-07,1811.84,4
TXN102966,Bhaktapur - Suryabinayak,Bhaktapur,2025-11-14,17985.760000000002,10
TXN102967,Kathmandu - Kupondole,Kathmandu,2025-09-23,2599.92,10
TXN102968,Kathmandu - Kupondole,Kathmandu,2025-11-17,6616.31,11
TXN102969,Bhaktapur - Suryabinayak,Bhaktapur,2025-04-13,3444.29,9
TXN102970,Pokhara - Lakeside,Pokhara,2025-03-04,4582.67,5
TXN102971,Butwal - Traffic Chowk,Butwal,2025-05-11,5347.83,13
TXN102972,Pokhara - Lakeside,Pokhara,2025-09-05,5030.22,6
TXN102973,Kathmandu - Kupondole,Kathmandu,2025-04-26,913.75,8
TXN102974,Bhaktapur - Suryabinayak,Bhaktapur,2025-05-01,2669.46,3
TXN102975,Bhaktapur - Suryabinayak,Bhaktapur,2025-10-06,3224.56,4
TXN102976,Kathmandu - New Road,Kathmandu,2025-07-28,4811.14,10
TXN102977,Bhaktapur - Suryabinayak,Bhaktapur,2025-10-28,1675.98,3
TXN102978,Biratnagar - Main Road,Biratnagar,2025-07-20,6779.14,9
TXN102979,Pokhara - Lakeside,Pokhara,2025-06-10,402.87,3
TXN102980,Biratnagar - Main Road,Biratnagar,2025-02-03,13222.88,6
TXN102981,Lalitpur - Pulchowk,Lalitpur,2025-08-26,2297.91,3
TXN102982,Pokhara - Lakeside,Pokhara,2025-04-06,201.82,1
TXN102983,Bhaktapur - Suryabinayak,Bhaktapur,2025-10-03,5851.3099999999995,14
TXN102984,Kathmandu - Kupondole,Kathmandu,2025-09-04,799.4100000000001,3
TXN102985,Kathmandu - Kupondole,Kathmandu,2025-11-26,13401.310000000001,10
TXN102986,Lalitpur - Pulchowk,Lalitpur,2025-03-16,4704.55,5
TXN102987,Butwal - Traffic Chowk,Butwal,2025-05-17,12480.11,11
TXN102988,Lalitpur - Pulchowk,Lalitpur,2025-04-05,10732.300000000001,7
TXN102989,Lalitpur - Pulchowk,Lalitpur,2025-11-21,9265.07,13
TXN102990,Kathmandu - New Road,Kathmandu,2025-08-17,4402.05,6
TXN102991,Pokhara - Lakeside,Pokhara,2025-05-10,3511.65,11
TXN102992,Bhaktapur - Suryabinayak,Bhaktapur,2025-02-07,4626.8,10
TXN102993,Lalitpur - Pulchowk,Lalitpur,2025-09-05,3666.06,9
TXN102994,Butwal - Traffic Chowk,Butwal,2025-12-09,11684.48,9
TXN102995,Bhaktapur - Suryabinayak,Bhaktapur,2025-07-27,3446.18,6
TXN102996,Bhaktapur - Suryabinayak,Bhaktapur,2025-04-23,8177.8,9
TXN102997,Kathmandu - New Road,Kathmandu,2025-09-09,6212.86,12
TXN102998,Bhaktapur - Suryabinayak,Bhaktapur,2025-07-25,2774.65,1
TXN102999,Butwal - Traffic Chowk,Butwal,2025-08-20,1206.92,4
TXN103000,Butwal - Traffic Chowk,Butwal,2025-07-04,797.67,3
TXN103001,Butwal - Traffic Chowk,Butwal,2025-09-28,1919.55,5
TXN103002,Pokhara - Lakeside,Pokhara,2025-09-05,3606.94,13
TXN103003,Biratnagar - Main Road,Biratnagar,2025-03-08,5283.75,8
TXN103004,Butwal - Traffic Chowk,Butwal,2025-06-04,5424.610000000001,12
TXN103005,Butwal - Traffic Chowk,Butwal,2025-11-05,2870.2000000000003,11
TXN103006,Lalitpur - Pulchowk,Lalitpur,2025-12-26,2316.61,5
TXN103007,Kathmandu - Kupondole,Kathmandu,2025-10-10,2724.3,4
TXN103008,Kathmandu - New Road,Kathmandu,2025-04-09,4330.66,6
TXN103009,Pokhara - Lakeside,Pokhara,2025-06-26,1646.87,1
TXN103010,Kathmandu - Kupondole,Kathmandu,2025-06-20,679.83,3
TXN103011,Kathmandu - Kupondole,Kathmandu,2025-01-04,1197.59,3
TXN103012,Butwal - Traffic Chowk,Butwal,2025-03-05,2256.26,7
TXN103013,Kathmandu - Kupondole,Kathmandu,2025-11-14,5246.32,10
TXN103014,Lalitpur - Pulchowk,Lalitpur,2025-12-19,4296.81,9
TXN103015,Kathmandu - New Road,Kathmandu,2025-11-04,3143.27,10
TXN103016,Kathmandu - New Road,Kathmandu,2025-02-23,1154.38,1
TXN103017,Pokhara - Lakeside,Pokhara,2025-10-29,13219.79,10
TXN103018,Bhaktapur - Suryabinayak,Bhaktapur,2025-06-29,2735.07,7
TXN103019,Pokhara - Lakeside,Pokhara,2025-10-14,8433.62,8
TXN103020,Butwal - Traffic Chowk,Butwal,2025-04-23,292.67,1
TXN103021,Bhaktapur - Suryabinayak,Bhaktapur,2025-05-28,10036.32,6
TXN103022,Butwal - Traffic Chowk,Butwal,2025-06-10,463.68,4
TXN103023,Butwal - Traffic Chowk,Butwal,2025-11-29,17088.05,14
TXN103024,Pokhara - Lakeside,Pokhara,2025-07-13,12497.88,6
TXN103025,Lalitpur - Pulchowk,Lalitpur,2025-09-12,4826.58,12
TXN103026,Butwal - Traffic Chowk,Butwal,2025-04-11,3930.32,15
TXN103027,Pokhara - Lakeside,Pokhara,2025-08-03,249.29,1
TXN103028,Kathmandu - Kupondole,Kathmandu,2025-07-24,4087.0,8
TXN103029,Biratnagar - Main Road,Biratnagar,2025-11-17,3204.51,8
TXN103030,Lalitpur - Pulchowk,Lalitpur,2025-07-02,2946.49,5
TXN103031,Bhaktapur - Suryabinayak,Bhaktapur,2025-04-21,1367.64,3
TXN103032,Chitwan - Bharatpur,Chitwan,2025-11-12,6082.78,12
TXN103033,Biratnagar - Main Road,Biratnagar,2025-08-23,8622.92,10
TXN103034,Kathmandu - New Road,Kathmandu,2025-07-03,13399.7,8
TXN103035,Kathmandu - Kupondole,Kathmandu,2025-10-25,2187.54,3
TXN103036,Bhaktapur - Suryabinayak,Bhaktapur,2025-08-26,761.77,1
TXN103037,Kathmandu - New Road,Kathmandu,2025-03-26,8597.98,9
TXN103038,Bhaktapur - Suryabinayak,Bhaktapur,2025-09-02,4315.87,10
TXN103039,Butwal - Traffic Chowk,Butwal,2025-11-28,1707.3,6
TXN103040,Kathmandu - New Road,Kathmandu,2025-01-21,967.17,3
TXN103041,Kathmandu - Kupondole,Kathmandu,2025-01-22,5418.29,9
TXN103042,Chitwan - Bharatpur,Chitwan,2025-10-01,1537.94,3
TXN103043,Butwal - Traffic Chowk,Butwal,2025-09-26,2739.42,6
TXN103044,Kathmandu - New Road,Kathmandu,2025-11-11,2653.74,7
TXN103045,Bhaktapur - Suryabinayak,Bhaktapur,2025-10-12,5991.37,7
TXN103046,Kathmandu - Kupondole,Kathmandu,2025-05-18,4082.71,8
TXN103047,Bhaktapur - Suryabinayak,Bhaktapur,2025-06-27,1785.5,3
TXN103048,Bhaktapur - Suryabinayak,Bhaktapur,2025-02-19,4881.12,4
TXN103049,Kathmandu - New Road,Kathmandu,2025-09-28,4655.5599999999995,11
TXN103050,Pokhara - Lakeside,Pokhara,2025-07-21,6399.61,6
TXN103051,Butwal - Traffic Chowk,Butwal,2025-08-26,3572.04,10
TXN103052,Kathmandu - Kupondole,Kathmandu,2025-01-28,698.14,2
TXN103053,Bhaktapur - Suryabinayak,Bhaktapur,2025-09-11,16492.23,11
TXN103054,Lalitpur - Pulchowk,Lalitpur,2025-10-22,3822.79,5
TXN103055,Kathmandu - New Road,Kathmandu,2025-06-29,1227.75,4
TXN103056,Lalitpur - Pulchowk,Lalitpur,2025-06-16,3415.33,3
TXN103057,Kathmandu - Kupondole,Kathmandu,2025-11-22,3075.48,4
TXN103058,Lalitpur - Pulchowk,Lalitpur,2025-08-29,6551.8099999999995,14
TXN103059,Lalitpur - Pulchowk,Lalitpur,2025-01-27,7667.700000000001,15
TXN103060,Kathmandu - Kupondole,Kathmandu,2025-11-01,1360.32,3
TXN103061,Butwal - Traffic Chowk,Butwal,2025-10-16,4626.44,9
TXN103062,Pokhara - Lakeside,Pokhara,2025-12-25,13819.429999999998,14
TXN103063,Biratnagar - Main Road,Biratnagar,2025-12-29,1675.6,4
TXN103064,Biratnagar - Main Road,Biratnagar,2025-09-10,299.6,1
TXN103065,Kathmandu - New Road,Kathmandu,2025-04-19,6121.46,13
TXN103066,Kathmandu - Kupondole,Kathmandu,2025-09-11,16417.71,14
TXN103067,Pokhara - Lakeside,Pokhara,2025-11-03,1455.81,3
TXN103068,Bhaktapur - Suryabinayak,Bhaktapur,2025-07-23,5121.43,8
TXN103069,Biratnagar - Main Road,Biratnagar,2025-12-07,2028.16,4
TXN103070,Lalitpur - Pulchowk,Lalitpur,2025-11-17,7398.72,6
TXN103071,Kathmandu - New Road,Kathmandu,2025-09-28,199.74,3
TXN103072,Biratnagar - Main Road,Biratnagar,2025-09-28,3879.92,11
TXN103073,Bhaktapur - Suryabinayak,Bhaktapur,2025-03-16,251.26,1
TXN103074,Chitwan - Bharatpur,Chitwan,2025-06-08,1913.3,5
TXN103075,Kathmandu - New Road,Kathmandu,2025-04-18,2156.77,7
TXN103076,Kathmandu - Kupondole,Kathmandu,2025-10-02,1506.9299999999998,10
TXN103077,Kathmandu - Kupondole,Kathmandu,2025-03-19,10001.09,11
TXN103078,Chitwan - Bharatpur,Chitwan,2025-03-28,9166.99,14
TXN103079,Chitwan - Bharatpur,Chitwan,2025-11-05,4668.599999999999,10
TXN103080,Lalitpur - Pulchowk,Lalitpur,2025-08-04,10130.97,10
TXN103081,Kathmandu - New Road,Kathmandu,2025-12-31,11885.65,7
TXN103082,Bhaktapur - Suryabinayak,Bhaktapur,2025-02-03,2183.64,4
TXN103083,Pokhara - Lakeside,Pokhara,2025-11-22,3447.24,4
TXN103084,Kathmandu - Kupondole,Kathmandu,2025-08-29,2938.15,8
TXN103085,Butwal - Traffic Chowk,Butwal,2025-04-02,2903.85,4
TXN103086,Bhaktapur - Suryabinayak,Bhaktapur,2025-11-13,13882.3,18
TXN103087,Lalitpur - Pulchowk,Lalitpur,2025-08-07,12662.529999999999,10
TXN103088,Chitwan - Bharatpur,Chitwan,2025-01-19,3012.47,4
TXN103089,Kathmandu - New Road,Kathmandu,2025-09-10,5052.12,8
TXN103090,Biratnagar - Main Road,Biratnagar,2025-05-19,6307.18,13
TXN103091,Kathmandu - New Road,Kathmandu,2025-04-30,6092.74,10
TXN103092,Bhaktapur - Suryabinayak,Bhaktapur,2025-02-28,3866.52,12
TXN103093,Pokhara - Lakeside,Pokhara,2025-09-25,779.09,1
TXN103094,Chitwan - Bharatpur,Chitwan,2025-04-08,617.74,2
TXN103095,Pokhara - Lakeside,Pokhara,2025-05-01,4878.97,5
TXN103096,Bhaktapur - Suryabinayak,Bhaktapur,2025-12-05,4658.860000000001,9
TXN103097,Butwal - Traffic Chowk,Butwal,2025-12-11,10170.46,18
TXN103098,Pokhara - Lakeside,Pokhara,2025-12-17,14159.009999999998,14
TXN103099,Butwal - Traffic Chowk,Butwal,2025-02-22,6361.879999999999,12
TXN103100,Lalitpur - Pulchowk,Lalitpur,2025-03-17,5395.32,4
TXN103101,Kathmandu - Kupondole,Kathmandu,2025-04-30,3497.42,6
TXN103102,Kathmandu - New Road,Kathmandu,2025-06-07,2997.51,12
TXN103103,Lalitpur - Pulchowk,Lalitpur,2025-05-01,3168.2,4
TXN103104,Kathmandu - Kupondole,Kathmandu,2025-10-27,14093.95,9
TXN103105,Bhaktapur - Suryabinayak,Bhaktapur,2025-07-25,12877.61,11
TXN103106,Lalitpur - Pulchowk,Lalitpur,2025-10-26,4368.9400000000005,8
TXN103107,Lalitpur - Pulchowk,Lalitpur,2025-12-09,669.42,3
TXN103108,Lalitpur - Pulchowk,Lalitpur,2025-09-09,2482.58,6
TXN103109,Butwal - Traffic Chowk,Butwal,2025-12-16,2198.52,3
TXN103110,Bhaktapur - Suryabinayak,Bhaktapur,2025-06-27,3158.44,6
TXN103111,Chitwan - Bharatpur,Chitwan,2025-09-24,5888.78,2
TXN103112,Lalitpur - Pulchowk,Lalitpur,2025-09-10,7974.139999999999,8
TXN103113,Biratnagar - Main Road,Biratnagar,2025-07-24,10358.42,16
TXN103114,Butwal - Traffic Chowk,Butwal,2025-04-18,1548.64,4
TXN103115,Kathmandu - New Road,Kathmandu,2025-02-18,1050.5900000000001,5
TXN103116,Kathmandu - Kupondole,Kathmandu,2025-10-30,3355.46,10
TXN103117,Kathmandu - Kupondole,Kathmandu,2025-08-28,1476.4,4
TXN103118,Bhaktapur - Suryabinayak,Bhaktapur,2025-01-12,4666.65,13
TXN103119,Butwal - Traffic Chowk,Butwal,2025-10-09,7012.93,12
TXN103120,Pokhara - Lakeside,Pokhara,2025-02-06,16714.5,14
TXN103121,Kathmandu - New Road,Kathmandu,2025-08-13,4342.91,5
TXN103122,Lalitpur - Pulchowk,Lalitpur,2025-06-22,332.61,1
TXN103123,Kathmandu - Kupondole,Kathmandu,2025-07-31,733.06,1
TXN103124,Bhaktapur - Suryabinayak,Bhaktapur,2025-09-01,9886.64,13
TXN103125,Bhaktapur - Suryabinayak,Bhaktapur,2025-06-04,16661.25,13
TXN103126,Pokhara - Lakeside,Pokhara,2025-10-26,2529.55,4
TXN103127,Lalitpur - Pulchowk,Lalitpur,2025-09-18,5610.66,12
TXN103128,Chitwan - Bharatpur,Chitwan,2025-03-19,555.12,2
TXN103129,Bhaktapur - Suryabinayak,Bhaktapur,2025-09-14,3123.88,9
TXN103130,Kathmandu - New Road,Kathmandu,2025-10-02,1971.36,8
TXN103131,Kathmandu - Kupondole,Kathmandu,2025-12-15,2313.54,10
TXN103132,Butwal - Traffic Chowk,Butwal,2025-09-22,4704.79,10
TXN103133,Butwal - Traffic Chowk,Butwal,2025-09-23,1160.38,4
TXN103134,Kathmandu - Kupondole,Kathmandu,2025-02-26,2895.41,7
TXN103135,Butwal - Traffic Chowk,Butwal,2025-02-18,2383.95,6
TXN103136,Bhaktapur - Suryabinayak,Bhaktapur,2025-10-19,197.72,1
TXN103137,Kathmandu - Kupondole,Kathmandu,2025-10-12,5003.97,9
TXN103138,Lalitpur - Pulchowk,Lalitpur,2025-06-24,9079.92,9
TXN103139,Chitwan - Bharatpur,Chitwan,2025-09-06,4830.9,12
TXN103140,Bhaktapur - Suryabinayak,Bhaktapur,2025-11-06,12370.15,15
TXN103141,Kathmandu - Kupondole,Kathmandu,2025-07-21,10955.2,12
TXN103142,Butwal - Traffic Chowk,Butwal,2025-10-02,4130.32,2
TXN103143,Pokhara - Lakeside,Pokhara,2025-08-04,351.82,1
TXN103144,Lalitpur - Pulchowk,Lalitpur,2025-10-16,6526.41,7
TXN103145,Pokhara - Lakeside,Pokhara,2025-11-29,3788.8,8
TXN103146,Lalitpur - Pulchowk,Lalitpur,2025-07-29,2005.8600000000001,6
TXN103147,Bhaktapur - Suryabinayak,Bhaktapur,2025-04-26,10853.56,7
TXN103148,Butwal - Traffic Chowk,Butwal,2025-06-13,4777.96,4
TXN103149,Butwal - Traffic Chowk,Butwal,2025-07-03,5634.15,13
TXN103150,Kathmandu - Kupondole,Kathmandu,2025-11-28,10969.12,4
TXN103151,Kathmandu - New Road,Kathmandu,2025-07-27,1531.24,8
TXN103152,Butwal - Traffic Chowk,Butwal,2025-11-11,1080.74,1
TXN103153,Kathmandu - New Road,Kathmandu,2025-04-22,4990.78,7
TXN103154,Lalitpur - Pulchowk,Lalitpur,2025-10-25,3653.1800000000003,10
TXN103155,Kathmandu - New Road,Kathmandu,2025-10-22,3286.5,6
TXN103156,Lalitpur - Pulchowk,Lalitpur,2025-08-27,1303.72,4
TXN103157,Kathmandu - Kupondole,Kathmandu,2025-08-21,6660.69,7
TXN103158,Butwal - Traffic Chowk,Butwal,2025-10-24,8385.380000000001,10
TXN103159,Kathmandu - New Road,Kathmandu,2025-07-04,9683.25,14
TXN103160,Pokhara - Lakeside,Pokhara,2025-11-25,9760.55,11
TXN103161,Kathmandu - New Road,Kathmandu,2025-03-05,13577.02,6
TXN103162,Bhaktapur - Suryabinayak,Bhaktapur,2025-01-08,3589.7799999999997,5
TXN103163,Bhaktapur - Suryabinayak,Bhaktapur,2025-08-19,1079.29,2
TXN103164,Bhaktapur - Suryabinayak,Bhaktapur,2025-04-03,5243.42,8
TXN103165,Kathmandu - Kupondole,Kathmandu,2025-10-14,7005.990000000001,9
TXN103166,Bhaktapur - Suryabinayak,Bhaktapur,2025-01-07,2202.38,7
TXN103167,Butwal - Traffic Chowk,Butwal,2025-11-05,5553.3,12
TXN103168,Bhaktapur - Suryabinayak,Bhaktapur,2025-11-08,11627.21,7
TXN103169,Biratnagar - Main Road,Biratnagar,2025-10-14,1992.1299999999999,6
TXN103170,Kathmandu - New Road,Kathmandu,2025-10-27,1096.64,4
TXN103171,Butwal - Traffic Chowk,Butwal,2025-08-08,1933.29,9
TXN103172,Kathmandu - New Road,Kathmandu,2025-10-03,5229.4400000000005,15
TXN103173,Chitwan - Bharatpur,Chitwan,2025-11-27,13684.220000000001,17
TXN103174,Biratnagar - Main Road,Biratnagar,2025-02-13,13098.32,12
TXN103175,Kathmandu - Kupondole,Kathmandu,2025-11-21,2340.96,7
TXN103176,Kathmandu - New Road,Kathmandu,2025-05-21,4967.24,8
TXN103177,Kathmandu - New Road,Kathmandu,2025-02-24,10915.62,10
TXN103178,Kathmandu - Kupondole,Kathmandu,2025-01-01,2478.27,8
TXN103179,Pokhara - Lakeside,Pokhara,2025-01-10,6617.83,6
TXN103180,Kathmandu - New Road,Kathmandu,2025-04-03,3045.85,7
TXN103181,Butwal - Traffic Chowk,Butwal,2025-09-11,11906.710000000001,13
TXN103182,Bhaktapur - Suryabinayak,Bhaktapur,2025-09-02,998.69,6
TXN103183,Butwal - Traffic Chowk,Butwal,2025-05-01,557.8,4
TXN103184,Butwal - Traffic Chowk,Butwal,2025-02-16,1376.75,5
TXN103185,Kathmandu - New Road,Kathmandu,2025-11-14,10225.91,14
TXN103186,Lalitpur - Pulchowk,Lalitpur,2025-05-11,338.14,1
TXN103187,Lalitpur - Pulchowk,Lalitpur,2025-02-19,1674.6,4
TXN103188,Butwal - Traffic Chowk,Butwal,2025-09-04,1493.2600000000002,4
TXN103189,Butwal - Traffic Chowk,Butwal,2025-12-08,624.99,3
TXN103190,Bhaktapur - Suryabinayak,Bhaktapur,2025-11-25,6865.66,15
TXN103191,Chitwan - Bharatpur,Chitwan,2025-10-28,5409.53,7
TXN103192,Bhaktapur - Suryabinayak,Bhaktapur,2025-05-05,1858.32,9
TXN103193,Biratnagar - Main Road,Biratnagar,2025-10-18,7052.870000000001,11
TXN103194,Butwal - Traffic Chowk,Butwal,2025-06-30,6602.71,7
TXN103195,Butwal - Traffic Chowk,Butwal,2025-10-02,2014.38,3
TXN103196,Kathmandu - New Road,Kathmandu,2025-07-13,6051.9,13
TXN103197,Kathmandu - New Road,Kathmandu,2025-09-12,25810.75,15
TXN103198,Bhaktapur - Suryabinayak,Bhaktapur,2025-11-06,4145.65,15
TXN103199,Bhaktapur - Suryabinayak,Bhaktapur,2025-11-23,12188.89,10
TXN103200,Butwal - Traffic Chowk,Butwal,2025-08-18,3566.6,4
TXN103201,Biratnagar - Main Road,Biratnagar,2025-10-16,3768.98,9
TXN103202,Lalitpur - Pulchowk,Lalitpur,2025-01-07,6012.73,5
TXN103203,Lalitpur - Pulchowk,Lalitpur,2025-05-09,3056.44,9
TXN103204,Bhaktapur - Suryabinayak,Bhaktapur,2025-11-24,6662.4,8
TXN103205,Kathmandu - Kupondole,Kathmandu,2025-11-08,10998.99,11
TXN103206,Pokhara - Lakeside,Pokhara,2025-03-28,1294.84,1
TXN103207,Butwal - Traffic Chowk,Butwal,2025-02-04,12040.41,13
TXN103208,Biratnagar - Main Road,Biratnagar,2025-08-28,18588.16,13
TXN103209,Butwal - Traffic Chowk,Butwal,2025-11-29,187.6,2
TXN103210,Kathmandu - Kupondole,Kathmandu,2025-11-28,12027.54,12
TXN103211,Kathmandu - Kupondole,Kathmandu,2025-09-16,2719.68,7
TXN103212,Pokhara - Lakeside,Pokhara,2025-06-03,3178.39,4
TXN103213,Kathmandu - Kupondole,Kathmandu,2025-02-08,3300.15,6
TXN103214,Chitwan - Bharatpur,Chitwan,2025-07-15,16428.23,14
TXN103215,Lalitpur - Pulchowk,Lalitpur,2025-10-18,9128.29,10
TXN103216,Kathmandu - New Road,Kathmandu,2025-12-27,10167.82,15
TXN103217,Butwal - Traffic Chowk,Butwal,2025-09-26,807.1,4
TXN103218,Bhaktapur - Suryabinayak,Bhaktapur,2025-11-15,10223.24,9
TXN103219,Lalitpur - Pulchowk,Lalitpur,2025-09-28,2069.42,3
TXN103220,Lalitpur - Pulchowk,Lalitpur,2025-10-19,11869.13,17
TXN103221,Bhaktapur - Suryabinayak,Bhaktapur,2025-12-13,2375.56,4
TXN103222,Bhaktapur - Suryabinayak,Bhaktapur,2025-01-06,11380.6,12
TXN103223,Lalitpur - Pulchowk,Lalitpur,2025-10-29,18220.5,10
TXN103224,Bhaktapur - Suryabinayak,Bhaktapur,2025-10-09,1368.85,10
TXN103225,Pokhara - Lakeside,Pokhara,2025-10-20,990.62,2
TXN103226,Biratnagar - Main Road,Biratnagar,2025-09-04,7246.39,10
TXN103227,Pokhara - Lakeside,Pokhara,2025-06-09,1737.71,7
TXN103228,Bhaktapur - Suryabinayak,Bhaktapur,2025-11-16,3760.25,7
TXN103229,Bhaktapur - Suryabinayak,Bhaktapur,2025-08-05,12139.64,4
TXN103230,Kathmandu - New Road,Kathmandu,2025-11-30,4389.5599999999995,8
TXN103231,Butwal - Traffic Chowk,Butwal,2025-04-03,9544.27,6
TXN103232,Kathmandu - New Road,Kathmandu,2025-09-19,414.93,1
TXN103233,Kathmandu - New Road,Kathmandu,2025-10-27,18874.43,15
TXN103234,Lalitpur - Pulchowk,Lalitpur,2025-05-30,3681.7500000000005,9
TXN103235,Lalitpur - Pulchowk,Lalitpur,2025-06-18,673.58,4
TXN103236,Chitwan - Bharatpur,Chitwan,2025-10-09,9941.19,10
TXN103237,Bhaktapur - Suryabinayak,Bhaktapur,2025-08-14,8580.51,5
TXN103238,Kathmandu - Kupondole,Kathmandu,2025-10-08,3442.0599999999995,8
TXN103239,Chitwan - Bharatpur,Chitwan,2025-10-23,4471.63,8
TXN103240,Chitwan - Bharatpur,Chitwan,2025-01-19,6745.49,15
TXN103241,Kathmandu - Kupondole,Kathmandu,2025-10-02,2956.95,3
TXN103242,Pokhara - Lakeside,Pokhara,2025-08-30,18332.949999999997,16
TXN103243,Kathmandu - New Road,Kathmandu,2025-10-29,374.87,1
TXN103244,Pokhara - Lakeside,Pokhara,2025-06-24,3424.45,12
TXN103245,Butwal - Traffic Chowk,Butwal,2025-04-01,2877.0,8
TXN103246,Kathmandu - Kupondole,Kathmandu,2025-11-15,1619.2,4
TXN103247,Kathmandu - Kupondole,Kathmandu,2025-06-15,4972.49,10
TXN103248,Butwal - Traffic Chowk,Butwal,2025-08-17,2664.41,5
TXN103249,Pokhara - Lakeside,Pokhara,2025-11-15,975.6,5
TXN103250,Kathmandu - Kupondole,Kathmandu,2025-09-28,3558.4700000000003,7
TXN103251,Kathmandu - Kupondole,Kathmandu,2025-04-25,8377.25,9
TXN103252,Pokhara - Lakeside,Pokhara,2025-09-29,792.3800000000001,4
TXN103253,Bhaktapur - Suryabinayak,Bhaktapur,2025-11-17,7119.129999999999,12
TXN103254,Kathmandu - Kupondole,Kathmandu,2025-10-18,1003.64,1
TXN103255,Lalitpur - Pulchowk,Lalitpur,2025-09-23,426.29,1
TXN103256,Pokhara - Lakeside,Pokhara,2025-11-07,1933.06,4
TXN103257,Pokhara - Lakeside,Pokhara,2025-01-15,2456.04,5
TXN103258,Pokhara - Lakeside,Pokhara,2025-11-20,17199.84,16
TXN103259,Bhaktapur - Suryabinayak,Bhaktapur,2025-08-22,5324.55,13
TXN103260,Lalitpur - Pulchowk,Lalitpur,2025-11-03,8179.49,8
TXN103261,Butwal - Traffic Chowk,Butwal,2025-12-12,1954.35,9
TXN103262,Pokhara - Lakeside,Pokhara,2025-09-03,1199.1,3
TXN103263,Butwal - Traffic Chowk,Butwal,2025-07-16,3122.12,3
TXN103264,Kathmandu - New Road,Kathmandu,2025-11-10,3343.4,4
TXN103265,Kathmandu - New Road,Kathmandu,2025-12-16,12583.02,9
TXN103266,Kathmandu - New Road,Kathmandu,2025-10-07,5564.49,12
TXN103267,Kathmandu - Kupondole,Kathmandu,2025-10-26,19806.46,17
TXN103268,Lalitpur - Pulchowk,Lalitpur,2025-09-15,2384.18,2
TXN103269,Chitwan - Bharatpur,Chitwan,2025-04-24,1543.78,2
TXN103270,Butwal - Traffic Chowk,Butwal,2025-05-20,258.7,2
TXN103271,Pokhara - Lakeside,Pokhara,2025-09-21,4162.96,6
TXN103272,Butwal - Traffic Chowk,Butwal,2025-10-28,3985.75,7
TXN103273,Kathmandu - Kupondole,Kathmandu,2025-04-07,1762.81,8
TXN103274,Kathmandu - New Road,Kathmandu,2025-05-21,2947.76,6
TXN103275,Butwal - Traffic Chowk,Butwal,2025-10-22,120.59,1
TXN103276,Biratnagar - Main Road,Biratnagar,2025-01-02,2676.12,7
TXN103277,Pokhara - Lakeside,Pokhara,2025-08-20,2697.99,6
TXN103278,Lalitpur - Pulchowk,Lalitpur,2025-09-19,7797.3099999999995,4
TXN103279,Kathmandu - Kupondole,Kathmandu,2025-01-18,10612.66,6
TXN103280,Kathmandu - New Road,Kathmandu,2025-04-04,184.04,1
TXN103281,Pokhara - Lakeside,Pokhara,2025-11-19,1929.13,4
TXN103282,Butwal - Traffic Chowk,Butwal,2025-03-07,3914.31,11
TXN103283,Chitwan - Bharatpur,Chitwan,2025-11-25,286.98,1
TXN103284,Kathmandu - Kupondole,Kathmandu,2025-11-07,7156.68,17
TXN103285,Lalitpur - Pulchowk,Lalitpur,2025-05-29,4069.78,10
TXN103286,Bhaktapur - Suryabinayak,Bhaktapur,2025-07-04,1582.0,4
TXN103287,Butwal - Traffic Chowk,Butwal,2025-12-12,4430.45,10
TXN103288,Pokhara - Lakeside,Pokhara,2025-10-25,347.44,1
TXN103289,Kathmandu - Kupondole,Kathmandu,2025-10-13,7793.1900000000005,8
TXN103290,Butwal - Traffic Chowk,Butwal,2025-01-10,14877.03,17
TXN103291,Bhaktapur - Suryabinayak,Bhaktapur,2025-11-24,2073.25,8
TXN103292,Kathmandu - New Road,Kathmandu,2025-07-18,826.09,1
TXN103293,Kathmandu - New Road,Kathmandu,2025-11-10,3231.11,11
TXN103294,Lalitpur - Pulchowk,Lalitpur,2025-09-20,415.16,4
TXN103295,Kathmandu - New Road,Kathmandu,2025-09-25,4041.34,5
TXN103296,Biratnagar - Main Road,Biratnagar,2025-11-09,12268.68,14
TXN103297,Butwal - Traffic Chowk,Butwal,2025-09-17,4160.58,4
TXN103298,Butwal - Traffic Chowk,Butwal,2025-09-28,9499.380000000001,13
TXN103299,Pokhara - Lakeside,Pokhara,2025-08-08,655.82,1
TXN103300,Kathmandu - New Road,Kathmandu,2025-07-25,2818.7,7
TXN103301,Butwal - Traffic Chowk,Butwal,2025-03-29,5284.91,8
TXN103302,Bhaktapur - Suryabinayak,Bhaktapur,2025-03-14,5872.0,11
TXN103303,Kathmandu - Kupondole,Kathmandu,2025-11-16,1252.22,2
TXN103304,Kathmandu - Kupondole,Kathmandu,2025-02-25,4653.780000000001,7
TXN103305,Kathmandu - Kupondole,Kathmandu,2025-03-13,4772.28,3
TXN103306,Kathmandu - Kupondole,Kathmandu,2025-12-14,11329.13,12
TXN103307,Butwal - Traffic Chowk,Butwal,2025-10-09,2877.09,6
TXN103308,Bhaktapur - Suryabinayak,Bhaktapur,2025-06-25,3374.58,10
TXN103309,Bhaktapur - Suryabinayak,Bhaktapur,2025-09-09,3103.24,14
TXN103310,Kathmandu - Kupondole,Kathmandu,2025-09-19,10228.62,10
TXN103311,Lalitpur - Pulchowk,Lalitpur,2025-03-17,4500.7300000000005,13
TXN103312,Chitwan - Bharatpur,Chitwan,2025-12-25,759.42,3
TXN103313,Bhaktapur - Suryabinayak,Bhaktapur,2025-11-29,7507.53,5
TXN103314,Biratnagar - Main Road,Biratnagar,2025-05-26,5125.13,15
TXN103315,Kathmandu - Kupondole,Kathmandu,2025-09-03,5782.4400000000005,13
TXN103316,Pokhara - Lakeside,Pokhara,2025-09-23,6224.43,13
TXN103317,Kathmandu - Kupondole,Kathmandu,2025-05-25,13212.14,8
TXN103318,Kathmandu - Kupondole,Kathmandu,2025-12-16,1260.03,3
TXN103319,Kathmandu - New Road,Kathmandu,2025-11-04,7238.23,15
TXN103320,Butwal - Traffic Chowk,Butwal,2025-09-07,2736.51,4
TXN103321,Lalitpur - Pulchowk,Lalitpur,2025-06-03,1700.7199999999998,4
TXN103322,Lalitpur - Pulchowk,Lalitpur,2025-11-17,4563.88,10
TXN103323,Chitwan - Bharatpur,Chitwan,2025-05-03,2082.36,9
TXN103324,Biratnagar - Main Road,Biratnagar,2025-08-19,454.58,1
TXN103325,Kathmandu - New Road,Kathmandu,2025-02-04,7198.27,9
TXN103326,Pokhara - Lakeside,Pokhara,2025-10-12,3329.26,11
TXN103327,Biratnagar - Main Road,Biratnagar,2025-07-25,12629.31,9
TXN103328,Chitwan - Bharatpur,Chitwan,2025-07-04,5856.36,4
TXN103329,Kathmandu - Kupondole,Kathmandu,2025-04-27,1590.38,2
TXN103330,Kathmandu - Kupondole,Kathmandu,2025-12-21,9826.67,9
TXN103331,Kathmandu - Kupondole,Kathmandu,2025-02-23,3956.51,8
TXN103332,Kathmandu - Kupondole,Kathmandu,2025-04-16,9165.369999999999,10
TXN103333,Kathmandu - Kupondole,Kathmandu,2025-09-09,299.76,3
TXN103334,Bhaktapur - Suryabinayak,Bhaktapur,2025-01-09,12054.95,11
TXN103335,Lalitpur - Pulchowk,Lalitpur,2025-10-21,4301.2,9
TXN103336,Bhaktapur - Suryabinayak,Bhaktapur,2025-04-22,2400.2,5
TXN103337,Butwal - Traffic Chowk,Butwal,2025-09-11,4825.65,10
TXN103338,Butwal - Traffic Chowk,Butwal,2025-05-02,851.38,2
TXN103339,Pokhara - Lakeside,Pokhara,2025-10-06,4567.64,12
TXN103340,Butwal - Traffic Chowk,Butwal,2025-08-01,852.66,1
TXN103341,Chitwan - Bharatpur,Chitwan,2025-06-16,8282.13,14
TXN103342,Bhaktapur - Suryabinayak,Bhaktapur,2025-02-18,3129.28,4
TXN103343,Kathmandu - New Road,Kathmandu,2025-12-30,418.17,1
TXN103344,Bhaktapur - Suryabinayak,Bhaktapur,2025-07-13,159.92,2
TXN103345,Lalitpur - Pulchowk,Lalitpur,2025-07-28,8356.98,15
TXN103346,Kathmandu - New Road,Kathmandu,2025-11-12,13975.3,7
TXN103347,Butwal - Traffic Chowk,Butwal,2025-07-21,684.53,5
TXN103348,Kathmandu - New Road,Kathmandu,2025-10-23,172.75,1
TXN103349,Kathmandu - Kupondole,Kathmandu,2025-12-14,3180.32,2
TXN103350,Chitwan - Bharatpur,Chitwan,2025-04-17,1218.0600000000002,3
TXN103351,Butwal - Traffic Chowk,Butwal,2025-12-07,6511.3,10
TXN103352,Lalitpur - Pulchowk,Lalitpur,2025-09-22,7272.93,16
TXN103353,Butwal - Traffic Chowk,Butwal,2025-11-18,20144.86,13
TXN103354,Kathmandu - Kupondole,Kathmandu,2025-09-30,2076.96,3
TXN103355,Bhaktapur - Suryabinayak,Bhaktapur,2025-09-29,1028.26,4
TXN103356,Kathmandu - Kupondole,Kathmandu,2025-09-15,10234.060000000001,13
TXN103357,Bhaktapur - Suryabinayak,Bhaktapur,2025-10-10,11663.74,8
TXN103358,Lalitpur - Pulchowk,Lalitpur,2025-01-02,2155.2400000000002,5
TXN103359,Kathmandu - Kupondole,Kathmandu,2025-01-07,10292.7,14
TXN103360,Kathmandu - Kupondole,Kathmandu,2025-04-15,341.9,1
TXN103361,Kathmandu - New Road,Kathmandu,2025-04-13,1695.93,3
TXN103362,Kathmandu - New Road,Kathmandu,2025-01-29,2433.36,1
TXN103363,Butwal - Traffic Chowk,Butwal,2025-08-11,528.56,4
TXN103364,Chitwan - Bharatpur,Chitwan,2025-12-10,3962.44,5
TXN103365,Butwal - Traffic Chowk,Butwal,2025-06-05,6410.46,11
TXN103366,Kathmandu - New Road,Kathmandu,2025-11-21,1850.85,6
TXN103367,Butwal - Traffic Chowk,Butwal,2025-10-07,3159.2,9
TXN103368,Chitwan - Bharatpur,Chitwan,2025-12-11,5421.0,8
TXN103369,Kathmandu - Kupondole,Kathmandu,2025-01-23,4208.889999999999,3
TXN103370,Bhaktapur - Suryabinayak,Bhaktapur,2025-10-07,569.7,3
TXN103371,Bhaktapur - Suryabinayak,Bhaktapur,2025-11-26,3477.38,2
TXN103372,Kathmandu - Kupondole,Kathmandu,2025-11-26,4474.76,7
TXN103373,Lalitpur - Pulchowk,Lalitpur,2025-05-10,1808.38,6
TXN103374,Biratnagar - Main Road,Biratnagar,2025-11-10,298.24,1
TXN103375,Lalitpur - Pulchowk,Lalitpur,2025-11-07,319.15,3
TXN103376,Kathmandu - Kupondole,Kathmandu,2025-11-11,9705.99,8
TXN103377,Kathmandu - Kupondole,Kathmandu,2025-10-23,343.96,4
TXN103378,Kathmandu - Kupondole,Kathmandu,2025-04-12,227.95,1
TXN103379,Kathmandu - Kupondole,Kathmandu,2025-03-26,3981.15,12
TXN103380,Bhaktapur - Suryabinayak,Bhaktapur,2025-10-14,10500.39,6
TXN103381,Kathmandu - New Road,Kathmandu,2025-08-18,2598.27,3
TXN103382,Kathmandu - New Road,Kathmandu,2025-05-21,4090.87,12
TXN103383,Butwal - Traffic Chowk,Butwal,2025-03-02,1580.7199999999998,4
TXN103384,Kathmandu - Kupondole,Kathmandu,2025-04-21,2807.34,4
TXN103385,Bhaktapur - Suryabinayak,Bhaktapur,2025-07-14,6416.39,8
TXN103386,Kathmandu - Kupondole,Kathmandu,2025-04-25,8217.67,6
TXN103387,Kathmandu - Kupondole,Kathmandu,2025-08-06,7078.72,6
TXN103388,Pokhara - Lakeside,Pokhara,2025-04-26,9104.380000000001,4
TXN103389,Kathmandu - Kupondole,Kathmandu,2025-07-20,6253.620000000001,7
TXN103390,Butwal - Traffic Chowk,Butwal,2025-11-12,5334.6,4
TXN103391,Butwal - Traffic Chowk,Butwal,2025-03-18,5686.74,8
TXN103392,Bhaktapur - Suryabinayak,Bhaktapur,2025-06-16,19170.2,14
TXN103393,Kathmandu - New Road,Kathmandu,2025-08-24,5684.62,9
TXN103394,Lalitpur - Pulchowk,Lalitpur,2025-10-16,9052.06,11
TXN103395,Bhaktapur - Suryabinayak,Bhaktapur,2025-09-11,4585.79,11
TXN103396,Pokhara - Lakeside,Pokhara,2025-12-17,3508.28,4
TXN103397,Butwal - Traffic Chowk,Butwal,2025-12-29,11166.189999999999,8
TXN103398,Biratnagar - Main Road,Biratnagar,2025-07-07,2355.36,4
TXN103399,Bhaktapur - Suryabinayak,Bhaktapur,2025-12-01,14273.27,13
TXN103400,Lalitpur - Pulchowk,Lalitpur,2025-10-08,3675.08,4
TXN103401,Kathmandu - Kupondole,Kathmandu,2025-11-19,9010.86,10
TXN103402,Bhaktapur - Suryabinayak,Bhaktapur,2025-07-16,3915.23,6
TXN103403,Kathmandu - Kupondole,Kathmandu,2025-09-05,2204.67,8
TXN103404,Lalitpur - Pulchowk,Lalitpur,2025-09-15,1799.69,5
TXN103405,Biratnagar - Main Road,Biratnagar,2025-09-20,1540.6100000000001,6
TXN103406,Kathmandu - Kupondole,Kathmandu,2025-06-19,11015.77,15
TXN103407,Butwal - Traffic Chowk,Butwal,2025-09-28,1387.56,3
TXN103408,Bhaktapur - Suryabinayak,Bhaktapur,2025-03-02,10813.72,7
TXN103409,Lalitpur - Pulchowk,Lalitpur,2025-01-15,5201.63,10
TXN103410,Biratnagar - Main Road,Biratnagar,2025-11-15,7740.410000000001,13
TXN103411,Pokhara - Lakeside,Pokhara,2025-05-31,2595.56,1
TXN103412,Kathmandu - New Road,Kathmandu,2025-04-01,1657.45,3
TXN103413,Bhaktapur - Suryabinayak,Bhaktapur,2025-10-01,5107.01,11
TXN103414,Bhaktapur - Suryabinayak,Bhaktapur,2025-06-03,3257.12,7
TXN103415,Kathmandu - Kupondole,Kathmandu,2025-12-15,1086.6299999999999,6
TXN103416,Pokhara - Lakeside,Pokhara,2025-02-08,1742.28,5
TXN103417,Lalitpur - Pulchowk,Lalitpur,2025-10-09,1787.05,5
TXN103418,Kathmandu - Kupondole,Kathmandu,2025-09-02,884.81,4
TXN103419,Pokhara - Lakeside,Pokhara,2025-10-06,5968.32,14
TXN103420,Kathmandu - New Road,Kathmandu,2025-12-18,7157.74,12
TXN103421,Pokhara - Lakeside,Pokhara,2025-08-23,2566.82,11
TXN103422,Lalitpur - Pulchowk,Lalitpur,2025-10-27,6210.7,10
TXN103423,Butwal - Traffic Chowk,Butwal,2025-01-07,5863.9400000000005,8
TXN103424,Kathmandu - Kupondole,Kathmandu,2025-03-01,5861.110000000001,11
TXN103425,Bhaktapur - Suryabinayak,Bhaktapur,2025-04-09,4605.77,9
TXN103426,Bhaktapur - Suryabinayak,Bhaktapur,2025-02-06,9618.75,11
TXN103427,Chitwan - Bharatpur,Chitwan,2025-05-07,207.45,1
TXN103428,Butwal - Traffic Chowk,Butwal,2025-04-10,1172.14,7
TXN103429,Bhaktapur - Suryabinayak,Bhaktapur,2025-08-30,3577.9799999999996,6
TXN103430,Kathmandu - Kupondole,Kathmandu,2025-07-28,3851.11,8
TXN103431,Butwal - Traffic Chowk,Butwal,2025-12-18,3230.81,10
TXN103432,Kathmandu - New Road,Kathmandu,2025-01-28,8586.68,16
TXN103433,Bhaktapur - Suryabinayak,Bhaktapur,2025-05-07,7301.22,11
TXN103434,Kathmandu - New Road,Kathmandu,2025-08-28,11668.01,9
TXN103435,Kathmandu - New Road,Kathmandu,2025-01-17,5685.88,2
TXN103436,Bhaktapur - Suryabinayak,Bhaktapur,2025-04-02,913.4,4
TXN103437,Butwal - Traffic Chowk,Butwal,2025-07-04,1372.36,4
TXN103438,Lalitpur - Pulchowk,Lalitpur,2025-07-02,282.03,1
TXN103439,Kathmandu - New Road,Kathmandu,2025-09-27,11076.43,9
TXN103440,Lalitpur - Pulchowk,Lalitpur,2025-10-22,7896.09,12
TXN103441,Kathmandu - Kupondole,Kathmandu,2025-01-24,1921.7,6
TXN103442,Chitwan - Bharatpur,Chitwan,2025-01-03,2250.92,7
TXN103443,Pokhara - Lakeside,Pokhara,2025-09-05,1817.13,4
TXN103444,Chitwan - Bharatpur,Chitwan,2025-07-17,6715.8099999999995,5
TXN103445,Bhaktapur - Suryabinayak,Bhaktapur,2025-10-10,4609.48,8
TXN103446,Butwal - Traffic Chowk,Butwal,2025-07-25,7774.77,9
TXN103447,Kathmandu - New Road,Kathmandu,2025-07-25,7397.08,12
TXN103448,Kathmandu - Kupondole,Kathmandu,2025-10-16,11084.43,12
TXN103449,Kathmandu - Kupondole,Kathmandu,2025-09-26,3242.4400000000005,8
TXN103450,Pokhara - Lakeside,Pokhara,2025-09-02,7831.76,14
TXN103451,Pokhara - Lakeside,Pokhara,2025-11-14,5556.55,10
TXN103452,Butwal - Traffic Chowk,Butwal,2025-05-07,2661.33,5
TXN103453,Kathmandu - New Road,Kathmandu,2025-05-05,1253.44,2
TXN103454,Kathmandu - Kupondole,Kathmandu,2025-04-28,3441.6499999999996,11
TXN103455,Kathmandu - New Road,Kathmandu,2025-11-13,5605.120000000001,5
TXN103456,Kathmandu - Kupondole,Kathmandu,2025-04-10,904.5400000000001,5
TXN103457,Biratnagar - Main Road,Biratnagar,2025-05-11,6746.25,11
TXN103458,Butwal - Traffic Chowk,Butwal,2025-11-25,3437.29,5
TXN103459,Kathmandu - Kupondole,Kathmandu,2025-04-03,1149.04,2
TXN103460,Bhaktapur - Suryabinayak,Bhaktapur,2025-04-23,2869.49,6
TXN103461,Kathmandu - Kupondole,Kathmandu,2025-11-25,6601.83,9
TXN103462,Butwal - Traffic Chowk,Butwal,2025-12-25,12253.04,9
TXN103463,Butwal - Traffic Chowk,Butwal,2025-05-13,2993.84,6
TXN103464,Bhaktapur - Suryabinayak,Bhaktapur,2025-11-20,5620.4,8
TXN103465,Biratnagar - Main Road,Biratnagar,2025-11-02,2352.9700000000003,4
TXN103466,Biratnagar - Main Road,Biratnagar,2025-09-02,352.84,2
TXN103467,Kathmandu - Kupondole,Kathmandu,2025-11-25,7040.139999999999,4
TXN103468,Kathmandu - Kupondole,Kathmandu,2025-04-01,4258.59,9
TXN103469,Bhaktapur - Suryabinayak,Bhaktapur,2025-10-03,2741.7,6
TXN103470,Butwal - Traffic Chowk,Butwal,2025-09-17,4431.73,14
TXN103471,Bhaktapur - Suryabinayak,Bhaktapur,2025-04-26,3329.77,11
TXN103472,Lalitpur - Pulchowk,Lalitpur,2025-04-10,1774.92,3
TXN103473,Kathmandu - Kupondole,Kathmandu,2025-05-24,13199.259999999998,12
TXN103474,Bhaktapur - Suryabinayak,Bhaktapur,2025-10-02,3933.82,7
TXN103475,Bhaktapur - Suryabinayak,Bhaktapur,2025-09-08,4123.5199999999995,11
TXN103476,Chitwan - Bharatpur,Chitwan,2025-10-21,2313.26,6
TXN103477,Pokhara - Lakeside,Pokhara,2025-10-04,12174.3,9
TXN103478,Lalitpur - Pulchowk,Lalitpur,2025-11-06,2266.08,7
TXN103479,Lalitpur - Pulchowk,Lalitpur,2025-04-25,15848.61,12
TXN103480,Kathmandu - New Road,Kathmandu,2025-03-26,9172.8,8
TXN103481,Bhaktapur - Suryabinayak,Bhaktapur,2025-10-28,621.48,2
TXN103482,Lalitpur - Pulchowk,Lalitpur,2025-04-05,9614.480000000001,9
TXN103483,Kathmandu - Kupondole,Kathmandu,2025-03-01,9360.44,15
TXN103484,Kathmandu - Kupondole,Kathmandu,2025-09-24,3044.12,6
TXN103485,Butwal - Traffic Chowk,Butwal,2025-10-30,3640.24,10
TXN103486,Kathmandu - New Road,Kathmandu,2025-09-03,3901.5499999999997,12
TXN103487,Kathmandu - Kupondole,Kathmandu,2025-02-04,5009.049999999999,10
TXN103488,Kathmandu - Kupondole,Kathmandu,2025-09-27,5136.61,11
TXN103489,Butwal - Traffic Chowk,Butwal,2025-05-05,4535.02,13
TXN103490,Lalitpur - Pulchowk,Lalitpur,2025-10-14,3257.7400000000002,5
TXN103491,Kathmandu - Kupondole,Kathmandu,2025-03-19,931.02,3
TXN103492,Kathmandu - New Road,Kathmandu,2025-09-21,4230.97,8
TXN103493,Biratnagar - Main Road,Biratnagar,2025-11-24,4519.66,16
TXN103494,Butwal - Traffic Chowk,Butwal,2025-08-15,2829.62,13
TXN103495,Biratnagar - Main Road,Biratnagar,2025-11-01,8388.94,8
TXN103496,Biratnagar - Main Road,Biratnagar,2025-08-24,5228.2699999999995,7
TXN103497,Pokhara - Lakeside,Pokhara,2025-04-14,1998.65,5
TXN103498,Lalitpur - Pulchowk,Lalitpur,2025-04-30,363.63,1
TXN103499,Kathmandu - New Road,Kathmandu,2025-01-01,2783.37,5
TXN103500,Chitwan - Bharatpur,Chitwan,2025-09-03,4237.92,10
TXN103501,Kathmandu - Kupondole,Kathmandu,2025-04-16,10130.580000000002,7
TXN103502,Butwal - Traffic Chowk,Butwal,2025-04-20,8444.55,12
TXN103503,Pokhara - Lakeside,Pokhara,2025-01-30,245.4,1
TXN103504,Lalitpur - Pulchowk,Lalitpur,2025-11-09,3123.0299999999997,10
TXN103505,Kathmandu - Kupondole,Kathmandu,2025-11-26,2469.61,11
TXN103506,Chitwan - Bharatpur,Chitwan,2025-10-21,8644.89,3
TXN103507,Kathmandu - New Road,Kathmandu,2025-11-01,8403.75,4
TXN103508,Lalitpur - Pulchowk,Lalitpur,2025-09-02,368.33,1
TXN103509,Chitwan - Bharatpur,Chitwan,2025-06-16,4143.65,7
TXN103510,Kathmandu - New Road,Kathmandu,2025-04-21,4948.42,14
TXN103511,Bhaktapur - Suryabinayak,Bhaktapur,2025-06-15,1611.98,6
TXN103512,Bhaktapur - Suryabinayak,Bhaktapur,2025-10-28,3857.7,10
TXN103513,Kathmandu - New Road,Kathmandu,2025-12-16,1593.63,5
TXN103514,Lalitpur - Pulchowk,Lalitpur,2025-08-17,11468.960000000001,6
TXN103515,Chitwan - Bharatpur,Chitwan,2025-01-28,4763.91,5
TXN103516,Kathmandu - New Road,Kathmandu,2025-04-07,5201.72,16
TXN103517,Chitwan - Bharatpur,Chitwan,2025-09-19,7775.0599999999995,9
TXN103518,Pokhara - Lakeside,Pokhara,2025-04-06,10456.640000000001,14
TXN103519,Bhaktapur - Suryabinayak,Bhaktapur,2025-07-05,2067.38,7
TXN103520,Kathmandu - New Road,Kathmandu,2025-12-19,507.65,3
TXN103521,Bhaktapur - Suryabinayak,Bhaktapur,2025-10-15,11780.91,8
TXN103522,Kathmandu - New Road,Kathmandu,2025-09-16,1529.02,5
TXN103523,Bhaktapur - Suryabinayak,Bhaktapur,2025-01-16,1883.34,7
TXN103524,Biratnagar - Main Road,Biratnagar,2025-04-28,917.32,5
TXN103525,Bhaktapur - Suryabinayak,Bhaktapur,2025-06-10,3905.69,10
TXN103526,Butwal - Traffic Chowk,Butwal,2025-12-14,1463.77,1
TXN103527,Pokhara - Lakeside,Pokhara,2025-09-15,3419.1,6
TXN103528,Kathmandu - Kupondole,Kathmandu,2025-04-15,243.46,4
TXN103529,Pokhara - Lakeside,Pokhara,2025-06-12,48.66,1
TXN103530,Lalitpur - Pulchowk,Lalitpur,2025-12-23,1456.12,8
TXN103531,Kathmandu - Kupondole,Kathmandu,2025-10-06,5542.41,15
TXN103532,Bhaktapur - Suryabinayak,Bhaktapur,2025-10-10,546.54,3
TXN103533,Bhaktapur - Suryabinayak,Bhaktapur,2025-08-29,4728.3,10
TXN103534,Pokhara - Lakeside,Pokhara,2025-09-14,2314.2,3
TXN103535,Biratnagar - Main Road,Biratnagar,2025-06-16,2384.52,4
TXN103536,Lalitpur - Pulchowk,Lalitpur,2025-07-18,587.08,4
TXN103537,Bhaktapur - Suryabinayak,Bhaktapur,2025-12-09,14632.36,9
TXN103538,Bhaktapur - Suryabinayak,Bhaktapur,2025-04-04,3427.69,5
TXN103539,Bhaktapur - Suryabinayak,Bhaktapur,2025-10-05,15722.560000000001,9
TXN103540,Lalitpur - Pulchowk,Lalitpur,2025-08-31,10762.7,13
TXN103541,Kathmandu - New Road,Kathmandu,2025-01-18,1826.3899999999999,8
TXN103542,Butwal - Traffic Chowk,Butwal,2025-02-07,6900.6900000000005,10
TXN103543,Biratnagar - Main Road,Biratnagar,2025-02-06,19642.8,14
TXN103544,Bhaktapur - Suryabinayak,Bhaktapur,2025-10-02,12267.42,15
TXN103545,Chitwan - Bharatpur,Chitwan,2025-08-15,7271.46,12
TXN103546,Kathmandu - Kupondole,Kathmandu,2025-09-25,2728.98,7
TXN103547,Butwal - Traffic Chowk,Butwal,2025-07-07,2669.1499999999996,4
TXN103548,Lalitpur - Pulchowk,Lalitpur,2025-01-15,5205.96,12
TXN103549,Pokhara - Lakeside,Pokhara,2025-03-30,4245.0199999999995,4
TXN103550,Butwal - Traffic Chowk,Butwal,2025-03-06,1363.68,5
TXN103551,Kathmandu - Kupondole,Kathmandu,2025-10-26,7752.320000000001,14
TXN103552,Kathmandu - Kupondole,Kathmandu,2025-10-30,14564.32,14
TXN103553,Bhaktapur - Suryabinayak,Bhaktapur,2025-04-09,4218.48,8
TXN103554,Lalitpur - Pulchowk,Lalitpur,2025-12-03,1640.27,1
TXN103555,Butwal - Traffic Chowk,Butwal,2025-09-25,5452.45,9
TXN103556,Lalitpur - Pulchowk,Lalitpur,2025-04-17,1098.62,2
TXN103557,Lalitpur - Pulchowk,Lalitpur,2025-05-27,10368.76,11
TXN103558,Pokhara - Lakeside,Pokhara,2025-07-28,5072.59,7
TXN103559,Bhaktapur - Suryabinayak,Bhaktapur,2025-01-23,12608.970000000001,8
TXN103560,Bhaktapur - Suryabinayak,Bhaktapur,2025-11-22,1316.76,5
TXN103561,Biratnagar - Main Road,Biratnagar,2025-03-06,3719.5099999999998,7
TXN103562,Bhaktapur - Suryabinayak,Bhaktapur,2025-10-22,692.6899999999999,5
TXN103563,Bhaktapur - Suryabinayak,Bhaktapur,2025-12-03,4456.639999999999,6
TXN103564,Butwal - Traffic Chowk,Butwal,2025-11-03,8347.86,3
TXN103565,Lalitpur - Pulchowk,Lalitpur,2025-06-11,4467.87,7
TXN103566,Kathmandu - Kupondole,Kathmandu,2025-10-26,1950.13,9
TXN103567,Lalitpur - Pulchowk,Lalitpur,2025-07-20,6357.450000000001,5
TXN103568,Butwal - Traffic Chowk,Butwal,2025-06-19,1018.3599999999999,5
TXN103569,Chitwan - Bharatpur,Chitwan,2025-10-07,1122.36,2
TXN103570,Pokhara - Lakeside,Pokhara,2025-10-30,12599.16,4
TXN103571,Pokhara - Lakeside,Pokhara,2025-09-01,12767.08,13
TXN103572,Lalitpur - Pulchowk,Lalitpur,2025-05-28,5974.450000000001,13
TXN103573,Pokhara - Lakeside,Pokhara,2025-01-06,6098.62,8
TXN103574,Pokhara - Lakeside,Pokhara,2025-10-02,2217.35,1
TXN103575,Kathmandu - Kupondole,Kathmandu,2025-09-17,2020.42,6
TXN103576,Biratnagar - Main Road,Biratnagar,2025-09-03,5628.6900000000005,12
TXN103577,Bhaktapur - Suryabinayak,Bhaktapur,2025-08-25,252.2,2
TXN103578,Pokhara - Lakeside,Pokhara,2025-09-23,5678.85,6
TXN103579,Lalitpur - Pulchowk,Lalitpur,2025-08-31,6379.24,11
TXN103580,Butwal - Traffic Chowk,Butwal,2025-01-18,7467.14,9
TXN103581,Pokhara - Lakeside,Pokhara,2025-02-12,85.43,1
TXN103582,Kathmandu - New Road,Kathmandu,2025-12-03,6013.44,15
TXN103583,Pokhara - Lakeside,Pokhara,2025-11-08,5815.55,10
TXN103584,Butwal - Traffic Chowk,Butwal,2025-02-06,6574.33,12
TXN103585,Kathmandu - Kupondole,Kathmandu,2025-10-18,15353.79,12
TXN103586,Butwal - Traffic Chowk,Butwal,2025-09-02,5904.39,9
TXN103587,Pokhara - Lakeside,Pokhara,2025-07-31,2912.96,7
TXN103588,Bhaktapur - Suryabinayak,Bhaktapur,2025-05-28,1020.23,3
TXN103589,Kathmandu - New Road,Kathmandu,2025-10-16,347.02,1
TXN103590,Lalitpur - Pulchowk,Lalitpur,2025-08-05,7509.74,12
TXN103591,Bhaktapur - Suryabinayak,Bhaktapur,2025-12-05,12271.04,12
TXN103592,Biratnagar - Main Road,Biratnagar,2025-04-13,7411.509999999999,9
TXN103593,Kathmandu - New Road,Kathmandu,2025-09-02,4028.01,13
TXN103594,Bhaktapur - Suryabinayak,Bhaktapur,2025-02-07,3443.46,6
TXN103595,Kathmandu - New Road,Kathmandu,2025-04-20,7116.52,14
TXN103596,Kathmandu - Kupondole,Kathmandu,2025-08-24,10107.68,13
TXN103597,Bhaktapur - Suryabinayak,Bhaktapur,2025-03-04,927.23,1
TXN103598,Pokhara - Lakeside,Pokhara,2025-10-29,4484.4400000000005,12
TXN103599,Kathmandu - Kupondole,Kathmandu,2025-11-16,745.68,2
TXN103600,Kathmandu - Kupondole,Kathmandu,2025-11-09,2340.44,6
TXN103601,Bhaktapur - Suryabinayak,Bhaktapur,2025-04-28,4156.51,11
TXN103602,Pokhara - Lakeside,Pokhara,2025-11-11,8595.130000000001,9
TXN103603,Kathmandu - New Road,Kathmandu,2025-10-26,12340.06,17
TXN103604,Kathmandu - New Road,Kathmandu,2025-03-04,689.27,3
TXN103605,Kathmandu - New Road,Kathmandu,2025-08-11,7524.6900000000005,11
TXN103606,Butwal - Traffic Chowk,Butwal,2025-07-16,2654.91,7
TXN103607,Kathmandu - Kupondole,Kathmandu,2025-11-05,2281.28,4
TXN103608,Kathmandu - Kupondole,Kathmandu,2025-08-28,12089.07,5
TXN103609,Kathmandu - Kupondole,Kathmandu,2025-05-29,4341.53,5
TXN103610,Lalitpur - Pulchowk,Lalitpur,2025-11-01,16911.280000000002,17
TXN103611,Chitwan - Bharatpur,Chitwan,2025-10-30,458.86,2
TXN103612,Kathmandu - Kupondole,Kathmandu,2025-09-10,2523.16,4
TXN103613,Kathmandu - Kupondole,Kathmandu,2025-09-21,794.67,3
TXN103614,Bhaktapur - Suryabinayak,Bhaktapur,2025-05-31,95.04,1
TXN103615,Kathmandu - Kupondole,Kathmandu,2025-02-19,1592.25,5
TXN103616,Butwal - Traffic Chowk,Butwal,2025-10-25,5931.93,10
TXN103617,Chitwan - Bharatpur,Chitwan,2025-07-24,10310.47,12
TXN103618,Kathmandu - Kupondole,Kathmandu,2025-10-06,4416.32,8
TXN103619,Lalitpur - Pulchowk,Lalitpur,2025-10-03,6793.16,8
TXN103620,Kathmandu - Kupondole,Kathmandu,2025-09-18,2191.92,12
TXN103621,Pokhara - Lakeside,Pokhara,2025-05-14,14062.61,16
TXN103622,Bhaktapur - Suryabinayak,Bhaktapur,2025-09-10,4917.17,10
TXN103623,Pokhara - Lakeside,Pokhara,2025-10-23,4021.88,11
TXN103624,Lalitpur - Pulchowk,Lalitpur,2025-10-08,4204.56,5
TXN103625,Lalitpur - Pulchowk,Lalitpur,2025-10-21,6346.709999999999,8
TXN103626,Lalitpur - Pulchowk,Lalitpur,2025-09-20,8428.47,16
TXN103627,Kathmandu - New Road,Kathmandu,2025-09-02,9034.52,11
TXN103628,Kathmandu - Kupondole,Kathmandu,2025-09-17,15694.68,13
TXN103629,Bhaktapur - Suryabinayak,Bhaktapur,2025-02-17,7546.73,10
TXN103630,Kathmandu - New Road,Kathmandu,2025-01-25,2627.04,5
TXN103631,Pokhara - Lakeside,Pokhara,2025-07-26,795.86,2
TXN103632,Pokhara - Lakeside,Pokhara,2025-02-25,2806.8599999999997,10
TXN103633,Biratnagar - Main Road,Biratnagar,2025-04-29,3631.48,4
TXN103634,Kathmandu - Kupondole,Kathmandu,2025-03-07,4982.38,13
TXN103635,Bhaktapur - Suryabinayak,Bhaktapur,2025-09-06,4554.110000000001,9
TXN103636,Butwal - Traffic Chowk,Butwal,2025-11-12,7379.04,4
TXN103637,Bhaktapur - Suryabinayak,Bhaktapur,2025-08-22,6327.66,6
TXN103638,Pokhara - Lakeside,Pokhara,2025-11-29,2516.4300000000003,7
TXN103639,Lalitpur - Pulchowk,Lalitpur,2025-11-15,388.32,2
TXN103640,Bhaktapur - Suryabinayak,Bhaktapur,2025-06-27,20029.88,14
TXN103641,Kathmandu - Kupondole,Kathmandu,2025-09-10,521.76,4
TXN103642,Butwal - Traffic Chowk,Butwal,2025-05-22,2323.04,8
TXN103643,Bhaktapur - Suryabinayak,Bhaktapur,2025-01-05,12978.85,14
TXN103644,Bhaktapur - Suryabinayak,Bhaktapur,2025-10-07,13625.68,12
TXN103645,Biratnagar - Main Road,Biratnagar,2025-09-27,1941.62,6
TXN103646,Kathmandu - Kupondole,Kathmandu,2025-10-21,10706.560000000001,11
TXN103647,Butwal - Traffic Chowk,Butwal,2025-07-28,8256.86,8
TXN103648,Kathmandu - New Road,Kathmandu,2025-08-27,1747.92,12
TXN103649,Lalitpur - Pulchowk,Lalitpur,2025-11-06,12149.02,11
TXN103650,Lalitpur - Pulchowk,Lalitpur,2025-09-19,2795.29,8
TXN103651,Bhaktapur - Suryabinayak,Bhaktapur,2025-12-16,1765.6,4
TXN103652,Butwal - Traffic Chowk,Butwal,2025-11-12,1610.2,4
TXN103653,Pokhara - Lakeside,Pokhara,2025-05-16,3921.92,9
TXN103654,Biratnagar - Main Road,Biratnagar,2025-10-09,10984.9,12
TXN103655,Butwal - Traffic Chowk,Butwal,2025-08-08,2388.75,9
TXN103656,Pokhara - Lakeside,Pokhara,2025-08-31,5656.99,15
TXN103657,Kathmandu - Kupondole,Kathmandu,2025-09-18,5800.33,13
TXN103658,Kathmandu - New Road,Kathmandu,2025-10-17,2532.33,9
TXN103659,Lalitpur - Pulchowk,Lalitpur,2025-02-28,5454.7699999999995,5
TXN103660,Kathmandu - Kupondole,Kathmandu,2025-10-14,7362.219999999999,8
TXN103661,Kathmandu - New Road,Kathmandu,2025-04-03,9180.1,9
TXN103662,Kathmandu - New Road,Kathmandu,2025-04-22,7280.09,8
TXN103663,Bhaktapur - Suryabinayak,Bhaktapur,2025-05-24,1207.36,4
TXN103664,Butwal - Traffic Chowk,Butwal,2025-10-02,4579.66,5
TXN103665,Butwal - Traffic Chowk,Butwal,2025-11-11,10967.18,10
TXN103666,Chitwan - Bharatpur,Chitwan,2025-11-06,4073.11,9
TXN103667,Pokhara - Lakeside,Pokhara,2025-04-04,15999.9,13
TXN103668,Kathmandu - New Road,Kathmandu,2025-06-24,8850.51,13
TXN103669,Lalitpur - Pulchowk,Lalitpur,2025-11-10,9972.08,8
TXN103670,Butwal - Traffic Chowk,Butwal,2025-11-21,3546.1800000000003,6
TXN103671,Chitwan - Bharatpur,Chitwan,2025-10-08,14809.95,6
TXN103672,Kathmandu - Kupondole,Kathmandu,2025-04-26,2923.78,1
TXN103673,Lalitpur - Pulchowk,Lalitpur,2025-11-23,7296.110000000001,9
TXN103674,Kathmandu - Kupondole,Kathmandu,2025-05-27,14221.41,13
TXN103675,Pokhara - Lakeside,Pokhara,2025-02-11,8728.380000000001,6
TXN103676,Lalitpur - Pulchowk,Lalitpur,2025-10-06,7261.75,9
TXN103677,Pokhara - Lakeside,Pokhara,2025-01-07,7615.51,16
TXN103678,Chitwan - Bharatpur,Chitwan,2025-07-07,22184.559999999998,8
TXN103679,Butwal - Traffic Chowk,Butwal,2025-06-07,4494.52,10
TXN103680,Lalitpur - Pulchowk,Lalitpur,2025-12-29,333.58,2
TXN103681,Bhaktapur - Suryabinayak,Bhaktapur,2025-09-24,2860.23,1
TXN103682,Lalitpur - Pulchowk,Lalitpur,2025-08-09,1834.81,4
TXN103683,Pokhara - Lakeside,Pokhara,2025-09-15,5720.58,12
TXN103684,Pokhara - Lakeside,Pokhara,2025-03-27,5827.26,3
TXN103685,Bhaktapur - Suryabinayak,Bhaktapur,2025-10-16,744.84,2
TXN103686,Kathmandu - Kupondole,Kathmandu,2025-11-03,7078.36,12
TXN103687,Kathmandu - Kupondole,Kathmandu,2025-03-31,2672.9900000000002,3
TXN103688,Lalitpur - Pulchowk,Lalitpur,2025-11-06,8011.91,9
TXN103689,Kathmandu - Kupondole,Kathmandu,2025-03-02,13881.119999999999,18
TXN103690,Kathmandu - Kupondole,Kathmandu,2025-02-20,6465.67,10
TXN103691,Butwal - Traffic Chowk,Butwal,2025-10-27,7955.950000000001,12
TXN103692,Pokhara - Lakeside,Pokhara,2025-04-24,1381.28,2
TXN103693,Bhaktapur - Suryabinayak,Bhaktapur,2025-12-04,8305.9,14
TXN103694,Lalitpur - Pulchowk,Lalitpur,2025-09-01,7685.1,13
TXN103695,Lalitpur - Pulchowk,Lalitpur,2025-06-30,7776.44,6
TXN103696,Butwal - Traffic Chowk,Butwal,2025-01-23,1998.5,2
TXN103697,Kathmandu - New Road,Kathmandu,2025-05-15,4231.18,2
TXN103698,Kathmandu - New Road,Kathmandu,2025-03-06,1239.36,4
TXN103699,Bhaktapur - Suryabinayak,Bhaktapur,2025-08-02,4244.879999999999,8
TXN103700,Biratnagar - Main Road,Biratnagar,2025-05-20,10716.54,13
TXN103701,Chitwan - Bharatpur,Chitwan,2025-09-26,2525.01,3
TXN103702,Butwal - Traffic Chowk,Butwal,2025-07-08,13220.869999999999,7
TXN103703,Kathmandu - Kupondole,Kathmandu,2025-07-01,6240.45,15
TXN103704,Kathmandu - New Road,Kathmandu,2025-02-20,8479.32,5
TXN103705,Pokhara - Lakeside,Pokhara,2025-10-29,316.55,1
TXN103706,Kathmandu - New Road,Kathmandu,2025-07-22,3204.3900000000003,9
TXN103707,Chitwan - Bharatpur,Chitwan,2025-06-11,6562.639999999999,6
TXN103708,Bhaktapur - Suryabinayak,Bhaktapur,2025-09-21,4608.25,10
TXN103709,Chitwan - Bharatpur,Chitwan,2025-12-22,3899.56,10
TXN103710,Bhaktapur - Suryabinayak,Bhaktapur,2025-09-04,3304.23,15
TXN103711,Biratnagar - Main Road,Biratnagar,2025-08-22,11809.43,8
TXN103712,Kathmandu - New Road,Kathmandu,2025-07-08,3449.74,9
TXN103713,Chitwan - Bharatpur,Chitwan,2025-12-28,7057.77,7
TXN103714,Kathmandu - New Road,Kathmandu,2025-02-01,6130.44,13
TXN103715,Bhaktapur - Suryabinayak,Bhaktapur,2025-02-14,5644.1,5
TXN103716,Butwal - Traffic Chowk,Butwal,2025-11-18,5090.17,11
TXN103717,Butwal - Traffic Chowk,Butwal,2025-02-22,12942.16,14
TXN103718,Kathmandu - New Road,Kathmandu,2025-11-28,6184.04,10
TXN103719,Kathmandu - New Road,Kathmandu,2025-06-06,376.77,3
TXN103720,Kathmandu - New Road,Kathmandu,2025-11-15,4351.58,7
TXN103721,Lalitpur - Pulchowk,Lalitpur,2025-08-10,3111.0,6
TXN103722,Biratnagar - Main Road,Biratnagar,2025-02-21,80.79,1
TXN103723,Butwal - Traffic Chowk,Butwal,2025-08-21,7485.85,10
TXN103724,Lalitpur - Pulchowk,Lalitpur,2025-05-19,12619.73,9
TXN103725,Pokhara - Lakeside,Pokhara,2025-01-14,13348.14,11
TXN103726,Lalitpur - Pulchowk,Lalitpur,2025-05-02,978.92,6
TXN103727,Bhaktapur - Suryabinayak,Bhaktapur,2025-07-25,2558.58,6
TXN103728,Chitwan - Bharatpur,Chitwan,2025-06-16,2038.0300000000002,5
TXN103729,Chitwan - Bharatpur,Chitwan,2025-12-06,13774.91,14
TXN103730,Lalitpur - Pulchowk,Lalitpur,2025-10-13,7564.139999999999,17
TXN103731,Bhaktapur - Suryabinayak,Bhaktapur,2025-10-07,853.32,3
TXN103732,Bhaktapur - Suryabinayak,Bhaktapur,2025-09-05,573.09,3
TXN103733,Lalitpur - Pulchowk,Lalitpur,2025-02-19,5031.4,8
TXN103734,Chitwan - Bharatpur,Chitwan,2025-10-07,8989.380000000001,9
TXN103735,Lalitpur - Pulchowk,Lalitpur,2025-04-10,11213.79,12
TXN103736,Bhaktapur - Suryabinayak,Bhaktapur,2025-12-02,2806.43,9
TXN103737,Butwal - Traffic Chowk,Butwal,2025-07-08,3553.0600000000004,9
TXN103738,Butwal - Traffic Chowk,Butwal,2025-09-13,11679.33,10
TXN103739,Kathmandu - New Road,Kathmandu,2025-11-20,9242.01,11
TXN103740,Chitwan - Bharatpur,Chitwan,2025-03-02,4962.0599999999995,10
TXN103741,Bhaktapur - Suryabinayak,Bhaktapur,2025-10-19,258.53,1
TXN103742,Butwal - Traffic Chowk,Butwal,2025-09-12,2436.67,4
TXN103743,Lalitpur - Pulchowk,Lalitpur,2025-08-25,11026.08,13
TXN103744,Kathmandu - New Road,Kathmandu,2025-11-30,944.94,6
TXN103745,Lalitpur - Pulchowk,Lalitpur,2025-01-23,1559.4,7
TXN103746,Pokhara - Lakeside,Pokhara,2025-10-09,6400.55,13
TXN103747,Kathmandu - Kupondole,Kathmandu,2025-12-10,9114.57,12
TXN103748,Butwal - Traffic Chowk,Butwal,2025-11-24,5560.74,11
TXN103749,Kathmandu - Kupondole,Kathmandu,2025-07-09,5358.95,5
TXN103750,Kathmandu - Kupondole,Kathmandu,2025-11-09,2147.88,6
TXN103751,Butwal - Traffic Chowk,Butwal,2025-11-08,3380.19,3
TXN103752,Lalitpur - Pulchowk,Lalitpur,2025-02-24,843.45,3
TXN103753,Lalitpur - Pulchowk,Lalitpur,2025-02-03,10135.52,9
TXN103754,Chitwan - Bharatpur,Chitwan,2025-07-07,712.89,1
TXN103755,Lalitpur - Pulchowk,Lalitpur,2025-10-10,17151.739999999998,13
TXN103756,Kathmandu - New Road,Kathmandu,2025-09-04,1572.4899999999998,5
TXN103757,Kathmandu - Kupondole,Kathmandu,2025-04-27,2262.5699999999997,8
TXN103758,Kathmandu - New Road,Kathmandu,2025-12-21,8539.88,8
TXN103759,Butwal - Traffic Chowk,Butwal,2025-06-21,7714.45,8
TXN103760,Kathmandu - Kupondole,Kathmandu,2025-07-19,6236.88,12
TXN103761,Butwal - Traffic Chowk,Butwal,2025-11-20,285.57,3
TXN103762,Bhaktapur - Suryabinayak,Bhaktapur,2025-05-04,9203.59,5
TXN103763,Chitwan - Bharatpur,Chitwan,2025-10-31,16064.83,11
TXN103764,Lalitpur - Pulchowk,Lalitpur,2025-08-31,1049.99,4
TXN103765,Pokhara - Lakeside,Pokhara,2025-01-23,3531.09,9
TXN103766,Bhaktapur - Suryabinayak,Bhaktapur,2025-08-12,14397.91,14
TXN103767,Chitwan - Bharatpur,Chitwan,2025-12-19,11979.16,4
TXN103768,Lalitpur - Pulchowk,Lalitpur,2025-02-27,1919.12,7
TXN103769,Kathmandu - Kupondole,Kathmandu,2025-07-10,1235.4,3
TXN103770,Kathmandu - Kupondole,Kathmandu,2025-02-27,11006.24,4
TXN103771,Kathmandu - Kupondole,Kathmandu,2025-07-29,3298.02,7
TXN103772,Biratnagar - Main Road,Biratnagar,2025-10-12,1297.2,4
TXN103773,Kathmandu - Kupondole,Kathmandu,2025-09-05,4199.4,3
TXN103774,Butwal - Traffic Chowk,Butwal,2025-07-14,2044.48,5
TXN103775,Lalitpur - Pulchowk,Lalitpur,2025-11-08,1792.51,1
TXN103776,Kathmandu - New Road,Kathmandu,2025-10-04,1908.06,4
TXN103777,Pokhara - Lakeside,Pokhara,2025-10-05,6961.72,13
TXN103778,Pokhara - Lakeside,Pokhara,2025-09-26,3654.6400000000003,7
TXN103779,Butwal - Traffic Chowk,Butwal,2025-10-21,700.51,1
TXN103780,Bhaktapur - Suryabinayak,Bhaktapur,2025-04-22,14553.21,10
TXN103781,Kathmandu - New Road,Kathmandu,2025-11-28,1520.1399999999999,6
TXN103782,Lalitpur - Pulchowk,Lalitpur,2025-09-28,6938.28,10
TXN103783,Kathmandu - New Road,Kathmandu,2025-02-15,3954.7799999999997,10
TXN103784,Kathmandu - New Road,Kathmandu,2025-04-10,874.66,2
TXN103785,Kathmandu - Kupondole,Kathmandu,2025-12-29,996.79,3
TXN103786,Chitwan - Bharatpur,Chitwan,2025-08-09,5672.29,10
TXN103787,Kathmandu - Kupondole,Kathmandu,2025-04-22,812.31,3
TXN103788,Pokhara - Lakeside,Pokhara,2025-12-13,13939.24,15
TXN103789,Bhaktapur - Suryabinayak,Bhaktapur,2025-06-04,5532.26,11
TXN103790,Pokhara - Lakeside,Pokhara,2025-09-03,6005.83,9
TXN103791,Butwal - Traffic Chowk,Butwal,2025-04-19,6518.17,11
TXN103792,Bhaktapur - Suryabinayak,Bhaktapur,2025-11-08,4115.11,9
TXN103793,Lalitpur - Pulchowk,Lalitpur,2025-11-21,1814.34,4
TXN103794,Lalitpur - Pulchowk,Lalitpur,2025-01-13,10183.159999999998,8
TXN103795,Butwal - Traffic Chowk,Butwal,2025-10-13,3743.06,6
TXN103796,Butwal - Traffic Chowk,Butwal,2025-08-16,594.85,1
TXN103797,Kathmandu - Kupondole,Kathmandu,2025-04-01,6621.35,5
TXN103798,Kathmandu - New Road,Kathmandu,2025-09-09,8591.76,7
TXN103799,Butwal - Traffic Chowk,Butwal,2025-11-02,3673.94,13
TXN103800,Kathmandu - Kupondole,Kathmandu,2025-12-28,2755.19,7
TXN103801,Bhaktapur - Suryabinayak,Bhaktapur,2025-09-05,1309.36,4
TXN103802,Kathmandu - New Road,Kathmandu,2025-02-10,12214.41,14
TXN103803,Bhaktapur - Suryabinayak,Bhaktapur,2025-04-25,17212.98,6
TXN103804,Lalitpur - Pulchowk,Lalitpur,2025-07-13,2574.76,3
TXN103805,Chitwan - Bharatpur,Chitwan,2025-02-18,3626.65,6
TXN103806,Biratnagar - Main Road,Biratnagar,2025-05-14,1316.65,7
TXN103807,Butwal - Traffic Chowk,Butwal,2025-01-11,2998.06,6
TXN103808,Butwal - Traffic Chowk,Butwal,2025-07-31,1856.3200000000002,8
TXN103809,Chitwan - Bharatpur,Chitwan,2025-01-05,18957.75,13
TXN103810,Lalitpur - Pulchowk,Lalitpur,2025-10-20,5288.780000000001,9
TXN103811,Butwal - Traffic Chowk,Butwal,2025-10-15,3024.17,6
TXN103812,Bhaktapur - Suryabinayak,Bhaktapur,2025-08-28,12027.22,11
TXN103813,Kathmandu - New Road,Kathmandu,2025-08-17,7025.28,16
TXN103814,Kathmandu - New Road,Kathmandu,2025-12-26,6881.76,3
TXN103815,Lalitpur - Pulchowk,Lalitpur,2025-12-23,659.9399999999999,2
TXN103816,Biratnagar - Main Road,Biratnagar,2025-01-13,10270.95,10
TXN103817,Bhaktapur - Suryabinayak,Bhaktapur,2025-12-26,11631.19,9
TXN103818,Kathmandu - New Road,Kathmandu,2025-09-23,149.14,2
TXN103819,Lalitpur - Pulchowk,Lalitpur,2025-10-08,2503.1899999999996,6
TXN103820,Chitwan - Bharatpur,Chitwan,2025-06-21,2843.08,5
TXN103821,Butwal - Traffic Chowk,Butwal,2025-11-27,4278.91,6
TXN103822,Bhaktapur - Suryabinayak,Bhaktapur,2025-04-30,3647.42,11
TXN103823,Kathmandu - New Road,Kathmandu,2025-09-17,22396.56,11
TXN103824,Lalitpur - Pulchowk,Lalitpur,2025-03-23,1551.1799999999998,6
TXN103825,Lalitpur - Pulchowk,Lalitpur,2025-07-09,17309.699999999997,11
TXN103826,Butwal - Traffic Chowk,Butwal,2025-07-04,6028.91,7
TXN103827,Kathmandu - New Road,Kathmandu,2025-01-24,1215.8,4
TXN103828,Kathmandu - New Road,Kathmandu,2025-11-09,3365.5,10
TXN103829,Pokhara - Lakeside,Pokhara,2025-09-01,9192.36,12
TXN103830,Chitwan - Bharatpur,Chitwan,2025-12-22,2540.6400000000003,3
TXN103831,Pokhara - Lakeside,Pokhara,2025-04-05,4420.53,9
TXN103832,Kathmandu - Kupondole,Kathmandu,2025-05-25,6313.94,7
TXN103833,Bhaktapur - Suryabinayak,Bhaktapur,2025-10-29,3318.96,8
TXN103834,Butwal - Traffic Chowk,Butwal,2025-09-25,16284.990000000002,12
TXN103835,Bhaktapur - Suryabinayak,Bhaktapur,2025-07-01,3088.22,9
TXN103836,Kathmandu - New Road,Kathmandu,2025-12-27,1346.8400000000001,4
TXN103837,Chitwan - Bharatpur,Chitwan,2025-10-20,10941.65,7
TXN103838,Kathmandu - New Road,Kathmandu,2025-02-28,10380.97,10
TXN103839,Butwal - Traffic Chowk,Butwal,2025-09-23,9771.02,9
TXN103840,Pokhara - Lakeside,Pokhara,2025-04-10,1080.58,2
TXN103841,Pokhara - Lakeside,Pokhara,2025-08-03,5648.22,12
TXN103842,Bhaktapur - Suryabinayak,Bhaktapur,2025-02-08,8049.07,8
TXN103843,Butwal - Traffic Chowk,Butwal,2025-09-24,7771.72,4
TXN103844,Butwal - Traffic Chowk,Butwal,2025-04-11,2479.74,6
TXN103845,Kathmandu - Kupondole,Kathmandu,2025-09-07,20603.18,9
TXN103846,Kathmandu - Kupondole,Kathmandu,2025-09-16,4142.12,10
TXN103847,Kathmandu - Kupondole,Kathmandu,2025-06-29,1063.58,2
TXN103848,Lalitpur - Pulchowk,Lalitpur,2025-11-05,9155.3,5
TXN103849,Butwal - Traffic Chowk,Butwal,2025-11-03,1396.1599999999999,4
TXN103850,Lalitpur - Pulchowk,Lalitpur,2025-11-03,6935.41,6
TXN103851,Biratnagar - Main Road,Biratnagar,2025-05-30,817.46,2
TXN103852,Kathmandu - Kupondole,Kathmandu,2025-09-16,5241.24,6
TXN103853,Butwal - Traffic Chowk,Butwal,2025-10-14,4976.9,10
TXN103854,Kathmandu - Kupondole,Kathmandu,2025-09-20,478.0,1
TXN103855,Kathmandu - Kupondole,Kathmandu,2025-10-13,1790.44,2
TXN103856,Bhaktapur - Suryabinayak,Bhaktapur,2025-11-13,11016.22,13
TXN103857,Kathmandu - New Road,Kathmandu,2025-09-21,3755.36,2
TXN103858,Biratnagar - Main Road,Biratnagar,2025-04-21,2286.96,4
TXN103859,Chitwan - Bharatpur,Chitwan,2025-11-01,8737.59,16
TXN103860,Kathmandu - Kupondole,Kathmandu,2025-03-25,1981.38,6
TXN103861,Butwal - Traffic Chowk,Butwal,2025-11-08,958.74,3
TXN103862,Butwal - Traffic Chowk,Butwal,2025-03-01,6511.72,8
TXN103863,Biratnagar - Main Road,Biratnagar,2025-11-21,7423.37,13
TXN103864,Bhaktapur - Suryabinayak,Bhaktapur,2025-05-10,11919.89,15
TXN103865,Kathmandu - Kupondole,Kathmandu,2025-12-01,990.44,4
TXN103866,Kathmandu - Kupondole,Kathmandu,2025-05-23,11710.01,8
TXN103867,Kathmandu - Kupondole,Kathmandu,2025-07-09,6680.200000000001,4
TXN103868,Kathmandu - New Road,Kathmandu,2025-07-06,5219.849999999999,9
TXN103869,Kathmandu - New Road,Kathmandu,2025-10-09,2586.63,3
TXN103870,Pokhara - Lakeside,Pokhara,2025-11-25,3648.16,6
TXN103871,Lalitpur - Pulchowk,Lalitpur,2025-10-25,1330.68,4
TXN103872,Chitwan - Bharatpur,Chitwan,2025-12-04,2856.8,5
TXN103873,Kathmandu - Kupondole,Kathmandu,2025-11-09,1432.96,2
TXN103874,Kathmandu - Kupondole,Kathmandu,2025-06-19,6753.11,9
TXN103875,Kathmandu - New Road,Kathmandu,2025-11-18,7348.62,7
TXN103876,Kathmandu - Kupondole,Kathmandu,2025-07-02,4420.28,9
TXN103877,Lalitpur - Pulchowk,Lalitpur,2025-08-30,10297.35,11
TXN103878,Kathmandu - New Road,Kathmandu,2025-05-15,2890.65,11
TXN103879,Kathmandu - Kupondole,Kathmandu,2025-07-11,1806.93,7
TXN103880,Bhaktapur - Suryabinayak,Bhaktapur,2025-03-23,15688.52,12
TXN103881,Butwal - Traffic Chowk,Butwal,2025-04-03,7107.8099999999995,9
TXN103882,Lalitpur - Pulchowk,Lalitpur,2025-01-18,2001.0,2
TXN103883,Butwal - Traffic Chowk,Butwal,2025-10-21,6379.58,12
TXN103884,Chitwan - Bharatpur,Chitwan,2025-10-10,5400.429999999999,14
TXN103885,Biratnagar - Main Road,Biratnagar,2025-09-10,4083.58,6
TXN103886,Butwal - Traffic Chowk,Butwal,2025-01-15,4778.05,5
TXN103887,Pokhara - Lakeside,Pokhara,2025-12-02,1241.93,2
TXN103888,Kathmandu - New Road,Kathmandu,2025-04-18,4426.59,3
TXN103889,Kathmandu - New Road,Kathmandu,2025-02-14,1573.24,2
TXN103890,Butwal - Traffic Chowk,Butwal,2025-10-27,251.38,1
TXN103891,Kathmandu - Kupondole,Kathmandu,2025-07-07,3997.48,7
TXN103892,Lalitpur - Pulchowk,Lalitpur,2025-12-12,7615.639999999999,10
TXN103893,Kathmandu - Kupondole,Kathmandu,2025-11-24,595.46,2
TXN103894,Bhaktapur - Suryabinayak,Bhaktapur,2025-05-15,3344.69,10
TXN103895,Bhaktapur - Suryabinayak,Bhaktapur,2025-11-21,4483.77,8
TXN103896,Bhaktapur - Suryabinayak,Bhaktapur,2025-02-04,2830.87,10
TXN103897,Butwal - Traffic Chowk,Butwal,2025-03-04,228.87,3
TXN103898,Butwal - Traffic Chowk,Butwal,2025-04-20,1706.5,6
TXN103899,Kathmandu - Kupondole,Kathmandu,2025-12-16,256.76,4
TXN103900,Bhaktapur - Suryabinayak,Bhaktapur,2025-11-30,2790.12,11
TXN103901,Kathmandu - New Road,Kathmandu,2025-09-24,4046.65,6
TXN103902,Bhaktapur - Suryabinayak,Bhaktapur,2025-04-10,5032.74,3
TXN103903,Kathmandu - New Road,Kathmandu,2025-02-19,1622.13,5
TXN103904,Bhaktapur - Suryabinayak,Bhaktapur,2025-11-27,4813.33,10
TXN103905,Lalitpur - Pulchowk,Lalitpur,2025-06-07,253.46,2
TXN103906,Pokhara - Lakeside,Pokhara,2025-10-14,5993.01,7
TXN103907,Pokhara - Lakeside,Pokhara,2025-02-20,4783.33,14
TXN103908,Kathmandu - New Road,Kathmandu,2025-03-23,2314.23,3
TXN103909,Chitwan - Bharatpur,Chitwan,2025-01-26,2547.74,6
TXN103910,Bhaktapur - Suryabinayak,Bhaktapur,2025-05-23,4547.43,6
TXN103911,Lalitpur - Pulchowk,Lalitpur,2025-11-08,3662.04,13
TXN103912,Butwal - Traffic Chowk,Butwal,2025-09-07,2756.7,1
TXN103913,Kathmandu - Kupondole,Kathmandu,2025-12-28,5835.59,11
TXN103914,Bhaktapur - Suryabinayak,Bhaktapur,2025-02-26,10926.75,10
TXN103915,Chitwan - Bharatpur,Chitwan,2025-10-19,7568.35,13
TXN103916,Bhaktapur - Suryabinayak,Bhaktapur,2025-09-18,1042.08,4
TXN103917,Kathmandu - New Road,Kathmandu,2025-10-24,5252.49,14
TXN103918,Butwal - Traffic Chowk,Butwal,2025-09-20,1918.0099999999998,5
TXN103919,Butwal - Traffic Chowk,Butwal,2025-01-07,10486.26,10
TXN103920,Bhaktapur - Suryabinayak,Bhaktapur,2025-09-18,654.62,2
TXN103921,Biratnagar - Main Road,Biratnagar,2025-05-22,1431.62,4
TXN103922,Lalitpur - Pulchowk,Lalitpur,2025-04-22,8146.43,8
TXN103923,Lalitpur - Pulchowk,Lalitpur,2025-02-12,322.96,1
TXN103924,Bhaktapur - Suryabinayak,Bhaktapur,2025-09-24,6234.94,12
TXN103925,Kathmandu - New Road,Kathmandu,2025-08-16,7753.79,14
TXN103926,Biratnagar - Main Road,Biratnagar,2025-09-27,3269.17,9
TXN103927,Lalitpur - Pulchowk,Lalitpur,2025-10-21,8288.97,12
TXN103928,Butwal - Traffic Chowk,Butwal,2025-02-21,3762.21,10
TXN103929,Kathmandu - Kupondole,Kathmandu,2025-02-13,1390.7,2
TXN103930,Bhaktapur - Suryabinayak,Bhaktapur,2025-10-06,2274.03,1
TXN103931,Kathmandu - Kupondole,Kathmandu,2025-04-20,2308.53,1
TXN103932,Kathmandu - Kupondole,Kathmandu,2025-07-02,6871.51,9
TXN103933,Butwal - Traffic Chowk,Butwal,2025-10-11,5256.889999999999,11
TXN103934,Butwal - Traffic Chowk,Butwal,2025-05-13,15391.85,16
TXN103935,Pokhara - Lakeside,Pokhara,2025-09-25,2204.66,2
TXN103936,Biratnagar - Main Road,Biratnagar,2025-06-01,1396.94,2
TXN103937,Biratnagar - Main Road,Biratnagar,2025-08-26,5854.78,9
TXN103938,Butwal - Traffic Chowk,Butwal,2025-12-12,8922.48,7
TXN103939,Butwal - Traffic Chowk,Butwal,2025-11-02,5263.65,5
TXN103940,Kathmandu - Kupondole,Kathmandu,2025-09-24,3261.26,9
TXN103941,Bhaktapur - Suryabinayak,Bhaktapur,2025-06-23,3213.54,10
TXN103942,Chitwan - Bharatpur,Chitwan,2025-08-11,132.33,1
TXN103943,Kathmandu - New Road,Kathmandu,2025-06-25,1248.91,5
TXN103944,Lalitpur - Pulchowk,Lalitpur,2025-10-07,1189.74,6
TXN103945,Lalitpur - Pulchowk,Lalitpur,2025-03-26,6587.66,16
TXN103946,Butwal - Traffic Chowk,Butwal,2025-05-30,430.7,2
TXN103947,Chitwan - Bharatpur,Chitwan,2025-09-29,14263.32,12
TXN103948,Lalitpur - Pulchowk,Lalitpur,2025-07-15,5136.63,6
TXN103949,Kathmandu - Kupondole,Kathmandu,2025-11-18,12600.76,8
TXN103950,Kathmandu - Kupondole,Kathmandu,2025-11-26,17316.58,13
TXN103951,Kathmandu - New Road,Kathmandu,2025-01-18,1293.8,7
TXN103952,Pokhara - Lakeside,Pokhara,2025-03-24,4001.9700000000003,8
TXN103953,Butwal - Traffic Chowk,Butwal,2025-03-30,15485.32,13
TXN103954,Lalitpur - Pulchowk,Lalitpur,2025-01-05,4568.93,12
TXN103955,Kathmandu - Kupondole,Kathmandu,2025-11-14,2608.61,8
TXN103956,Lalitpur - Pulchowk,Lalitpur,2025-10-12,18919.95,14
TXN103957,Butwal - Traffic Chowk,Butwal,2025-10-07,4507.429999999999,7
TXN103958,Kathmandu - New Road,Kathmandu,2025-01-19,8962.2,18
TXN103959,Butwal - Traffic Chowk,Butwal,2025-10-19,16733.88,14
TXN103960,Bhaktapur - Suryabinayak,Bhaktapur,2025-03-30,8233.64,12
TXN103961,Butwal - Traffic Chowk,Butwal,2025-04-01,641.55,1
TXN103962,Kathmandu - Kupondole,Kathmandu,2025-12-07,9627.38,13
TXN103963,Biratnagar - Main Road,Biratnagar,2025-02-04,1909.71,5
TXN103964,Kathmandu - Kupondole,Kathmandu,2025-02-08,3813.29,9
TXN103965,Lalitpur - Pulchowk,Lalitpur,2025-11-19,878.92,4
TXN103966,Bhaktapur - Suryabinayak,Bhaktapur,2025-01-05,1926.34,7
TXN103967,Butwal - Traffic Chowk,Butwal,2025-08-31,4196.57,7
TXN103968,Kathmandu - New Road,Kathmandu,2025-12-30,8920.92,3
TXN103969,Kathmandu - Kupondole,Kathmandu,2025-09-18,2279.44,4
TXN103970,Chitwan - Bharatpur,Chitwan,2025-09-12,8519.720000000001,7
TXN103971,Biratnagar - Main Road,Biratnagar,2025-02-16,5604.23,7
TXN103972,Kathmandu - Kupondole,Kathmandu,2025-05-10,668.45,2
TXN103973,Chitwan - Bharatpur,Chitwan,2025-09-04,5997.92,4
TXN103974,Pokhara - Lakeside,Pokhara,2025-07-13,2124.04,6
TXN103975,Lalitpur - Pulchowk,Lalitpur,2025-09-09,5040.36,9
TXN103976,Lalitpur - Pulchowk,Lalitpur,2025-03-11,8585.9,7
TXN103977,Kathmandu - New Road,Kathmandu,2025-11-12,8289.66,12
TXN103978,Kathmandu - Kupondole,Kathmandu,2025-05-29,17462.239999999998,8
TXN103979,Pokhara - Lakeside,Pokhara,2025-11-07,7941.39,3
TXN103980,Kathmandu - Kupondole,Kathmandu,2025-07-27,11024.2,9
TXN103981,Kathmandu - Kupondole,Kathmandu,2025-10-23,3712.41,9
TXN103982,Kathmandu - New Road,Kathmandu,2025-10-23,22404.94,11
TXN103983,Butwal - Traffic Chowk,Butwal,2025-12-17,3182.25,10
TXN103984,Biratnagar - Main Road,Biratnagar,2025-11-18,3044.1800000000003,6
TXN103985,Bhaktapur - Suryabinayak,Bhaktapur,2025-09-14,10377.14,10
TXN103986,Bhaktapur - Suryabinayak,Bhaktapur,2025-08-21,2608.5,6
TXN103987,Pokhara - Lakeside,Pokhara,2025-11-07,473.54,1
TXN103988,Butwal - Traffic Chowk,Butwal,2025-02-24,11562.699999999999,9
TXN103989,Butwal - Traffic Chowk,Butwal,2025-11-26,5321.23,4
TXN103990,Kathmandu - New Road,Kathmandu,2025-05-28,1590.3899999999999,4
TXN103991,Biratnagar - Main Road,Biratnagar,2025-01-04,7683.82,4
TXN103992,Kathmandu - Kupondole,Kathmandu,2025-10-12,2171.99,7
TXN103993,Bhaktapur - Suryabinayak,Bhaktapur,2025-11-07,7358.12,5
TXN103994,Biratnagar - Main Road,Biratnagar,2025-08-20,4633.68,4
TXN103995,Kathmandu - New Road,Kathmandu,2025-01-25,9578.31,10
TXN103996,Chitwan - Bharatpur,Chitwan,2025-10-19,1808.1399999999999,5
TXN103997,Kathmandu - Kupondole,Kathmandu,2025-08-22,3391.41,1
TXN103998,Kathmandu - Kupondole,Kathmandu,2025-10-04,17685.559999999998,10
TXN103999,Kathmandu - Kupondole,Kathmandu,2025-09-18,3737.79,5
TXN104000,Biratnagar - Main Road,Biratnagar,2025-09-02,8760.25,12
TXN104001,Kathmandu - Kupondole,Kathmandu,2025-10-09,2693.7200000000003,7
TXN104002,Bhaktapur - Suryabinayak,Bhaktapur,2025-12-07,2921.36,6
TXN104003,Butwal - Traffic Chowk,Butwal,2025-09-16,5556.52,10
TXN104004,Biratnagar - Main Road,Biratnagar,2025-06-20,1127.94,3
TXN104005,Bhaktapur - Suryabinayak,Bhaktapur,2025-03-02,3736.75,8
TXN104006,Kathmandu - Kupondole,Kathmandu,2025-08-28,2630.9300000000003,5
TXN104007,Bhaktapur - Suryabinayak,Bhaktapur,2025-09-26,6196.84,8
TXN104008,Kathmandu - Kupondole,Kathmandu,2025-09-04,6370.21,12
TXN104009,Butwal - Traffic Chowk,Butwal,2025-05-14,6226.68,10
TXN104010,Kathmandu - Kupondole,Kathmandu,2025-03-22,7720.37,18
TXN104011,Lalitpur - Pulchowk,Lalitpur,2025-10-22,5320.91,11
TXN104012,Lalitpur - Pulchowk,Lalitpur,2025-03-13,10894.84,7
TXN104013,Bhaktapur - Suryabinayak,Bhaktapur,2025-09-09,1632.0,7
TXN104014,Butwal - Traffic Chowk,Butwal,2025-05-28,2840.07,3
TXN104015,Lalitpur - Pulchowk,Lalitpur,2025-11-01,1902.32,8
TXN104016,Lalitpur - Pulchowk,Lalitpur,2025-12-26,1502.4,3
TXN104017,Bhaktapur - Suryabinayak,Bhaktapur,2025-09-12,960.5200000000001,6
TXN104018,Pokhara - Lakeside,Pokhara,2025-04-05,13714.619999999999,9
TXN104019,Bhaktapur - Suryabinayak,Bhaktapur,2025-04-18,3097.48,9
TXN104020,Pokhara - Lakeside,Pokhara,2025-10-21,4604.56,4
TXN104021,Kathmandu - Kupondole,Kathmandu,2025-11-07,2580.93,5
TXN104022,Bhaktapur - Suryabinayak,Bhaktapur,2025-09-22,608.66,2
TXN104023,Kathmandu - New Road,Kathmandu,2025-03-29,359.82,3
TXN104024,Lalitpur - Pulchowk,Lalitpur,2025-11-12,3251.54,6
TXN104025,Bhaktapur - Suryabinayak,Bhaktapur,2025-04-16,2106.21,3
TXN104026,Bhaktapur - Suryabinayak,Bhaktapur,2025-09-27,1494.87,4
TXN104027,Pokhara - Lakeside,Pokhara,2025-02-08,8231.28,15
TXN104028,Bhaktapur - Suryabinayak,Bhaktapur,2025-08-31,274.2,1
TXN104029,Pokhara - Lakeside,Pokhara,2025-11-24,2378.3,4
TXN104030,Lalitpur - Pulchowk,Lalitpur,2025-07-09,19201.579999999998,15
TXN104031,Pokhara - Lakeside,Pokhara,2025-12-20,298.14,3
TXN104032,Butwal - Traffic Chowk,Butwal,2025-08-20,14688.63,15
TXN104033,Bhaktapur - Suryabinayak,Bhaktapur,2025-02-17,25710.579999999998,14
TXN104034,Bhaktapur - Suryabinayak,Bhaktapur,2025-11-09,4827.01,9
TXN104035,Pokhara - Lakeside,Pokhara,2025-10-05,1725.69,9
TXN104036,Bhaktapur - Suryabinayak,Bhaktapur,2025-09-10,5219.950000000001,7
TXN104037,Chitwan - Bharatpur,Chitwan,2025-05-30,297.61,1
TXN104038,Butwal - Traffic Chowk,Butwal,2025-09-10,2880.5,8
TXN104039,Kathmandu - New Road,Kathmandu,2025-11-13,14572.18,12
TXN104040,Bhaktapur - Suryabinayak,Bhaktapur,2025-10-29,3153.44,10
TXN104041,Pokhara - Lakeside,Pokhara,2025-08-20,3449.06,4
TXN104042,Lalitpur - Pulchowk,Lalitpur,2025-01-27,2389.38,7
TXN104043,Bhaktapur - Suryabinayak,Bhaktapur,2025-12-29,4560.8,5
TXN104044,Lalitpur - Pulchowk,Lalitpur,2025-02-27,11199.14,11
TXN104045,Pokhara - Lakeside,Pokhara,2025-01-15,2471.56,4
TXN104046,Butwal - Traffic Chowk,Butwal,2025-04-18,3692.86,2
TXN104047,Pokhara - Lakeside,Pokhara,2025-04-12,4512.95,13
TXN104048,Kathmandu - Kupondole,Kathmandu,2025-08-02,2977.47,4
TXN104049,Bhaktapur - Suryabinayak,Bhaktapur,2025-12-21,512.88,1
TXN104050,Kathmandu - Kupondole,Kathmandu,2025-11-13,3574.0,5
TXN104051,Lalitpur - Pulchowk,Lalitpur,2025-03-27,14302.31,13
TXN104052,Lalitpur - Pulchowk,Lalitpur,2025-12-28,3387.02,7
TXN104053,Butwal - Traffic Chowk,Butwal,2025-10-30,988.96,4
TXN104054,Pokhara - Lakeside,Pokhara,2025-09-29,10214.07,10
TXN104055,Bhaktapur - Suryabinayak,Bhaktapur,2025-12-25,1696.99,1
TXN104056,Kathmandu - New Road,Kathmandu,2025-10-14,4627.49,6
TXN104057,Pokhara - Lakeside,Pokhara,2025-04-02,525.92,1
TXN104058,Bhaktapur - Suryabinayak,Bhaktapur,2025-10-30,3669.41,6
TXN104059,Kathmandu - Kupondole,Kathmandu,2025-12-09,2871.12,2
TXN104060,Kathmandu - New Road,Kathmandu,2025-08-05,4197.54,5
TXN104061,Pokhara - Lakeside,Pokhara,2025-09-22,9578.77,9
TXN104062,Kathmandu - Kupondole,Kathmandu,2025-07-10,2996.96,11
TXN104063,Biratnagar - Main Road,Biratnagar,2025-11-17,722.02,1
TXN104064,Bhaktapur - Suryabinayak,Bhaktapur,2025-09-20,23468.37,9
TXN104065,Butwal - Traffic Chowk,Butwal,2025-09-30,8496.51,11
TXN104066,Pokhara - Lakeside,Pokhara,2025-09-29,4461.29,7
TXN104067,Kathmandu - Kupondole,Kathmandu,2025-11-20,16417.3,10
TXN104068,Butwal - Traffic Chowk,Butwal,2025-05-14,13383.16,11
TXN104069,Lalitpur - Pulchowk,Lalitpur,2025-10-05,2365.34,14
TXN104070,Kathmandu - Kupondole,Kathmandu,2025-09-27,15989.2,15
TXN104071,Bhaktapur - Suryabinayak,Bhaktapur,2025-02-03,1892.07,5
TXN104072,Kathmandu - Kupondole,Kathmandu,2025-11-14,4327.05,8
TXN104073,Butwal - Traffic Chowk,Butwal,2025-10-15,2171.9300000000003,5
TXN104074,Bhaktapur - Suryabinayak,Bhaktapur,2025-10-30,1854.75,3
TXN104075,Kathmandu - Kupondole,Kathmandu,2025-09-19,4743.49,10
TXN104076,Lalitpur - Pulchowk,Lalitpur,2025-12-01,1298.08,4
TXN104077,Pokhara - Lakeside,Pokhara,2025-11-19,5127.04,12
TXN104078,Bhaktapur - Suryabinayak,Bhaktapur,2025-09-03,12392.079999999998,11
TXN104079,Kathmandu - Kupondole,Kathmandu,2025-10-06,2184.91,5
TXN104080,Lalitpur - Pulchowk,Lalitpur,2025-09-16,5546.3,12
TXN104081,Chitwan - Bharatpur,Chitwan,2025-05-26,3758.34,9
TXN104082,Lalitpur - Pulchowk,Lalitpur,2025-05-21,1692.19,3
TXN104083,Lalitpur - Pulchowk,Lalitpur,2025-11-20,2420.02,11
TXN104084,Kathmandu - New Road,Kathmandu,2025-10-11,2716.69,7
TXN104085,Kathmandu - Kupondole,Kathmandu,2025-11-25,4251.9,3
TXN104086,Lalitpur - Pulchowk,Lalitpur,2025-01-25,1020.26,2
TXN104087,Kathmandu - Kupondole,Kathmandu,2025-09-03,1905.26,4
TXN104088,Butwal - Traffic Chowk,Butwal,2025-10-14,2228.4,3
TXN104089,Bhaktapur - Suryabinayak,Bhaktapur,2025-12-05,5124.09,6
TXN104090,Lalitpur - Pulchowk,Lalitpur,2025-11-10,1576.48,5
TXN104091,Kathmandu - Kupondole,Kathmandu,2025-11-05,2018.5900000000001,9
TXN104092,Pokhara - Lakeside,Pokhara,2025-12-22,1379.3000000000002,5
TXN104093,Pokhara - Lakeside,Pokhara,2025-02-18,1709.58,6
TXN104094,Bhaktapur - Suryabinayak,Bhaktapur,2025-10-07,619.87,3
TXN104095,Kathmandu - New Road,Kathmandu,2025-01-06,10734.0,8
TXN104096,Biratnagar - Main Road,Biratnagar,2025-09-11,415.61,4
TXN104097,Biratnagar - Main Road,Biratnagar,2025-04-21,3264.11,11
TXN104098,Chitwan - Bharatpur,Chitwan,2025-05-31,2446.87,7
TXN104099,Lalitpur - Pulchowk,Lalitpur,2025-10-06,8050.58,10
TXN104100,Butwal - Traffic Chowk,Butwal,2025-12-04,16981.05,10
TXN104101,Butwal - Traffic Chowk,Butwal,2025-10-14,4004.07,5
TXN104102,Kathmandu - New Road,Kathmandu,2025-06-04,10441.52,11
TXN104103,Bhaktapur - Suryabinayak,Bhaktapur,2025-11-08,13133.08,4
TXN104104,Lalitpur - Pulchowk,Lalitpur,2025-06-27,4681.72,7
TXN104105,Butwal - Traffic Chowk,Butwal,2025-07-15,1649.4,3
TXN104106,Lalitpur - Pulchowk,Lalitpur,2025-05-19,3806.75,9
TXN104107,Butwal - Traffic Chowk,Butwal,2025-12-14,3484.29,11
TXN104108,Kathmandu - New Road,Kathmandu,2025-12-28,8291.61,9
TXN104109,Kathmandu - Kupondole,Kathmandu,2025-12-17,5801.59,7
TXN104110,Biratnagar - Main Road,Biratnagar,2025-09-12,8062.5599999999995,14
TXN104111,Pokhara - Lakeside,Pokhara,2025-11-16,1756.8600000000001,5
TXN104112,Kathmandu - Kupondole,Kathmandu,2025-04-09,7142.4400000000005,8
TXN104113,Butwal - Traffic Chowk,Butwal,2025-03-11,3122.12,12
TXN104114,Butwal - Traffic Chowk,Butwal,2025-08-30,416.25,1
TXN104115,Biratnagar - Main Road,Biratnagar,2025-06-18,4300.87,8
TXN104116,Butwal - Traffic Chowk,Butwal,2025-12-17,4050.87,10
TXN104117,Pokhara - Lakeside,Pokhara,2025-05-17,11784.01,7
TXN104118,Pokhara - Lakeside,Pokhara,2025-11-21,625.44,3
TXN104119,Kathmandu - New Road,Kathmandu,2025-12-19,372.12,3
TXN104120,Kathmandu - New Road,Kathmandu,2025-10-03,13379.54,10
TXN104121,Butwal - Traffic Chowk,Butwal,2025-12-26,13521.599999999999,15
TXN104122,Kathmandu - Kupondole,Kathmandu,2025-08-09,4810.51,11
TXN104123,Kathmandu - New Road,Kathmandu,2025-12-17,2672.1000000000004,6
TXN104124,Kathmandu - Kupondole,Kathmandu,2025-04-12,2488.26,8
TXN104125,Bhaktapur - Suryabinayak,Bhaktapur,2025-11-22,601.08,4
TXN104126,Kathmandu - New Road,Kathmandu,2025-04-08,788.56,2
TXN104127,Bhaktapur - Suryabinayak,Bhaktapur,2025-07-14,993.64,4
TXN104128,Lalitpur - Pulchowk,Lalitpur,2025-07-07,7725.01,10
TXN104129,Kathmandu - New Road,Kathmandu,2025-04-29,13701.04,17
TXN104130,Biratnagar - Main Road,Biratnagar,2025-12-30,5435.24,13
TXN104131,Bhaktapur - Suryabinayak,Bhaktapur,2025-09-11,719.61,1
TXN104132,Bhaktapur - Suryabinayak,Bhaktapur,2025-04-24,1168.5,8
TXN104133,Bhaktapur - Suryabinayak,Bhaktapur,2025-01-30,14013.78,14
TXN104134,Lalitpur - Pulchowk,Lalitpur,2025-11-11,4831.66,7
TXN104135,Kathmandu - Kupondole,Kathmandu,2025-09-09,11436.39,5
TXN104136,Butwal - Traffic Chowk,Butwal,2025-10-03,19058.34,16
TXN104137,Lalitpur - Pulchowk,Lalitpur,2025-03-23,4959.84,8
TXN104138,Butwal - Traffic Chowk,Butwal,2025-11-19,9333.84,11
TXN104139,Chitwan - Bharatpur,Chitwan,2025-09-01,8920.08,14
TXN104140,Bhaktapur - Suryabinayak,Bhaktapur,2025-04-10,624.75,3
TXN104141,Biratnagar - Main Road,Biratnagar,2025-06-25,3505.06,11
TXN104142,Butwal - Traffic Chowk,Butwal,2025-06-20,6412.61,11
TXN104143,Pokhara - Lakeside,Pokhara,2025-09-16,10369.82,5
TXN104144,Kathmandu - New Road,Kathmandu,2025-09-08,1152.78,4
TXN104145,Kathmandu - Kupondole,Kathmandu,2025-02-24,3447.84,7
TXN104146,Kathmandu - New Road,Kathmandu,2025-06-22,9929.08,4
TXN104147,Biratnagar - Main Road,Biratnagar,2025-12-14,1033.94,6
TXN104148,Kathmandu - Kupondole,Kathmandu,2025-11-27,7849.219999999999,13
TXN104149,Lalitpur - Pulchowk,Lalitpur,2025-10-12,4330.44,5
TXN104150,Chitwan - Bharatpur,Chitwan,2025-02-25,577.2,3
TXN104151,Kathmandu - Kupondole,Kathmandu,2025-09-10,9851.41,9
TXN104152,Kathmandu - New Road,Kathmandu,2025-06-04,1401.73,4
TXN104153,Lalitpur - Pulchowk,Lalitpur,2025-11-13,8365.92,8
TXN104154,Kathmandu - New Road,Kathmandu,2025-05-03,9843.94,9
TXN104155,Biratnagar - Main Road,Biratnagar,2025-11-13,15530.15,9
TXN104156,Kathmandu - New Road,Kathmandu,2025-04-06,17288.86,14
TXN104157,Kathmandu - New Road,Kathmandu,2025-10-12,5608.81,9
TXN104158,Butwal - Traffic Chowk,Butwal,2025-02-20,1751.8799999999999,6
TXN104159,Bhaktapur - Suryabinayak,Bhaktapur,2025-06-19,9552.86,10
TXN104160,Lalitpur - Pulchowk,Lalitpur,2025-07-05,4034.02,10
TXN104161,Butwal - Traffic Chowk,Butwal,2025-01-02,8592.74,6
TXN104162,Kathmandu - New Road,Kathmandu,2025-11-18,9685.56,8
TXN104163,Pokhara - Lakeside,Pokhara,2025-12-05,8833.86,16
TXN104164,Kathmandu - New Road,Kathmandu,2025-04-06,12839.49,12
TXN104165,Butwal - Traffic Chowk,Butwal,2025-12-12,2208.8199999999997,10
TXN104166,Bhaktapur - Suryabinayak,Bhaktapur,2025-09-03,7319.63,12
TXN104167,Kathmandu - New Road,Kathmandu,2025-10-12,4615.96,6
TXN104168,Lalitpur - Pulchowk,Lalitpur,2025-11-04,3874.72,10
TXN104169,Kathmandu - New Road,Kathmandu,2025-11-15,10236.86,10
TXN104170,Butwal - Traffic Chowk,Butwal,2025-04-08,5600.719999999999,7
TXN104171,Kathmandu - New Road,Kathmandu,2025-11-05,5568.700000000001,10
TXN104172,Kathmandu - New Road,Kathmandu,2025-05-29,2707.4,7
TXN104173,Lalitpur - Pulchowk,Lalitpur,2025-06-15,8513.09,11
TXN104174,Pokhara - Lakeside,Pokhara,2025-11-12,2902.59,3
TXN104175,Bhaktapur - Suryabinayak,Bhaktapur,2025-10-19,3640.6000000000004,5
TXN104176,Bhaktapur - Suryabinayak,Bhaktapur,2025-03-18,10404.869999999999,12
TXN104177,Kathmandu - New Road,Kathmandu,2025-08-29,8976.779999999999,7
TXN104178,Biratnagar - Main Road,Biratnagar,2025-01-28,9511.07,7
TXN104179,Butwal - Traffic Chowk,Butwal,2025-08-19,3704.6499999999996,7
TXN104180,Kathmandu - New Road,Kathmandu,2025-11-10,12466.24,12
TXN104181,Chitwan - Bharatpur,Chitwan,2025-04-19,2585.0099999999998,10
TXN104182,Pokhara - Lakeside,Pokhara,2025-02-18,11494.92,6
TXN104183,Kathmandu - Kupondole,Kathmandu,2025-07-28,7215.15,4
TXN104184,Pokhara - Lakeside,Pokhara,2025-02-21,963.99,1
TXN104185,Kathmandu - Kupondole,Kathmandu,2025-08-05,3299.54,3
TXN104186,Bhaktapur - Suryabinayak,Bhaktapur,2025-02-16,2374.8599999999997,10
TXN104187,Biratnagar - Main Road,Biratnagar,2025-06-29,3224.8,6
TXN104188,Butwal - Traffic Chowk,Butwal,2025-04-21,12533.02,8
TXN104189,Biratnagar - Main Road,Biratnagar,2025-09-02,1339.92,1
TXN104190,Lalitpur - Pulchowk,Lalitpur,2025-12-17,4744.45,11
TXN104191,Butwal - Traffic Chowk,Butwal,2025-08-24,5864.6900000000005,10
TXN104192,Bhaktapur - Suryabinayak,Bhaktapur,2025-07-30,6612.42,8
TXN104193,Biratnagar - Main Road,Biratnagar,2025-01-11,303.4,2
TXN104194,Kathmandu - New Road,Kathmandu,2025-11-04,397.46,2
TXN104195,Lalitpur - Pulchowk,Lalitpur,2025-09-02,874.83,3
TXN104196,Pokhara - Lakeside,Pokhara,2025-10-25,304.6,2
TXN104197,Kathmandu - Kupondole,Kathmandu,2025-08-23,2243.15,10
TXN104198,Butwal - Traffic Chowk,Butwal,2025-09-06,10916.630000000001,11
TXN104199,Lalitpur - Pulchowk,Lalitpur,2025-07-31,11415.230000000001,9
TXN104200,Bhaktapur - Suryabinayak,Bhaktapur,2025-02-05,1728.92,8
TXN104201,Biratnagar - Main Road,Biratnagar,2025-03-10,1484.07,3
TXN104202,Chitwan - Bharatpur,Chitwan,2025-03-06,3093.4700000000003,14
TXN104203,Kathmandu - New Road,Kathmandu,2025-02-14,2031.3600000000001,4
TXN104204,Biratnagar - Main Road,Biratnagar,2025-04-08,302.2,1
TXN104205,Bhaktapur - Suryabinayak,Bhaktapur,2025-10-10,2293.5,10
TXN104206,Kathmandu - Kupondole,Kathmandu,2025-07-22,4379.57,11
TXN104207,Bhaktapur - Suryabinayak,Bhaktapur,2025-12-25,555.21,3
TXN104208,Kathmandu - Kupondole,Kathmandu,2025-06-17,4216.51,9
TXN104209,Bhaktapur - Suryabinayak,Bhaktapur,2025-04-02,8609.880000000001,13
TXN104210,Kathmandu - New Road,Kathmandu,2025-12-31,5081.04,4
TXN104211,Kathmandu - Kupondole,Kathmandu,2025-09-03,1659.1000000000001,4
TXN104212,Butwal - Traffic Chowk,Butwal,2025-08-28,26591.84,12
TXN104213,Butwal - Traffic Chowk,Butwal,2025-06-22,7949.83,10
TXN104214,Biratnagar - Main Road,Biratnagar,2025-05-27,712.08,2
TXN104215,Kathmandu - Kupondole,Kathmandu,2025-11-28,4129.110000000001,9
TXN104216,Chitwan - Bharatpur,Chitwan,2025-11-21,4819.39,11
TXN104217,Pokhara - Lakeside,Pokhara,2025-04-16,1424.12,4
TXN104218,Lalitpur - Pulchowk,Lalitpur,2025-01-29,1079.64,4
TXN104219,Pokhara - Lakeside,Pokhara,2025-08-22,9246.439999999999,10
TXN104220,Butwal - Traffic Chowk,Butwal,2025-09-30,7858.01,12
TXN104221,Bhaktapur - Suryabinayak,Bhaktapur,2025-04-13,3356.2200000000003,9
TXN104222,Kathmandu - Kupondole,Kathmandu,2025-03-09,3347.68,4
TXN104223,Kathmandu - Kupondole,Kathmandu,2025-11-28,16273.49,11
TXN104224,Biratnagar - Main Road,Biratnagar,2025-02-15,9383.67,9
TXN104225,Pokhara - Lakeside,Pokhara,2025-01-21,4822.14,2
TXN104226,Bhaktapur - Suryabinayak,Bhaktapur,2025-04-19,248.77,1
TXN104227,Kathmandu - Kupondole,Kathmandu,2025-06-12,4074.0299999999997,3
TXN104228,Kathmandu - Kupondole,Kathmandu,2025-02-17,634.7,2
TXN104229,Pokhara - Lakeside,Pokhara,2025-01-11,15007.420000000002,9
TXN104230,Chitwan - Bharatpur,Chitwan,2025-10-08,4367.58,10
TXN104231,Biratnagar - Main Road,Biratnagar,2025-04-04,2253.44,6
TXN104232,Pokhara - Lakeside,Pokhara,2025-07-12,14523.79,12
TXN104233,Kathmandu - Kupondole,Kathmandu,2025-09-09,986.51,3
TXN104234,Butwal - Traffic Chowk,Butwal,2025-11-23,6427.28,4
TXN104235,Bhaktapur - Suryabinayak,Bhaktapur,2025-07-26,7772.780000000001,12
TXN104236,Bhaktapur - Suryabinayak,Bhaktapur,2025-06-23,1372.17,5
TXN104237,Chitwan - Bharatpur,Chitwan,2025-06-08,5303.82,6
TXN104238,Lalitpur - Pulchowk,Lalitpur,2025-06-25,4838.48,13
TXN104239,Chitwan - Bharatpur,Chitwan,2025-03-06,12200.859999999999,14
TXN104240,Bhaktapur - Suryabinayak,Bhaktapur,2025-07-13,19108.27,10
TXN104241,Butwal - Traffic Chowk,Butwal,2025-06-30,7891.08,5
TXN104242,Kathmandu - Kupondole,Kathmandu,2025-10-12,554.27,2
TXN104243,Lalitpur - Pulchowk,Lalitpur,2025-09-21,4811.47,10
TXN104244,Chitwan - Bharatpur,Chitwan,2025-04-25,2176.28,6
TXN104245,Butwal - Traffic Chowk,Butwal,2025-08-02,6748.58,12
TXN104246,Chitwan - Bharatpur,Chitwan,2025-12-12,739.92,3
TXN104247,Kathmandu - Kupondole,Kathmandu,2025-08-12,1781.16,3
TXN104248,Kathmandu - Kupondole,Kathmandu,2025-09-06,10151.08,7
TXN104249,Butwal - Traffic Chowk,Butwal,2025-05-13,887.52,4
TXN104250,Kathmandu - New Road,Kathmandu,2025-09-20,5625.9,10
TXN104251,Butwal - Traffic Chowk,Butwal,2025-03-01,4652.84,8
TXN104252,Chitwan - Bharatpur,Chitwan,2025-05-26,10727.119999999999,8
TXN104253,Kathmandu - Kupondole,Kathmandu,2025-04-10,5353.84,4
TXN104254,Butwal - Traffic Chowk,Butwal,2025-12-27,2029.23,3
TXN104255,Lalitpur - Pulchowk,Lalitpur,2025-04-06,3845.1000000000004,4
TXN104256,Lalitpur - Pulchowk,Lalitpur,2025-01-16,2528.4900000000002,5
TXN104257,Kathmandu - Kupondole,Kathmandu,2025-07-13,4311.87,9
TXN104258,Butwal - Traffic Chowk,Butwal,2025-09-04,2465.54,1
TXN104259,Biratnagar - Main Road,Biratnagar,2025-06-18,4754.0,8
TXN104260,Biratnagar - Main Road,Biratnagar,2025-03-15,14565.83,11
TXN104261,Kathmandu - New Road,Kathmandu,2025-11-28,1904.7,1
TXN104262,Kathmandu - Kupondole,Kathmandu,2025-06-02,6242.59,14
TXN104263,Bhaktapur - Suryabinayak,Bhaktapur,2025-11-24,1077.03,2
TXN104264,Pokhara - Lakeside,Pokhara,2025-12-24,402.34,1
TXN104265,Pokhara - Lakeside,Pokhara,2025-04-06,2534.94,7
TXN104266,Kathmandu - Kupondole,Kathmandu,2025-09-28,616.05,3
TXN104267,Lalitpur - Pulchowk,Lalitpur,2025-10-13,1346.44,8
TXN104268,Kathmandu - New Road,Kathmandu,2025-11-18,8251.64,17
TXN104269,Bhaktapur - Suryabinayak,Bhaktapur,2025-01-29,7385.900000000001,10
TXN104270,Pokhara - Lakeside,Pokhara,2025-11-11,8303.84,13
TXN104271,Pokhara - Lakeside,Pokhara,2025-06-11,3876.16,14
TXN104272,Biratnagar - Main Road,Biratnagar,2025-09-18,1608.1,4
TXN104273,Kathmandu - Kupondole,Kathmandu,2025-10-27,8631.17,9
TXN104274,Bhaktapur - Suryabinayak,Bhaktapur,2025-09-18,2797.32,8
TXN104275,Bhaktapur - Suryabinayak,Bhaktapur,2025-02-24,8173.469999999999,7
TXN104276,Pokhara - Lakeside,Pokhara,2025-07-09,2683.68,10
TXN104277,Bhaktapur - Suryabinayak,Bhaktapur,2025-09-10,19370.9,13
TXN104278,Lalitpur - Pulchowk,Lalitpur,2025-09-09,6001.049999999999,9
TXN104279,Kathmandu - New Road,Kathmandu,2025-02-27,1655.1399999999999,7
TXN104280,Kathmandu - Kupondole,Kathmandu,2025-09-03,3644.96,8
TXN104281,Butwal - Traffic Chowk,Butwal,2025-10-31,5894.12,12
TXN104282,Butwal - Traffic Chowk,Butwal,2025-12-06,10928.26,10
TXN104283,Biratnagar - Main Road,Biratnagar,2025-05-13,732.98,1
TXN104284,Kathmandu - New Road,Kathmandu,2025-03-26,7682.51,14
TXN104285,Lalitpur - Pulchowk,Lalitpur,2025-12-19,8729.3,7
TXN104286,Kathmandu - Kupondole,Kathmandu,2025-04-17,1118.96,4
TXN104287,Butwal - Traffic Chowk,Butwal,2025-06-14,6699.46,6
TXN104288,Kathmandu - New Road,Kathmandu,2025-06-03,11764.87,11
TXN104289,Kathmandu - Kupondole,Kathmandu,2025-09-26,3994.12,4
TXN104290,Lalitpur - Pulchowk,Lalitpur,2025-11-12,12460.21,14
TXN104291,Biratnagar - Main Road,Biratnagar,2025-07-28,1984.81,13
TXN104292,Butwal - Traffic Chowk,Butwal,2025-07-06,267.0,3
TXN104293,Bhaktapur - Suryabinayak,Bhaktapur,2025-09-23,10707.21,13
TXN104294,Lalitpur - Pulchowk,Lalitpur,2025-03-02,3402.7799999999997,12
TXN104295,Bhaktapur - Suryabinayak,Bhaktapur,2025-11-07,7646.4,3
TXN104296,Kathmandu - New Road,Kathmandu,2025-07-17,3609.59,7
TXN104297,Bhaktapur - Suryabinayak,Bhaktapur,2025-09-10,12965.97,5
TXN104298,Butwal - Traffic Chowk,Butwal,2025-10-31,1213.99,1
TXN104299,Lalitpur - Pulchowk,Lalitpur,2025-10-12,16441.66,15
TXN104300,Lalitpur - Pulchowk,Lalitpur,2025-01-15,6921.61,9
TXN104301,Butwal - Traffic Chowk,Butwal,2025-09-24,4026.38,8
TXN104302,Kathmandu - New Road,Kathmandu,2025-10-15,1297.92,2
TXN104303,Chitwan - Bharatpur,Chitwan,2025-08-13,588.16,2
TXN104304,Chitwan - Bharatpur,Chitwan,2025-12-03,2471.16,12
TXN104305,Kathmandu - New Road,Kathmandu,2025-12-12,3921.4,9
TXN104306,Bhaktapur - Suryabinayak,Bhaktapur,2025-01-06,2710.8600000000006,4
TXN104307,Kathmandu - Kupondole,Kathmandu,2025-04-19,9312.3,9
TXN104308,Kathmandu - Kupondole,Kathmandu,2025-11-08,2931.9500000000003,7
TXN104309,Kathmandu - New Road,Kathmandu,2025-06-22,7168.67,13
TXN104310,Kathmandu - Kupondole,Kathmandu,2025-04-02,2427.48,8
TXN104311,Kathmandu - Kupondole,Kathmandu,2025-03-23,3136.04,11
TXN104312,Butwal - Traffic Chowk,Butwal,2025-06-03,8014.78,14
TXN104313,Kathmandu - Kupondole,Kathmandu,2025-09-03,4348.5599999999995,5
TXN104314,Chitwan - Bharatpur,Chitwan,2025-01-26,6673.8099999999995,14
TXN104315,Kathmandu - Kupondole,Kathmandu,2025-04-13,8445.2,7
TXN104316,Kathmandu - New Road,Kathmandu,2025-11-28,3505.0299999999997,5
TXN104317,Kathmandu - New Road,Kathmandu,2025-06-02,1779.04,2
TXN104318,Bhaktapur - Suryabinayak,Bhaktapur,2025-12-04,187.96,2
TXN104319,Kathmandu - New Road,Kathmandu,2025-09-25,6083.349999999999,7
TXN104320,Bhaktapur - Suryabinayak,Bhaktapur,2025-12-17,1150.44,4
TXN104321,Bhaktapur - Suryabinayak,Bhaktapur,2025-02-10,516.27,3
TXN104322,Lalitpur - Pulchowk,Lalitpur,2025-06-26,18672.59,11
TXN104323,Pokhara - Lakeside,Pokhara,2025-04-30,3416.05,5
TXN104324,Lalitpur - Pulchowk,Lalitpur,2025-10-01,663.75,3
TXN104325,Chitwan - Bharatpur,Chitwan,2025-04-02,2275.92,10
TXN104326,Lalitpur - Pulchowk,Lalitpur,2025-09-03,7859.09,16
TXN104327,Bhaktapur - Suryabinayak,Bhaktapur,2025-10-24,3587.8199999999997,6
TXN104328,Pokhara - Lakeside,Pokhara,2025-07-05,1699.5,3
TXN104329,Kathmandu - Kupondole,Kathmandu,2025-06-04,10633.27,7
TXN104330,Lalitpur - Pulchowk,Lalitpur,2025-10-13,10242.81,9
TXN104331,Kathmandu - Kupondole,Kathmandu,2025-07-17,5581.65,5
TXN104332,Bhaktapur - Suryabinayak,Bhaktapur,2025-02-14,4114.32,6
TXN104333,Bhaktapur - Suryabinayak,Bhaktapur,2025-07-05,13907.34,10
TXN104334,Biratnagar - Main Road,Biratnagar,2025-04-07,2933.35,7
TXN104335,Biratnagar - Main Road,Biratnagar,2025-11-03,2987.58,2
TXN104336,Pokhara - Lakeside,Pokhara,2025-04-10,2676.48,5
TXN104337,Kathmandu - New Road,Kathmandu,2025-01-09,3512.91,12
TXN104338,Pokhara - Lakeside,Pokhara,2025-04-14,17262.21,9
TXN104339,Bhaktapur - Suryabinayak,Bhaktapur,2025-01-08,11650.59,12
TXN104340,Bhaktapur - Suryabinayak,Bhaktapur,2025-11-25,10128.07,14
TXN104341,Kathmandu - New Road,Kathmandu,2025-04-19,2416.96,6
TXN104342,Bhaktapur - Suryabinayak,Bhaktapur,2025-06-10,1130.85,3
TXN104343,Kathmandu - Kupondole,Kathmandu,2025-09-29,6704.0,8
TXN104344,Biratnagar - Main Road,Biratnagar,2025-10-04,3663.25,3
TXN104345,Kathmandu - Kupondole,Kathmandu,2025-09-27,2435.28,3
TXN104346,Kathmandu - Kupondole,Kathmandu,2025-04-23,14304.61,10
TXN104347,Pokhara - Lakeside,Pokhara,2025-11-21,5434.35,10
TXN104348,Butwal - Traffic Chowk,Butwal,2025-05-07,4635.93,14
TXN104349,Kathmandu - New Road,Kathmandu,2025-06-15,4984.88,9
TXN104350,Pokhara - Lakeside,Pokhara,2025-07-27,12355.19,14
TXN104351,Butwal - Traffic Chowk,Butwal,2025-11-02,1172.27,5
TXN104352,Lalitpur - Pulchowk,Lalitpur,2025-01-01,6021.570000000001,11
TXN104353,Kathmandu - New Road,Kathmandu,2025-10-26,4165.14,4
TXN104354,Biratnagar - Main Road,Biratnagar,2025-10-08,1684.44,5
TXN104355,Butwal - Traffic Chowk,Butwal,2025-04-29,6485.78,6
TXN104356,Lalitpur - Pulchowk,Lalitpur,2025-11-25,1959.39,6
TXN104357,Butwal - Traffic Chowk,Butwal,2025-04-21,3452.61,6
TXN104358,Bhaktapur - Suryabinayak,Bhaktapur,2025-10-23,847.78,2
TXN104359,Butwal - Traffic Chowk,Butwal,2025-11-19,8227.2,7
TXN104360,Bhaktapur - Suryabinayak,Bhaktapur,2025-10-07,10894.78,12
TXN104361,Biratnagar - Main Road,Biratnagar,2025-11-05,2529.8,8
TXN104362,Biratnagar - Main Road,Biratnagar,2025-04-17,643.4,4
TXN104363,Bhaktapur - Suryabinayak,Bhaktapur,2025-07-03,286.56,1
TXN104364,Bhaktapur - Suryabinayak,Bhaktapur,2025-10-19,17051.809999999998,11
TXN104365,Butwal - Traffic Chowk,Butwal,2025-05-11,3942.96,14
TXN104366,Kathmandu - New Road,Kathmandu,2025-04-09,8779.89,7
TXN104367,Lalitpur - Pulchowk,Lalitpur,2025-12-02,3045.91,8
TXN104368,Butwal - Traffic Chowk,Butwal,2025-01-09,8337.07,15
TXN104369,Lalitpur - Pulchowk,Lalitpur,2025-11-07,8545.97,4
TXN104370,Butwal - Traffic Chowk,Butwal,2025-11-27,17424.980000000003,16
TXN104371,Pokhara - Lakeside,Pokhara,2025-02-28,5773.53,10
TXN104372,Kathmandu - New Road,Kathmandu,2025-10-29,3400.62,7
TXN104373,Kathmandu - Kupondole,Kathmandu,2025-04-04,8734.84,7
TXN104374,Pokhara - Lakeside,Pokhara,2025-09-07,7263.960000000001,10
TXN104375,Biratnagar - Main Road,Biratnagar,2025-10-09,2099.46,5
TXN104376,Lalitpur - Pulchowk,Lalitpur,2025-08-02,4977.61,10
TXN104377,Bhaktapur - Suryabinayak,Bhaktapur,2025-06-21,2912.25,3
TXN104378,Kathmandu - Kupondole,Kathmandu,2025-09-20,2991.46,9
TXN104379,Kathmandu - Kupondole,Kathmandu,2025-09-24,1432.0500000000002,5
TXN104380,Lalitpur - Pulchowk,Lalitpur,2025-10-18,8518.52,11
TXN104381,Pokhara - Lakeside,Pokhara,2025-08-02,9574.23,10
TXN104382,Butwal - Traffic Chowk,Butwal,2025-08-22,458.04,4
TXN104383,Bhaktapur - Suryabinayak,Bhaktapur,2025-11-24,2975.4999999999995,6
TXN104384,Lalitpur - Pulchowk,Lalitpur,2025-07-28,4145.12,8
TXN104385,Butwal - Traffic Chowk,Butwal,2025-12-22,2462.49,7
TXN104386,Bhaktapur - Suryabinayak,Bhaktapur,2025-08-15,1962.08,8
TXN104387,Pokhara - Lakeside,Pokhara,2025-10-24,3307.9700000000003,7
TXN104388,Butwal - Traffic Chowk,Butwal,2025-02-14,10579.41,14
TXN104389,Kathmandu - Kupondole,Kathmandu,2025-01-18,11458.76,10
TXN104390,Biratnagar - Main Road,Biratnagar,2025-10-01,3546.6,4
TXN104391,Pokhara - Lakeside,Pokhara,2025-11-03,2772.03,5
TXN104392,Kathmandu - Kupondole,Kathmandu,2025-10-11,4395.93,5
TXN104393,Chitwan - Bharatpur,Chitwan,2025-12-03,948.4200000000001,3
TXN104394,Kathmandu - New Road,Kathmandu,2025-06-30,4649.52,2
TXN104395,Kathmandu - New Road,Kathmandu,2025-10-20,14511.609999999999,14
TXN104396,Butwal - Traffic Chowk,Butwal,2025-07-05,8320.02,12
TXN104397,Lalitpur - Pulchowk,Lalitpur,2025-02-14,12644.73,5
TXN104398,Pokhara - Lakeside,Pokhara,2025-05-05,156.34,1
TXN104399,Chitwan - Bharatpur,Chitwan,2025-07-20,9314.49,9
TXN104400,Kathmandu - Kupondole,Kathmandu,2025-11-23,2767.26,1
TXN104401,Kathmandu - New Road,Kathmandu,2025-03-03,13164.759999999998,11
TXN104402,Bhaktapur - Suryabinayak,Bhaktapur,2025-10-18,434.54999999999995,3
TXN104403,Lalitpur - Pulchowk,Lalitpur,2025-09-24,1907.06,6
TXN104404,Butwal - Traffic Chowk,Butwal,2025-09-13,1074.44,4
TXN104405,Kathmandu - New Road,Kathmandu,2025-02-10,4786.110000000001,6
TXN104406,Lalitpur - Pulchowk,Lalitpur,2025-11-08,1462.06,2
TXN104407,Bhaktapur - Suryabinayak,Bhaktapur,2025-01-19,15872.09,17
TXN104408,Butwal - Traffic Chowk,Butwal,2025-10-09,1912.03,8
TXN104409,Kathmandu - New Road,Kathmandu,2025-05-05,962.48,2
TXN104410,Butwal - Traffic Chowk,Butwal,2025-10-13,2332.91,11
TXN104411,Chitwan - Bharatpur,Chitwan,2025-10-03,2714.88,4
TXN104412,Chitwan - Bharatpur,Chitwan,2025-11-02,3654.04,8
TXN104413,Kathmandu - Kupondole,Kathmandu,2025-03-15,1296.94,7
TXN104414,Bhaktapur - Suryabinayak,Bhaktapur,2025-06-15,15950.02,15
TXN104415,Lalitpur - Pulchowk,Lalitpur,2025-12-23,1938.1299999999999,10
TXN104416,Butwal - Traffic Chowk,Butwal,2025-11-24,2836.95,5
TXN104417,Lalitpur - Pulchowk,Lalitpur,2025-12-18,19402.399999999998,10
TXN104418,Butwal - Traffic Chowk,Butwal,2025-03-31,7792.15,10
TXN104419,Kathmandu - New Road,Kathmandu,2025-04-12,642.6,4
TXN104420,Bhaktapur - Suryabinayak,Bhaktapur,2025-10-20,7167.900000000001,12
TXN104421,Biratnagar - Main Road,Biratnagar,2025-04-23,209.68,2
TXN104422,Kathmandu - Kupondole,Kathmandu,2025-02-22,1548.31,5
TXN104423,Chitwan - Bharatpur,Chitwan,2025-09-12,5824.03,10
TXN104424,Biratnagar - Main Road,Biratnagar,2025-11-01,9251.95,15
TXN104425,Chitwan - Bharatpur,Chitwan,2025-01-27,5415.26,11
TXN104426,Lalitpur - Pulchowk,Lalitpur,2025-09-25,491.88,1
TXN104427,Bhaktapur - Suryabinayak,Bhaktapur,2025-09-08,2288.36,10
TXN104428,Lalitpur - Pulchowk,Lalitpur,2025-09-19,1377.94,6
TXN104429,Bhaktapur - Suryabinayak,Bhaktapur,2025-08-26,2492.54,10
TXN104430,Kathmandu - New Road,Kathmandu,2025-10-19,2349.28,4
TXN104431,Chitwan - Bharatpur,Chitwan,2025-02-04,9586.460000000001,12
TXN104432,Chitwan - Bharatpur,Chitwan,2025-10-16,448.04,2
TXN104433,Pokhara - Lakeside,Pokhara,2025-10-22,8210.039999999999,10
TXN104434,Kathmandu - Kupondole,Kathmandu,2025-11-27,1483.54,4
TXN104435,Lalitpur - Pulchowk,Lalitpur,2025-11-05,3462.97,7
TXN104436,Chitwan - Bharatpur,Chitwan,2025-04-15,3438.22,12
TXN104437,Kathmandu - New Road,Kathmandu,2025-08-20,8568.86,9
TXN104438,Biratnagar - Main Road,Biratnagar,2025-04-23,5326.88,6
TXN104439,Kathmandu - Kupondole,Kathmandu,2025-10-03,12931.640000000001,8
TXN104440,Kathmandu - Kupondole,Kathmandu,2025-07-08,5815.6,11
TXN104441,Kathmandu - Kupondole,Kathmandu,2025-11-12,15434.41,12
TXN104442,Butwal - Traffic Chowk,Butwal,2025-02-26,974.56,4
TXN104443,Butwal - Traffic Chowk,Butwal,2025-04-24,2924.7999999999997,8
TXN104444,Bhaktapur - Suryabinayak,Bhaktapur,2025-08-16,9912.29,5
TXN104445,Biratnagar - Main Road,Biratnagar,2025-12-14,4296.59,7
TXN104446,Kathmandu - Kupondole,Kathmandu,2025-07-14,10751.34,12
TXN104447,Bhaktapur - Suryabinayak,Bhaktapur,2025-11-10,19092.27,13
TXN104448,Bhaktapur - Suryabinayak,Bhaktapur,2025-11-04,643.3199999999999,5
TXN104449,Kathmandu - Kupondole,Kathmandu,2025-05-08,8841.23,9
TXN104450,Kathmandu - Kupondole,Kathmandu,2025-09-04,9472.59,13
TXN104451,Biratnagar - Main Road,Biratnagar,2025-02-02,6209.18,8
TXN104452,Lalitpur - Pulchowk,Lalitpur,2025-11-04,5381.219999999999,7
TXN104453,Bhaktapur - Suryabinayak,Bhaktapur,2025-09-23,1596.68,4
TXN104454,Butwal - Traffic Chowk,Butwal,2025-09-14,12055.609999999999,9
TXN104455,Lalitpur - Pulchowk,Lalitpur,2025-03-20,5391.5599999999995,10
TXN104456,Kathmandu - Kupondole,Kathmandu,2025-11-13,15805.86,16
TXN104457,Kathmandu - New Road,Kathmandu,2025-03-22,377.66,1
TXN104458,Kathmandu - Kupondole,Kathmandu,2025-05-07,7279.990000000001,8
TXN104459,Kathmandu - New Road,Kathmandu,2025-01-22,4064.89,5
TXN104460,Kathmandu - Kupondole,Kathmandu,2025-09-02,2805.66,9
TXN104461,Lalitpur - Pulchowk,Lalitpur,2025-01-10,19859.78,13
TXN104462,Kathmandu - New Road,Kathmandu,2025-09-12,4949.16,12
TXN104463,Bhaktapur - Suryabinayak,Bhaktapur,2025-10-19,5402.6,9
TXN104464,Pokhara - Lakeside,Pokhara,2025-01-20,1469.23,7
TXN104465,Butwal - Traffic Chowk,Butwal,2025-11-01,2892.86,8
TXN104466,Kathmandu - New Road,Kathmandu,2025-01-16,8249.130000000001,8
TXN104467,Kathmandu - Kupondole,Kathmandu,2025-02-18,4688.45,7
TXN104468,Chitwan - Bharatpur,Chitwan,2025-11-01,668.99,4
TXN104469,Butwal - Traffic Chowk,Butwal,2025-02-03,11014.430000000002,10
TXN104470,Pokhara - Lakeside,Pokhara,2025-05-21,3377.58,6
TXN104471,Kathmandu - New Road,Kathmandu,2025-12-13,2823.42,6
TXN104472,Kathmandu - New Road,Kathmandu,2025-11-10,12890.119999999999,12
TXN104473,Biratnagar - Main Road,Biratnagar,2025-10-28,10207.68,7
TXN104474,Kathmandu - New Road,Kathmandu,2025-01-08,2571.0099999999998,5
TXN104475,Chitwan - Bharatpur,Chitwan,2025-10-14,1873.76,8
TXN104476,Kathmandu - New Road,Kathmandu,2025-09-30,2231.3,7
TXN104477,Kathmandu - New Road,Kathmandu,2025-10-27,758.64,4
TXN104478,Chitwan - Bharatpur,Chitwan,2025-12-27,7473.36,6
TXN104479,Bhaktapur - Suryabinayak,Bhaktapur,2025-11-05,2509.1000000000004,4
TXN104480,Kathmandu - Kupondole,Kathmandu,2025-10-15,1067.94,3
TXN104481,Butwal - Traffic Chowk,Butwal,2025-07-14,6554.21,8
TXN104482,Butwal - Traffic Chowk,Butwal,2025-10-14,14296.29,7
TXN104483,Bhaktapur - Suryabinayak,Bhaktapur,2025-05-09,8516.82,3
TXN104484,Kathmandu - New Road,Kathmandu,2025-05-14,2857.6,4
TXN104485,Bhaktapur - Suryabinayak,Bhaktapur,2025-06-02,11618.48,4
TXN104486,Bhaktapur - Suryabinayak,Bhaktapur,2025-11-28,2593.55,6
TXN104487,Kathmandu - Kupondole,Kathmandu,2025-08-21,3296.89,7
TXN104488,Kathmandu - New Road,Kathmandu,2025-03-28,2358.8599999999997,7
TXN104489,Kathmandu - New Road,Kathmandu,2025-05-05,2896.41,3
TXN104490,Butwal - Traffic Chowk,Butwal,2025-07-25,8692.99,10
TXN104491,Lalitpur - Pulchowk,Lalitpur,2025-09-29,2309.58,8
TXN104492,Lalitpur - Pulchowk,Lalitpur,2025-11-03,592.6,2
TXN104493,Kathmandu - Kupondole,Kathmandu,2025-03-13,16059.72,6
TXN104494,Butwal - Traffic Chowk,Butwal,2025-02-17,8663.300000000001,5
TXN104495,Lalitpur - Pulchowk,Lalitpur,2025-04-24,5353.9800000000005,8
TXN104496,Bhaktapur - Suryabinayak,Bhaktapur,2025-11-30,2156.04,2
TXN104497,Bhaktapur - Suryabinayak,Bhaktapur,2025-09-15,12087.74,5
TXN104498,Biratnagar - Main Road,Biratnagar,2025-10-18,5002.360000000001,8
TXN104499,Bhaktapur - Suryabinayak,Bhaktapur,2025-10-21,5463.78,13
TXN104500,Bhaktapur - Suryabinayak,Bhaktapur,2025-08-27,10516.75,9
TXN104501,Kathmandu - New Road,Kathmandu,2025-04-22,1659.02,2
TXN104502,Kathmandu - Kupondole,Kathmandu,2025-06-21,15369.119999999999,10
TXN104503,Butwal - Traffic Chowk,Butwal,2025-12-16,1522.28,4
TXN104504,Bhaktapur - Suryabinayak,Bhaktapur,2025-03-10,3269.0299999999997,7
TXN104505,Lalitpur - Pulchowk,Lalitpur,2025-12-11,7045.16,10
TXN104506,Pokhara - Lakeside,Pokhara,2025-10-21,7686.209999999999,8
TXN104507,Bhaktapur - Suryabinayak,Bhaktapur,2025-04-27,3826.8499999999995,8
TXN104508,Lalitpur - Pulchowk,Lalitpur,2025-04-14,8962.4,15
TXN104509,Butwal - Traffic Chowk,Butwal,2025-11-24,200.43,3
TXN104510,Kathmandu - New Road,Kathmandu,2025-09-10,8344.84,11
TXN104511,Lalitpur - Pulchowk,Lalitpur,2025-05-17,1410.39,3
TXN104512,Pokhara - Lakeside,Pokhara,2025-10-20,2323.56,4
TXN104513,Lalitpur - Pulchowk,Lalitpur,2025-08-04,1043.1,2
TXN104514,Pokhara - Lakeside,Pokhara,2025-09-12,9316.25,14
TXN104515,Kathmandu - New Road,Kathmandu,2025-09-14,4378.35,6
TXN104516,Bhaktapur - Suryabinayak,Bhaktapur,2025-09-26,1095.85,8
TXN104517,Pokhara - Lakeside,Pokhara,2025-01-20,107.82,1
TXN104518,Pokhara - Lakeside,Pokhara,2025-04-06,955.28,4
TXN104519,Kathmandu - Kupondole,Kathmandu,2025-02-01,5435.38,10
TXN104520,Lalitpur - Pulchowk,Lalitpur,2025-09-28,8039.92,9
TXN104521,Chitwan - Bharatpur,Chitwan,2025-09-02,11362.95,14
TXN104522,Chitwan - Bharatpur,Chitwan,2025-12-07,5797.2699999999995,7
TXN104523,Kathmandu - Kupondole,Kathmandu,2025-12-25,5753.64,10
TXN104524,Kathmandu - New Road,Kathmandu,2025-11-10,755.58,2
TXN104525,Lalitpur - Pulchowk,Lalitpur,2025-09-19,3459.2,9
TXN104526,Pokhara - Lakeside,Pokhara,2025-07-31,547.24,4
TXN104527,Kathmandu - New Road,Kathmandu,2025-12-19,3145.2,5
TXN104528,Kathmandu - New Road,Kathmandu,2025-06-09,5700.0,12
TXN104529,Pokhara - Lakeside,Pokhara,2025-12-26,4891.96,10
TXN104530,Pokhara - Lakeside,Pokhara,2025-03-01,463.81,1
TXN104531,Bhaktapur - Suryabinayak,Bhaktapur,2025-11-17,3204.29,5
TXN104532,Bhaktapur - Suryabinayak,Bhaktapur,2025-08-09,1747.56,4
TXN104533,Kathmandu - Kupondole,Kathmandu,2025-02-01,460.77,3
TXN104534,Pokhara - Lakeside,Pokhara,2025-11-20,1122.37,3
TXN104535,Kathmandu - New Road,Kathmandu,2025-12-28,6945.139999999999,12
TXN104536,Lalitpur - Pulchowk,Lalitpur,2025-02-28,4263.12,12
TXN104537,Kathmandu - Kupondole,Kathmandu,2025-12-09,4514.04,11
TXN104538,Chitwan - Bharatpur,Chitwan,2025-12-31,3656.29,5
TXN104539,Biratnagar - Main Road,Biratnagar,2025-10-23,3115.06,7
TXN104540,Bhaktapur - Suryabinayak,Bhaktapur,2025-12-17,7974.88,11
TXN104541,Bhaktapur - Suryabinayak,Bhaktapur,2025-11-02,10540.2,5
TXN104542,Kathmandu - New Road,Kathmandu,2025-03-11,3302.45,8
TXN104543,Kathmandu - New Road,Kathmandu,2025-09-21,380.85,1
TXN104544,Kathmandu - Kupondole,Kathmandu,2025-09-19,5290.04,8
TXN104545,Biratnagar - Main Road,Biratnagar,2025-12-22,1532.92,2
TXN104546,Lalitpur - Pulchowk,Lalitpur,2025-10-20,974.8600000000001,5
TXN104547,Kathmandu - Kupondole,Kathmandu,2025-01-31,7215.15,13
TXN104548,Kathmandu - Kupondole,Kathmandu,2025-08-30,709.44,3
TXN104549,Kathmandu - Kupondole,Kathmandu,2025-11-06,12033.359999999999,13
TXN104550,Pokhara - Lakeside,Pokhara,2025-04-25,8817.76,7
TXN104551,Kathmandu - New Road,Kathmandu,2025-01-04,12056.24,11
TXN104552,Lalitpur - Pulchowk,Lalitpur,2025-12-31,4706.38,11
TXN104553,Kathmandu - New Road,Kathmandu,2025-08-22,767.16,3
TXN104554,Chitwan - Bharatpur,Chitwan,2025-05-17,8391.83,14
TXN104555,Bhaktapur - Suryabinayak,Bhaktapur,2025-08-30,4200.06,2
TXN104556,Lalitpur - Pulchowk,Lalitpur,2025-02-22,2177.85,3
TXN104557,Kathmandu - New Road,Kathmandu,2025-10-13,2730.81,3
TXN104558,Kathmandu - New Road,Kathmandu,2025-07-30,1809.98,4
TXN104559,Kathmandu - Kupondole,Kathmandu,2025-08-29,16918.11,15
TXN104560,Kathmandu - New Road,Kathmandu,2025-09-21,14615.289999999999,14
TXN104561,Butwal - Traffic Chowk,Butwal,2025-02-17,13676.2,11
TXN104562,Kathmandu - Kupondole,Kathmandu,2025-07-29,3948.16,9
TXN104563,Kathmandu - New Road,Kathmandu,2025-02-14,6438.68,11
TXN104564,Bhaktapur - Suryabinayak,Bhaktapur,2025-03-02,2398.33,5
TXN104565,Bhaktapur - Suryabinayak,Bhaktapur,2025-10-02,4960.099999999999,9
TXN104566,Kathmandu - Kupondole,Kathmandu,2025-01-24,1079.26,2
TXN104567,Kathmandu - New Road,Kathmandu,2025-06-30,14947.25,13
TXN104568,Butwal - Traffic Chowk,Butwal,2025-12-18,13059.919999999998,13
TXN104569,Lalitpur - Pulchowk,Lalitpur,2025-10-05,1723.2,4
TXN104570,Lalitpur - Pulchowk,Lalitpur,2025-08-08,2583.74,7
TXN104571,Bhaktapur - Suryabinayak,Bhaktapur,2025-04-11,6898.71,13
TXN104572,Kathmandu - Kupondole,Kathmandu,2025-04-06,2421.59,3
TXN104573,Kathmandu - Kupondole,Kathmandu,2025-10-10,10801.9,8
TXN104574,Chitwan - Bharatpur,Chitwan,2025-04-20,13792.320000000002,7
TXN104575,Kathmandu - Kupondole,Kathmandu,2025-09-21,10880.42,7
TXN104576,Butwal - Traffic Chowk,Butwal,2025-04-07,1260.88,4
TXN104577,Kathmandu - Kupondole,Kathmandu,2025-10-08,2456.54,9
TXN104578,Pokhara - Lakeside,Pokhara,2025-11-01,1042.2,3
TXN104579,Bhaktapur - Suryabinayak,Bhaktapur,2025-10-18,5475.16,10
TXN104580,Kathmandu - New Road,Kathmandu,2025-09-28,4162.24,2
TXN104581,Bhaktapur - Suryabinayak,Bhaktapur,2025-01-08,21726.19,14
TXN104582,Butwal - Traffic Chowk,Butwal,2025-04-03,980.89,4
TXN104583,Pokhara - Lakeside,Pokhara,2025-01-20,1792.17,3
TXN104584,Bhaktapur - Suryabinayak,Bhaktapur,2025-04-02,3379.6899999999996,6
TXN104585,Kathmandu - Kupondole,Kathmandu,2025-01-19,5835.2,13
TXN104586,Butwal - Traffic Chowk,Butwal,2025-03-11,4061.48,13
TXN104587,Kathmandu - New Road,Kathmandu,2025-11-27,4260.43,9
TXN104588,Bhaktapur - Suryabinayak,Bhaktapur,2025-08-22,549.94,3
TXN104589,Butwal - Traffic Chowk,Butwal,2025-09-17,5248.04,12
TXN104590,Bhaktapur - Suryabinayak,Bhaktapur,2025-09-22,7996.15,10
TXN104591,Lalitpur - Pulchowk,Lalitpur,2025-06-08,3414.36,4
TXN104592,Lalitpur - Pulchowk,Lalitpur,2025-11-04,12497.4,12
TXN104593,Lalitpur - Pulchowk,Lalitpur,2025-08-12,4502.509999999999,7
TXN104594,Chitwan - Bharatpur,Chitwan,2025-02-21,4573.76,12
TXN104595,Butwal - Traffic Chowk,Butwal,2025-01-08,378.72,2
TXN104596,Bhaktapur - Suryabinayak,Bhaktapur,2025-06-07,1819.84,4
TXN104597,Kathmandu - New Road,Kathmandu,2025-04-01,12064.19,13
TXN104598,Kathmandu - Kupondole,Kathmandu,2025-10-19,1408.44,4
TXN104599,Chitwan - Bharatpur,Chitwan,2025-03-19,11163.32,9
TXN104600,Kathmandu - New Road,Kathmandu,2025-04-15,5516.41,5
TXN104601,Pokhara - Lakeside,Pokhara,2025-07-06,4507.46,13
TXN104602,Bhaktapur - Suryabinayak,Bhaktapur,2025-09-22,414.86,2
TXN104603,Butwal - Traffic Chowk,Butwal,2025-08-03,9725.34,10
TXN104604,Kathmandu - Kupondole,Kathmandu,2025-10-24,5122.0599999999995,15
TXN104605,Bhaktapur - Suryabinayak,Bhaktapur,2025-11-19,17899.670000000002,11
TXN104606,Butwal - Traffic Chowk,Butwal,2025-11-10,14950.800000000001,10
TXN104607,Kathmandu - Kupondole,Kathmandu,2025-07-27,8452.02,6
TXN104608,Bhaktapur - Suryabinayak,Bhaktapur,2025-12-14,4685.0,4
TXN104609,Kathmandu - New Road,Kathmandu,2025-09-20,1924.04,3
TXN104610,Pokhara - Lakeside,Pokhara,2025-10-02,5691.2,12
TXN104611,Lalitpur - Pulchowk,Lalitpur,2025-01-19,14180.64,15
TXN104612,Butwal - Traffic Chowk,Butwal,2025-04-29,995.68,2
TXN104613,Lalitpur - Pulchowk,Lalitpur,2025-08-06,3479.97,4
TXN104614,Bhaktapur - Suryabinayak,Bhaktapur,2025-09-15,711.28,2
TXN104615,Pokhara - Lakeside,Pokhara,2025-03-20,5496.21,10
TXN104616,Lalitpur - Pulchowk,Lalitpur,2025-11-06,1945.26,13
TXN104617,Pokhara - Lakeside,Pokhara,2025-04-15,10358.67,7
TXN104618,Biratnagar - Main Road,Biratnagar,2025-03-11,5515.96,15
TXN104619,Pokhara - Lakeside,Pokhara,2025-05-08,13195.43,11
TXN104620,Kathmandu - New Road,Kathmandu,2025-03-25,2264.44,6
TXN104621,Lalitpur - Pulchowk,Lalitpur,2025-03-13,7987.17,13
TXN104622,Chitwan - Bharatpur,Chitwan,2025-11-14,5962.77,3
TXN104623,Lalitpur - Pulchowk,Lalitpur,2025-09-06,17701.42,6
TXN104624,Bhaktapur - Suryabinayak,Bhaktapur,2025-02-03,10039.84,15
TXN104625,Pokhara - Lakeside,Pokhara,2025-10-12,2323.74,1
TXN104626,Kathmandu - Kupondole,Kathmandu,2025-12-03,610.59,3
TXN104627,Butwal - Traffic Chowk,Butwal,2025-04-09,7455.07,10
TXN104628,Lalitpur - Pulchowk,Lalitpur,2025-09-11,19419.0,18
TXN104629,Kathmandu - Kupondole,Kathmandu,2025-09-17,1391.0500000000002,4
TXN104630,Chitwan - Bharatpur,Chitwan,2025-05-04,3245.68,8
TXN104631,Kathmandu - Kupondole,Kathmandu,2025-11-29,8897.22,12
TXN104632,Kathmandu - New Road,Kathmandu,2025-01-25,392.25,1
TXN104633,Kathmandu - Kupondole,Kathmandu,2025-10-21,4918.24,8
TXN104634,Kathmandu - Kupondole,Kathmandu,2025-11-13,12702.53,16
TXN104635,Kathmandu - Kupondole,Kathmandu,2025-09-18,733.94,3
TXN104636,Kathmandu - Kupondole,Kathmandu,2025-02-28,5986.780000000001,12
TXN104637,Bhaktapur - Suryabinayak,Bhaktapur,2025-10-09,6514.860000000001,7
TXN104638,Kathmandu - New Road,Kathmandu,2025-12-09,8045.54,13
TXN104639,Bhaktapur - Suryabinayak,Bhaktapur,2025-01-31,3499.2,1
TXN104640,Butwal - Traffic Chowk,Butwal,2025-09-30,5180.5599999999995,11
TXN104641,Bhaktapur - Suryabinayak,Bhaktapur,2025-11-26,8592.86,9
TXN104642,Bhaktapur - Suryabinayak,Bhaktapur,2025-10-02,6053.91,11
TXN104643,Kathmandu - Kupondole,Kathmandu,2025-09-09,7697.219999999999,14
TXN104644,Butwal - Traffic Chowk,Butwal,2025-09-23,7260.9,7
TXN104645,Lalitpur - Pulchowk,Lalitpur,2025-05-21,3250.09,8
TXN104646,Lalitpur - Pulchowk,Lalitpur,2025-08-15,4655.2699999999995,11
TXN104647,Pokhara - Lakeside,Pokhara,2025-02-01,3694.83,10
TXN104648,Pokhara - Lakeside,Pokhara,2025-11-25,10153.27,11
TXN104649,Butwal - Traffic Chowk,Butwal,2025-10-11,5221.43,7
TXN104650,Lalitpur - Pulchowk,Lalitpur,2025-03-31,1183.0,4
TXN104651,Kathmandu - Kupondole,Kathmandu,2025-10-07,3058.5299999999997,6
TXN104652,Butwal - Traffic Chowk,Butwal,2025-05-17,12411.02,7
TXN104653,Butwal - Traffic Chowk,Butwal,2025-06-06,10883.66,5
TXN104654,Lalitpur - Pulchowk,Lalitpur,2025-10-21,16138.17,8
TXN104655,Kathmandu - Kupondole,Kathmandu,2025-11-05,1885.64,1
TXN104656,Butwal - Traffic Chowk,Butwal,2025-07-25,7430.639999999999,12
TXN104657,Kathmandu - New Road,Kathmandu,2025-06-17,1158.18,3
TXN104658,Bhaktapur - Suryabinayak,Bhaktapur,2025-04-28,835.1800000000001,2
TXN104659,Kathmandu - Kupondole,Kathmandu,2025-12-19,3265.3999999999996,4
TXN104660,Kathmandu - Kupondole,Kathmandu,2025-06-26,7016.299999999999,15
TXN104661,Kathmandu - Kupondole,Kathmandu,2025-06-02,5108.7,12
TXN104662,Bhaktapur - Suryabinayak,Bhaktapur,2025-12-23,2218.69,5
TXN104663,Butwal - Traffic Chowk,Butwal,2025-05-28,9666.89,11
TXN104664,Kathmandu - New Road,Kathmandu,2025-12-31,4828.8,7
TXN104665,Lalitpur - Pulchowk,Lalitpur,2025-03-15,2496.7799999999997,7
TXN104666,Kathmandu - Kupondole,Kathmandu,2025-12-21,10120.630000000001,13
TXN104667,Pokhara - Lakeside,Pokhara,2025-04-17,8278.59,11
TXN104668,Bhaktapur - Suryabinayak,Bhaktapur,2025-08-18,1251.2,5
TXN104669,Lalitpur - Pulchowk,Lalitpur,2025-11-06,12761.369999999999,11
TXN104670,Butwal - Traffic Chowk,Butwal,2025-06-14,5609.88,12
TXN104671,Kathmandu - New Road,Kathmandu,2025-11-03,1010.8,2
TXN104672,Kathmandu - Kupondole,Kathmandu,2025-04-22,1312.8000000000002,6
TXN104673,Bhaktapur - Suryabinayak,Bhaktapur,2025-07-12,6986.469999999999,5
TXN104674,Butwal - Traffic Chowk,Butwal,2025-04-21,643.49,2
TXN104675,Lalitpur - Pulchowk,Lalitpur,2025-06-12,12658.95,14
TXN104676,Pokhara - Lakeside,Pokhara,2025-03-13,2173.84,4
TXN104677,Bhaktapur - Suryabinayak,Bhaktapur,2025-11-30,12364.23,13
TXN104678,Biratnagar - Main Road,Biratnagar,2025-07-05,3313.52,9
TXN104679,Bhaktapur - Suryabinayak,Bhaktapur,2025-09-17,8791.35,10
TXN104680,Pokhara - Lakeside,Pokhara,2025-12-20,12142.259999999998,14
TXN104681,Kathmandu - Kupondole,Kathmandu,2025-06-26,2726.74,6
TXN104682,Kathmandu - Kupondole,Kathmandu,2025-08-10,2002.2600000000002,5
TXN104683,Butwal - Traffic Chowk,Butwal,2025-11-27,7996.97,13
TXN104684,Pokhara - Lakeside,Pokhara,2025-08-27,1842.72,4
TXN104685,Chitwan - Bharatpur,Chitwan,2025-01-25,10950.9,7
TXN104686,Kathmandu - New Road,Kathmandu,2025-11-03,870.44,4
TXN104687,Chitwan - Bharatpur,Chitwan,2025-06-16,8560.29,10
TXN104688,Kathmandu - Kupondole,Kathmandu,2025-12-23,2455.27,9
TXN104689,Biratnagar - Main Road,Biratnagar,2025-03-04,3777.77,6
TXN104690,Bhaktapur - Suryabinayak,Bhaktapur,2025-01-14,757.9100000000001,5
TXN104691,Chitwan - Bharatpur,Chitwan,2025-11-30,5660.700000000001,10
TXN104692,Chitwan - Bharatpur,Chitwan,2025-08-17,15628.509999999998,13
TXN104693,Bhaktapur - Suryabinayak,Bhaktapur,2025-04-10,4941.2,12
TXN104694,Pokhara - Lakeside,Pokhara,2025-08-11,1449.37,1
TXN104695,Biratnagar - Main Road,Biratnagar,2025-04-06,4793.709999999999,5
TXN104696,Butwal - Traffic Chowk,Butwal,2025-04-20,4182.700000000001,13
TXN104697,Biratnagar - Main Road,Biratnagar,2025-03-04,3127.34,8
TXN104698,Kathmandu - Kupondole,Kathmandu,2025-11-15,21253.760000000002,13
TXN104699,Pokhara - Lakeside,Pokhara,2025-07-30,5334.84,7
TXN104700,Butwal - Traffic Chowk,Butwal,2025-05-06,3715.6000000000004,6
TXN104701,Lalitpur - Pulchowk,Lalitpur,2025-11-10,6668.0,4
TXN104702,Kathmandu - Kupondole,Kathmandu,2025-04-03,927.12,3
TXN104703,Bhaktapur - Suryabinayak,Bhaktapur,2025-09-21,170.2,1
TXN104704,Kathmandu - Kupondole,Kathmandu,2025-11-30,1165.45,4
TXN104705,Pokhara - Lakeside,Pokhara,2025-11-04,8245.09,9
TXN104706,Kathmandu - Kupondole,Kathmandu,2025-10-20,2433.92,4
TXN104707,Kathmandu - New Road,Kathmandu,2025-09-05,306.19,1
TXN104708,Kathmandu - Kupondole,Kathmandu,2025-05-22,934.5,3
TXN104709,Kathmandu - New Road,Kathmandu,2025-12-30,11689.21,17
TXN104710,Kathmandu - Kupondole,Kathmandu,2025-10-24,1250.5900000000001,7
TXN104711,Kathmandu - Kupondole,Kathmandu,2025-11-14,4472.46,14
TXN104712,Kathmandu - New Road,Kathmandu,2025-02-24,15461.779999999999,8
TXN104713,Butwal - Traffic Chowk,Butwal,2025-04-30,5290.6,17
TXN104714,Kathmandu - New Road,Kathmandu,2025-02-15,12005.37,12
TXN104715,Kathmandu - Kupondole,Kathmandu,2025-05-12,8341.2,9
TXN104716,Butwal - Traffic Chowk,Butwal,2025-09-30,2513.28,4
TXN104717,Bhaktapur - Suryabinayak,Bhaktapur,2025-09-19,1009.04,4
TXN104718,Kathmandu - Kupondole,Kathmandu,2025-08-11,4990.679999999999,6
TXN104719,Bhaktapur - Suryabinayak,Bhaktapur,2025-10-15,1694.37,3
TXN104720,Bhaktapur - Suryabinayak,Bhaktapur,2025-05-03,4018.64,5
TXN104721,Lalitpur - Pulchowk,Lalitpur,2025-07-01,2745.9,6
TXN104722,Bhaktapur - Suryabinayak,Bhaktapur,2025-10-05,11019.72,12
TXN104723,Bhaktapur - Suryabinayak,Bhaktapur,2025-09-20,4755.530000000001,7
TXN104724,Lalitpur - Pulchowk,Lalitpur,2025-11-16,6109.91,12
TXN104725,Pokhara - Lakeside,Pokhara,2025-11-12,3281.51,1
TXN104726,Bhaktapur - Suryabinayak,Bhaktapur,2025-12-02,14199.03,12
TXN104727,Pokhara - Lakeside,Pokhara,2025-08-11,6622.23,13
TXN104728,Bhaktapur - Suryabinayak,Bhaktapur,2025-05-07,2986.51,8
TXN104729,Butwal - Traffic Chowk,Butwal,2025-01-22,16713.94,14
TXN104730,Lalitpur - Pulchowk,Lalitpur,2025-02-12,2438.88,10
TXN104731,Lalitpur - Pulchowk,Lalitpur,2025-06-20,9484.8,6
TXN104732,Pokhara - Lakeside,Pokhara,2025-06-06,1654.31,3
TXN104733,Lalitpur - Pulchowk,Lalitpur,2025-11-16,1029.08,2
TXN104734,Kathmandu - New Road,Kathmandu,2025-03-08,2882.04,10
TXN104735,Bhaktapur - Suryabinayak,Bhaktapur,2025-10-08,8955.92,7
TXN104736,Butwal - Traffic Chowk,Butwal,2025-03-10,23751.170000000002,11
TXN104737,Butwal - Traffic Chowk,Butwal,2025-11-04,15121.34,12
TXN104738,Kathmandu - New Road,Kathmandu,2025-09-15,3487.85,7
TXN104739,Kathmandu - New Road,Kathmandu,2025-07-31,1654.91,5
TXN104740,Kathmandu - Kupondole,Kathmandu,2025-11-04,5831.759999999999,11
TXN104741,Kathmandu - Kupondole,Kathmandu,2025-11-24,1282.65,3
TXN104742,Lalitpur - Pulchowk,Lalitpur,2025-08-10,2288.79,6
TXN104743,Bhaktapur - Suryabinayak,Bhaktapur,2025-09-22,6617.039999999999,15
TXN104744,Chitwan - Bharatpur,Chitwan,2025-11-28,3761.4000000000005,9
TXN104745,Kathmandu - New Road,Kathmandu,2025-07-01,9725.759999999998,11
TXN104746,Kathmandu - Kupondole,Kathmandu,2025-03-18,10924.64,6
TXN104747,Bhaktapur - Suryabinayak,Bhaktapur,2025-04-05,9399.289999999999,13
TXN104748,Kathmandu - New Road,Kathmandu,2025-11-13,2376.76,7
TXN104749,Kathmandu - Kupondole,Kathmandu,2025-09-06,12035.22,13
TXN104750,Butwal - Traffic Chowk,Butwal,2025-05-18,16354.46,11
TXN104751,Bhaktapur - Suryabinayak,Bhaktapur,2025-09-19,17450.82,7
TXN104752,Bhaktapur - Suryabinayak,Bhaktapur,2025-09-15,2176.2,7
TXN104753,Butwal - Traffic Chowk,Butwal,2025-11-04,2219.8900000000003,5
TXN104754,Bhaktapur - Suryabinayak,Bhaktapur,2025-07-21,7580.45,10
TXN104755,Pokhara - Lakeside,Pokhara,2025-04-16,6744.67,13
TXN104756,Kathmandu - Kupondole,Kathmandu,2025-11-20,1045.53,3
TXN104757,Bhaktapur - Suryabinayak,Bhaktapur,2025-05-04,5299.599999999999,5
TXN104758,Pokhara - Lakeside,Pokhara,2025-09-22,4596.84,6
TXN104759,Kathmandu - Kupondole,Kathmandu,2025-09-14,7867.799999999999,11
TXN104760,Lalitpur - Pulchowk,Lalitpur,2025-09-20,11683.76,9
TXN104761,Kathmandu - Kupondole,Kathmandu,2025-09-29,2697.24,7
TXN104762,Pokhara - Lakeside,Pokhara,2025-02-08,7524.379999999999,9
TXN104763,Bhaktapur - Suryabinayak,Bhaktapur,2025-08-15,1172.36,4
TXN104764,Butwal - Traffic Chowk,Butwal,2025-10-04,332.76,2
TXN104765,Kathmandu - Kupondole,Kathmandu,2025-12-06,1759.1599999999999,6
TXN104766,Lalitpur - Pulchowk,Lalitpur,2025-06-24,2920.66,10
TXN104767,Chitwan - Bharatpur,Chitwan,2025-09-09,17101.18,11
TXN104768,Kathmandu - New Road,Kathmandu,2025-11-09,255.39,1
TXN104769,Kathmandu - Kupondole,Kathmandu,2025-04-07,13634.15,16
TXN104770,Lalitpur - Pulchowk,Lalitpur,2025-07-30,3121.78,4
TXN104771,Kathmandu - New Road,Kathmandu,2025-11-04,7245.299999999999,7
TXN104772,Kathmandu - Kupondole,Kathmandu,2025-12-13,4455.4,11
TXN104773,Chitwan - Bharatpur,Chitwan,2025-12-10,310.14,2
TXN104774,Pokhara - Lakeside,Pokhara,2025-01-30,5555.36,9
TXN104775,Lalitpur - Pulchowk,Lalitpur,2025-08-12,317.59,1
TXN104776,Lalitpur - Pulchowk,Lalitpur,2025-11-30,2933.46,6
TXN104777,Kathmandu - Kupondole,Kathmandu,2025-11-11,4251.24,8
TXN104778,Biratnagar - Main Road,Biratnagar,2025-09-02,3285.5099999999998,8
TXN104779,Kathmandu - Kupondole,Kathmandu,2025-09-27,4304.16,6
TXN104780,Lalitpur - Pulchowk,Lalitpur,2025-10-14,8974.85,5
TXN104781,Kathmandu - Kupondole,Kathmandu,2025-03-16,2245.76,9
TXN104782,Pokhara - Lakeside,Pokhara,2025-02-01,1358.04,3
TXN104783,Kathmandu - Kupondole,Kathmandu,2025-01-08,10107.78,9
TXN104784,Bhaktapur - Suryabinayak,Bhaktapur,2025-03-05,4139.39,11
TXN104785,Kathmandu - Kupondole,Kathmandu,2025-10-24,4906.3099999999995,13
TXN104786,Kathmandu - Kupondole,Kathmandu,2025-07-25,3909.6000000000004,5
TXN104787,Lalitpur - Pulchowk,Lalitpur,2025-10-02,350.54,1
TXN104788,Kathmandu - New Road,Kathmandu,2025-08-13,8763.58,12
TXN104789,Chitwan - Bharatpur,Chitwan,2025-08-20,1868.99,5
TXN104790,Butwal - Traffic Chowk,Butwal,2025-03-02,7150.27,7
TXN104791,Kathmandu - Kupondole,Kathmandu,2025-05-23,1906.67,4
TXN104792,Pokhara - Lakeside,Pokhara,2025-07-31,5534.73,7
TXN104793,Kathmandu - New Road,Kathmandu,2025-12-18,2234.86,2
TXN104794,Lalitpur - Pulchowk,Lalitpur,2025-08-04,399.14,1
TXN104795,Butwal - Traffic Chowk,Butwal,2025-12-07,11461.83,12
TXN104796,Chitwan - Bharatpur,Chitwan,2025-06-26,638.94,3
TXN104797,Lalitpur - Pulchowk,Lalitpur,2025-09-09,889.98,3
TXN104798,Kathmandu - Kupondole,Kathmandu,2025-01-18,4225.6,5
TXN104799,Kathmandu - New Road,Kathmandu,2025-11-17,3219.05,5
TXN104800,Kathmandu - Kupondole,Kathmandu,2025-12-04,922.12,4
TXN104801,Pokhara - Lakeside,Pokhara,2025-09-14,6029.860000000001,11
TXN104802,Kathmandu - New Road,Kathmandu,2025-05-31,11129.65,16
TXN104803,Butwal - Traffic Chowk,Butwal,2025-10-01,2722.75,7
TXN104804,Pokhara - Lakeside,Pokhara,2025-09-20,2643.73,9
TXN104805,Kathmandu - New Road,Kathmandu,2025-10-26,5037.71,10
TXN104806,Lalitpur - Pulchowk,Lalitpur,2025-04-27,6245.74,9
TXN104807,Bhaktapur - Suryabinayak,Bhaktapur,2025-05-28,3769.4,6
TXN104808,Lalitpur - Pulchowk,Lalitpur,2025-10-15,4830.68,4
TXN104809,Kathmandu - New Road,Kathmandu,2025-12-16,3568.69,9
TXN104810,Biratnagar - Main Road,Biratnagar,2025-02-23,9375.75,12
TXN104811,Bhaktapur - Suryabinayak,Bhaktapur,2025-08-26,4676.1,13
TXN104812,Lalitpur - Pulchowk,Lalitpur,2025-11-15,7018.4,11
TXN104813,Kathmandu - New Road,Kathmandu,2025-10-17,14140.869999999999,9
TXN104814,Butwal - Traffic Chowk,Butwal,2025-01-30,266.02,2
TXN104815,Butwal - Traffic Chowk,Butwal,2025-10-19,9068.32,6
TXN104816,Biratnagar - Main Road,Biratnagar,2025-01-01,2026.4,6
TXN104817,Butwal - Traffic Chowk,Butwal,2025-12-16,10320.72,10
TXN104818,Biratnagar - Main Road,Biratnagar,2025-01-12,403.92,1
TXN104819,Butwal - Traffic Chowk,Butwal,2025-04-12,2034.68,9
TXN104820,Lalitpur - Pulchowk,Lalitpur,2025-12-06,10199.15,5
TXN104821,Lalitpur - Pulchowk,Lalitpur,2025-11-20,842.52,3
TXN104822,Bhaktapur - Suryabinayak,Bhaktapur,2025-10-02,7472.3,11
TXN104823,Pokhara - Lakeside,Pokhara,2025-04-06,4930.73,15
TXN104824,Kathmandu - New Road,Kathmandu,2025-12-08,8506.08,6
TXN104825,Kathmandu - Kupondole,Kathmandu,2025-01-10,1874.32,4
TXN104826,Kathmandu - New Road,Kathmandu,2025-04-18,7019.84,7
TXN104827,Pokhara - Lakeside,Pokhara,2025-08-31,7485.14,9
TXN104828,Kathmandu - Kupondole,Kathmandu,2025-08-09,7963.129999999999,13
TXN104829,Bhaktapur - Suryabinayak,Bhaktapur,2025-09-10,20172.62,14
TXN104830,Kathmandu - New Road,Kathmandu,2025-11-15,9479.29,13
TXN104831,Chitwan - Bharatpur,Chitwan,2025-11-06,230.06,2
TXN104832,Chitwan - Bharatpur,Chitwan,2025-09-24,1388.96,4
TXN104833,Pokhara - Lakeside,Pokhara,2025-11-17,5179.96,11
TXN104834,Lalitpur - Pulchowk,Lalitpur,2025-11-22,395.79,3
TXN104835,Lalitpur - Pulchowk,Lalitpur,2025-10-27,10597.34,10
TXN104836,Butwal - Traffic Chowk,Butwal,2025-01-02,95.59,1
TXN104837,Butwal - Traffic Chowk,Butwal,2025-02-02,341.37,3
TXN104838,Kathmandu - Kupondole,Kathmandu,2025-07-08,4322.8,6
TXN104839,Biratnagar - Main Road,Biratnagar,2025-01-15,1802.56,4
TXN104840,Kathmandu - Kupondole,Kathmandu,2025-02-02,4888.37,14
TXN104841,Kathmandu - New Road,Kathmandu,2025-11-08,3530.94,10
TXN104842,Bhaktapur - Suryabinayak,Bhaktapur,2025-11-29,2008.37,4
TXN104843,Kathmandu - Kupondole,Kathmandu,2025-10-13,3447.42,5
TXN104844,Butwal - Traffic Chowk,Butwal,2025-09-30,5550.31,15
TXN104845,Bhaktapur - Suryabinayak,Bhaktapur,2025-05-04,2636.65,9
TXN104846,Kathmandu - New Road,Kathmandu,2025-06-05,4996.24,10
TXN104847,Lalitpur - Pulchowk,Lalitpur,2025-10-10,1412.79,6
TXN104848,Kathmandu - Kupondole,Kathmandu,2025-05-05,4654.53,8
TXN104849,Bhaktapur - Suryabinayak,Bhaktapur,2025-09-27,10948.199999999999,14
TXN104850,Pokhara - Lakeside,Pokhara,2025-11-13,6514.0,9
TXN104851,Butwal - Traffic Chowk,Butwal,2025-10-15,12400.36,4
TXN104852,Bhaktapur - Suryabinayak,Bhaktapur,2025-12-07,1277.4099999999999,4
TXN104853,Bhaktapur - Suryabinayak,Bhaktapur,2025-01-11,471.08,1
TXN104854,Lalitpur - Pulchowk,Lalitpur,2025-09-07,1168.35,6
TXN104855,Pokhara - Lakeside,Pokhara,2025-10-09,2959.27,10
TXN104856,Kathmandu - New Road,Kathmandu,2025-09-07,1057.59,1
TXN104857,Kathmandu - Kupondole,Kathmandu,2025-10-18,5191.29,11
TXN104858,Bhaktapur - Suryabinayak,Bhaktapur,2025-09-28,6620.17,6
TXN104859,Bhaktapur - Suryabinayak,Bhaktapur,2025-10-17,1167.94,1
TXN104860,Butwal - Traffic Chowk,Butwal,2025-11-17,5564.530000000001,6
TXN104861,Lalitpur - Pulchowk,Lalitpur,2025-08-31,3057.87,9
TXN104862,Lalitpur - Pulchowk,Lalitpur,2025-03-25,1923.56,2
TXN104863,Bhaktapur - Suryabinayak,Bhaktapur,2025-12-21,598.89,3
TXN104864,Pokhara - Lakeside,Pokhara,2025-08-08,1133.48,6
TXN104865,Butwal - Traffic Chowk,Butwal,2025-04-09,3141.3900000000003,5
TXN104866,Kathmandu - Kupondole,Kathmandu,2025-08-26,1745.04,3
TXN104867,Bhaktapur - Suryabinayak,Bhaktapur,2025-07-29,2392.57,6
TXN104868,Butwal - Traffic Chowk,Butwal,2025-10-03,1518.9299999999998,5
TXN104869,Kathmandu - New Road,Kathmandu,2025-12-13,12448.740000000002,6
TXN104870,Butwal - Traffic Chowk,Butwal,2025-05-03,2161.38,7
TXN104871,Butwal - Traffic Chowk,Butwal,2025-09-19,3579.94,6
TXN104872,Butwal - Traffic Chowk,Butwal,2025-01-08,3363.98,9
TXN104873,Bhaktapur - Suryabinayak,Bhaktapur,2025-11-15,1213.29,6
TXN104874,Butwal - Traffic Chowk,Butwal,2025-03-19,3992.2200000000003,13
TXN104875,Chitwan - Bharatpur,Chitwan,2025-09-28,20395.06,17
TXN104876,Kathmandu - Kupondole,Kathmandu,2025-09-01,638.9,1
TXN104877,Kathmandu - Kupondole,Kathmandu,2025-01-27,11291.72,4
TXN104878,Kathmandu - New Road,Kathmandu,2025-02-25,14200.8,7
TXN104879,Butwal - Traffic Chowk,Butwal,2025-10-22,16058.15,11
TXN104880,Kathmandu - Kupondole,Kathmandu,2025-01-09,3363.62,7
TXN104881,Kathmandu - Kupondole,Kathmandu,2025-11-20,1780.8899999999999,10
TXN104882,Lalitpur - Pulchowk,Lalitpur,2025-11-11,5371.07,11
TXN104883,Kathmandu - Kupondole,Kathmandu,2025-02-09,7084.44,6
TXN104884,Bhaktapur - Suryabinayak,Bhaktapur,2025-01-27,11942.849999999999,14
TXN104885,Lalitpur - Pulchowk,Lalitpur,2025-10-09,19552.51,7
TXN104886,Butwal - Traffic Chowk,Butwal,2025-04-12,1294.77,6
TXN104887,Bhaktapur - Suryabinayak,Bhaktapur,2025-06-04,8308.81,10
TXN104888,Biratnagar - Main Road,Biratnagar,2025-06-11,6381.12,8
TXN104889,Bhaktapur - Suryabinayak,Bhaktapur,2025-05-24,9363.400000000001,6
TXN104890,Bhaktapur - Suryabinayak,Bhaktapur,2025-12-01,1829.3600000000001,8
TXN104891,Pokhara - Lakeside,Pokhara,2025-05-01,15342.16,18
TXN104892,Butwal - Traffic Chowk,Butwal,2025-05-27,4490.64,6
TXN104893,Kathmandu - Kupondole,Kathmandu,2025-04-05,8735.95,9
TXN104894,Kathmandu - New Road,Kathmandu,2025-08-03,18940.28,9
TXN104895,Kathmandu - Kupondole,Kathmandu,2025-10-15,2684.63,4
TXN104896,Bhaktapur - Suryabinayak,Bhaktapur,2025-10-01,2636.92,13
TXN104897,Bhaktapur - Suryabinayak,Bhaktapur,2025-08-03,2653.77,11
TXN104898,Lalitpur - Pulchowk,Lalitpur,2025-04-20,12091.23,7
TXN104899,Pokhara - Lakeside,Pokhara,2025-11-02,13341.869999999999,10
TXN104900,Pokhara - Lakeside,Pokhara,2025-04-07,9145.88,4
TXN104901,Pokhara - Lakeside,Pokhara,2025-01-06,2525.99,8
TXN104902,Biratnagar - Main Road,Biratnagar,2025-07-17,2635.37,11
TXN104903,Kathmandu - New Road,Kathmandu,2025-03-13,2052.72,2
TXN104904,Kathmandu - Kupondole,Kathmandu,2025-11-04,5757.8,11
TXN104905,Kathmandu - Kupondole,Kathmandu,2025-02-15,7624.59,14
TXN104906,Kathmandu - New Road,Kathmandu,2025-01-13,1850.9299999999998,7
TXN104907,Bhaktapur - Suryabinayak,Bhaktapur,2025-11-16,5755.73,8
TXN104908,Kathmandu - Kupondole,Kathmandu,2025-04-03,2442.38,5
TXN104909,Kathmandu - Kupondole,Kathmandu,2025-10-25,14153.810000000001,13
TXN104910,Bhaktapur - Suryabinayak,Bhaktapur,2025-07-12,8765.95,12
TXN104911,Bhaktapur - Suryabinayak,Bhaktapur,2025-09-28,8956.44,13
TXN104912,Butwal - Traffic Chowk,Butwal,2025-04-11,354.78,3
TXN104913,Bhaktapur - Suryabinayak,Bhaktapur,2025-11-29,3181.1499999999996,4
TXN104914,Chitwan - Bharatpur,Chitwan,2025-07-22,786.8,5
TXN104915,Lalitpur - Pulchowk,Lalitpur,2025-02-26,6174.13,13
TXN104916,Pokhara - Lakeside,Pokhara,2025-11-16,3703.5499999999997,7
TXN104917,Kathmandu - Kupondole,Kathmandu,2025-03-28,6358.4400000000005,14
TXN104918,Kathmandu - Kupondole,Kathmandu,2025-04-15,1832.34,7
TXN104919,Kathmandu - New Road,Kathmandu,2025-09-19,1842.98,6
TXN104920,Bhaktapur - Suryabinayak,Bhaktapur,2025-09-04,2866.8199999999997,10
TXN104921,Bhaktapur - Suryabinayak,Bhaktapur,2025-11-02,1460.88,4
TXN104922,Pokhara - Lakeside,Pokhara,2025-11-06,1921.38,3
TXN104923,Pokhara - Lakeside,Pokhara,2025-11-22,8066.259999999999,6
TXN104924,Butwal - Traffic Chowk,Butwal,2025-08-23,11949.429999999998,14
TXN104925,Bhaktapur - Suryabinayak,Bhaktapur,2025-06-11,4105.99,11
TXN104926,Kathmandu - Kupondole,Kathmandu,2025-09-17,2080.98,3
TXN104927,Butwal - Traffic Chowk,Butwal,2025-09-03,6538.71,11
TXN104928,Biratnagar - Main Road,Biratnagar,2025-12-10,783.58,3
TXN104929,Bhaktapur - Suryabinayak,Bhaktapur,2025-01-01,2474.62,8
TXN104930,Butwal - Traffic Chowk,Butwal,2025-09-08,10895.95,16
TXN104931,Butwal - Traffic Chowk,Butwal,2025-03-30,3704.87,7
TXN104932,Butwal - Traffic Chowk,Butwal,2025-09-25,2420.57,9
TXN104933,Kathmandu - New Road,Kathmandu,2025-12-10,14340.94,9
TXN104934,Pokhara - Lakeside,Pokhara,2025-09-25,5807.93,17
TXN104935,Kathmandu - New Road,Kathmandu,2025-09-16,8545.42,10
TXN104936,Lalitpur - Pulchowk,Lalitpur,2025-11-28,2480.44,4
TXN104937,Lalitpur - Pulchowk,Lalitpur,2025-06-10,10288.46,10
TXN104938,Kathmandu - New Road,Kathmandu,2025-09-13,1942.5,4
TXN104939,Bhaktapur - Suryabinayak,Bhaktapur,2025-07-11,1049.92,1
TXN104940,Kathmandu - Kupondole,Kathmandu,2025-09-01,2314.02,12
TXN104941,Butwal - Traffic Chowk,Butwal,2025-03-28,1570.84,4
TXN104942,Chitwan - Bharatpur,Chitwan,2025-09-16,1240.9099999999999,3
TXN104943,Bhaktapur - Suryabinayak,Bhaktapur,2025-11-19,9894.77,12
TXN104944,Kathmandu - New Road,Kathmandu,2025-12-14,15228.11,13
TXN104945,Lalitpur - Pulchowk,Lalitpur,2025-11-05,3004.38,8
TXN104946,Kathmandu - Kupondole,Kathmandu,2025-01-30,19169.760000000002,14
TXN104947,Butwal - Traffic Chowk,Butwal,2025-01-09,3143.87,13
TXN104948,Bhaktapur - Suryabinayak,Bhaktapur,2025-11-01,12939.869999999999,14
TXN104949,Butwal - Traffic Chowk,Butwal,2025-01-24,4140.56,7
TXN104950,Kathmandu - Kupondole,Kathmandu,2025-12-04,12042.04,15
TXN104951,Kathmandu - Kupondole,Kathmandu,2025-11-16,4840.35,6
TXN104952,Pokhara - Lakeside,Pokhara,2025-12-23,5217.92,13
TXN104953,Butwal - Traffic Chowk,Butwal,2025-11-06,5163.3099999999995,7
TXN104954,Lalitpur - Pulchowk,Lalitpur,2025-05-30,4151.11,10
TXN104955,Bhaktapur - Suryabinayak,Bhaktapur,2025-10-23,11163.329999999998,13
TXN104956,Pokhara - Lakeside,Pokhara,2025-10-17,13646.16,6
TXN104957,Pokhara - Lakeside,Pokhara,2025-12-28,3479.66,10
TXN104958,Kathmandu - New Road,Kathmandu,2025-11-12,3989.65,9
TXN104959,Butwal - Traffic Chowk,Butwal,2025-02-08,8898.05,11
TXN104960,Kathmandu - Kupondole,Kathmandu,2025-02-06,2372.94,4
TXN104961,Chitwan - Bharatpur,Chitwan,2025-06-20,4085.41,11
TXN104962,Bhaktapur - Suryabinayak,Bhaktapur,2025-01-29,2682.78,2
TXN104963,Lalitpur - Pulchowk,Lalitpur,2025-11-02,1842.47,5
TXN104964,Kathmandu - Kupondole,Kathmandu,2025-11-06,2890.15,8
TXN104965,Kathmandu - New Road,Kathmandu,2025-01-22,16925.64,13
TXN104966,Kathmandu - Kupondole,Kathmandu,2025-02-26,349.05,1
TXN104967,Butwal - Traffic Chowk,Butwal,2025-10-01,8619.3,7
TXN104968,Butwal - Traffic Chowk,Butwal,2025-08-13,4732.18,5
TXN104969,Kathmandu - Kupondole,Kathmandu,2025-03-27,6178.32,7
TXN104970,Kathmandu - Kupondole,Kathmandu,2025-11-06,1300.28,1
TXN104971,Kathmandu - New Road,Kathmandu,2025-05-18,20605.7,17
TXN104972,Kathmandu - Kupondole,Kathmandu,2025-08-12,3502.95,8
TXN104973,Kathmandu - New Road,Kathmandu,2025-10-11,3514.73,5
TXN104974,Butwal - Traffic Chowk,Butwal,2025-03-16,12536.12,14
TXN104975,Bhaktapur - Suryabinayak,Bhaktapur,2025-07-13,2305.16,4
TXN104976,Kathmandu - Kupondole,Kathmandu,2025-10-10,8343.02,10
TXN104977,Butwal - Traffic Chowk,Butwal,2025-05-24,2201.0,10
TXN104978,Chitwan - Bharatpur,Chitwan,2025-12-31,5565.71,16
TXN104979,Kathmandu - New Road,Kathmandu,2025-04-10,11745.060000000001,14
TXN104980,Pokhara - Lakeside,Pokhara,2025-11-19,1451.6,4
TXN104981,Chitwan - Bharatpur,Chitwan,2025-04-14,13378.01,11
TXN104982,Bhaktapur - Suryabinayak,Bhaktapur,2025-10-24,11262.04,4
TXN104983,Butwal - Traffic Chowk,Butwal,2025-01-18,2841.7000000000003,11
TXN104984,Pokhara - Lakeside,Pokhara,2025-07-26,3753.34,6
TXN104985,Butwal - Traffic Chowk,Butwal,2025-10-23,6556.58,8
TXN104986,Kathmandu - Kupondole,Kathmandu,2025-08-14,1702.44,2
TXN104987,Bhaktapur - Suryabinayak,Bhaktapur,2025-05-25,4647.42,14
TXN104988,Lalitpur - Pulchowk,Lalitpur,2025-02-17,3798.4,9
TXN104989,Butwal - Traffic Chowk,Butwal,2025-11-10,2366.2,6
TXN104990,Lalitpur - Pulchowk,Lalitpur,2025-09-08,11027.68,10
TXN104991,Chitwan - Bharatpur,Chitwan,2025-04-30,10904.45,15
TXN104992,Bhaktapur - Suryabinayak,Bhaktapur,2025-07-24,13234.86,16
TXN104993,Bhaktapur - Suryabinayak,Bhaktapur,2025-02-13,3469.96,7
TXN104994,Biratnagar - Main Road,Biratnagar,2025-10-02,1846.02,2
TXN104995,Bhaktapur - Suryabinayak,Bhaktapur,2025-09-29,1337.2,5
TXN104996,Lalitpur - Pulchowk,Lalitpur,2025-10-18,9944.990000000002,13
TXN104997,Lalitpur - Pulchowk,Lalitpur,2025-08-17,4295.2,9
TXN104998,Kathmandu - New Road,Kathmandu,2025-07-31,3560.8599999999997,9
TXN104999,Lalitpur - Pulchowk,Lalitpur,2025-01-28,755.78,2
TXN105000,Kathmandu - New Road,Kathmandu,2025-09-01,4138.88,8
TXN105001,Kathmandu - Kupondole,Kathmandu,2025-12-29,1936.36,9
TXN105002,Lalitpur - Pulchowk,Lalitpur,2025-02-27,7044.349999999999,11
TXN105003,Pokhara - Lakeside,Pokhara,2025-01-22,9946.66,10
TXN105004,Pokhara - Lakeside,Pokhara,2025-09-28,391.36,1
TXN105005,Biratnagar - Main Road,Biratnagar,2025-03-17,6433.91,14
TXN105006,Butwal - Traffic Chowk,Butwal,2025-03-13,2644.81,4
TXN105007,Butwal - Traffic Chowk,Butwal,2025-02-26,6264.93,11
TXN105008,Pokhara - Lakeside,Pokhara,2025-09-16,2215.32,4
TXN105009,Chitwan - Bharatpur,Chitwan,2025-07-24,12693.490000000002,8
TXN105010,Lalitpur - Pulchowk,Lalitpur,2025-10-28,7165.07,9
TXN105011,Bhaktapur - Suryabinayak,Bhaktapur,2025-04-11,10566.57,10
TXN105012,Pokhara - Lakeside,Pokhara,2025-04-30,2364.24,8
TXN105013,Kathmandu - New Road,Kathmandu,2025-05-24,1267.3999999999999,3
TXN105014,Chitwan - Bharatpur,Chitwan,2025-08-09,1363.08,7
TXN105015,Kathmandu - Kupondole,Kathmandu,2025-02-13,6237.780000000001,12
TXN105016,Kathmandu - New Road,Kathmandu,2025-11-28,4135.62,10
TXN105017,Bhaktapur - Suryabinayak,Bhaktapur,2025-01-07,17588.2,16
TXN105018,Kathmandu - New Road,Kathmandu,2025-05-31,1480.53,5
TXN105019,Kathmandu - New Road,Kathmandu,2025-08-08,13247.48,13
TXN105020,Lalitpur - Pulchowk,Lalitpur,2025-09-21,83.47,1
TXN105021,Bhaktapur - Suryabinayak,Bhaktapur,2025-10-22,2160.84,3
TXN105022,Kathmandu - Kupondole,Kathmandu,2025-09-15,2632.0,4
TXN105023,Bhaktapur - Suryabinayak,Bhaktapur,2025-09-25,3032.24,11
TXN105024,Butwal - Traffic Chowk,Butwal,2025-11-01,19147.29,10
TXN105025,Bhaktapur - Suryabinayak,Bhaktapur,2025-04-05,6488.889999999999,13
TXN105026,Kathmandu - Kupondole,Kathmandu,2025-07-13,3397.0299999999997,11
TXN105027,Kathmandu - New Road,Kathmandu,2025-05-21,1362.48,4
TXN105028,Butwal - Traffic Chowk,Butwal,2025-10-18,565.82,2
TXN105029,Kathmandu - Kupondole,Kathmandu,2025-09-15,2761.6699999999996,6
TXN105030,Biratnagar - Main Road,Biratnagar,2025-04-01,10352.38,7
TXN105031,Kathmandu - New Road,Kathmandu,2025-12-06,818.04,5
TXN105032,Butwal - Traffic Chowk,Butwal,2025-06-22,5727.1,18
TXN105033,Butwal - Traffic Chowk,Butwal,2025-01-27,5223.75,11
TXN105034,Biratnagar - Main Road,Biratnagar,2025-10-03,1278.8200000000002,5
TXN105035,Kathmandu - Kupondole,Kathmandu,2025-11-05,427.08,3
TXN105036,Kathmandu - New Road,Kathmandu,2025-10-26,11928.18,11
TXN105037,Butwal - Traffic Chowk,Butwal,2025-10-24,3457.76,4
TXN105038,Kathmandu - New Road,Kathmandu,2025-02-27,3501.9100000000003,9
TXN105039,Kathmandu - Kupondole,Kathmandu,2025-08-28,11268.029999999999,5
TXN105040,Lalitpur - Pulchowk,Lalitpur,2025-11-12,4093.0,6
TXN105041,Bhaktapur - Suryabinayak,Bhaktapur,2025-08-02,1536.04,4
TXN105042,Bhaktapur - Suryabinayak,Bhaktapur,2025-09-25,1438.92,5
TXN105043,Bhaktapur - Suryabinayak,Bhaktapur,2025-09-30,4907.75,10
TXN105044,Lalitpur - Pulchowk,Lalitpur,2025-11-18,3305.7599999999998,7
TXN105045,Butwal - Traffic Chowk,Butwal,2025-10-07,4606.56,6
TXN105046,Biratnagar - Main Road,Biratnagar,2025-01-03,3729.4700000000003,11
TXN105047,Kathmandu - New Road,Kathmandu,2025-05-08,3643.2999999999997,6
TXN105048,Pokhara - Lakeside,Pokhara,2025-09-18,3194.09,12
TXN105049,Lalitpur - Pulchowk,Lalitpur,2025-09-24,12966.21,9
TXN105050,Biratnagar - Main Road,Biratnagar,2025-12-08,1187.13,3
TXN105051,Biratnagar - Main Road,Biratnagar,2025-09-15,3307.8,15
TXN105052,Lalitpur - Pulchowk,Lalitpur,2025-09-20,4462.9,4
TXN105053,Butwal - Traffic Chowk,Butwal,2025-11-02,1955.46,8
TXN105054,Bhaktapur - Suryabinayak,Bhaktapur,2025-02-19,1954.46,4
TXN105055,Butwal - Traffic Chowk,Butwal,2025-08-22,3397.08,9
TXN105056,Chitwan - Bharatpur,Chitwan,2025-08-03,5957.0599999999995,6
TXN105057,Biratnagar - Main Road,Biratnagar,2025-08-09,3360.3500000000004,9
TXN105058,Biratnagar - Main Road,Biratnagar,2025-08-22,10629.24,8
TXN105059,Butwal - Traffic Chowk,Butwal,2025-09-19,5685.21,9
TXN105060,Bhaktapur - Suryabinayak,Bhaktapur,2025-03-28,8052.87,13
TXN105061,Butwal - Traffic Chowk,Butwal,2025-11-04,13533.76,12
TXN105062,Pokhara - Lakeside,Pokhara,2025-09-04,9580.99,14
TXN105063,Kathmandu - New Road,Kathmandu,2025-12-22,649.28,4
TXN105064,Bhaktapur - Suryabinayak,Bhaktapur,2025-04-29,9667.02,12
TXN105065,Kathmandu - New Road,Kathmandu,2025-10-16,1700.65,3
TXN105066,Pokhara - Lakeside,Pokhara,2025-05-21,9110.44,12
TXN105067,Kathmandu - Kupondole,Kathmandu,2025-01-03,4771.01,9
TXN105068,Kathmandu - Kupondole,Kathmandu,2025-08-07,1802.01,6
TXN105069,Kathmandu - New Road,Kathmandu,2025-03-07,6518.97,9
TXN105070,Bhaktapur - Suryabinayak,Bhaktapur,2025-04-26,2343.55,6
TXN105071,Bhaktapur - Suryabinayak,Bhaktapur,2025-11-10,1995.27,3
TXN105072,Butwal - Traffic Chowk,Butwal,2025-02-20,100.04,1
TXN105073,Kathmandu - Kupondole,Kathmandu,2025-05-07,8050.799999999999,12
TXN105074,Kathmandu - Kupondole,Kathmandu,2025-11-17,13035.189999999999,9
TXN105075,Pokhara - Lakeside,Pokhara,2025-08-07,6680.780000000001,6
TXN105076,Biratnagar - Main Road,Biratnagar,2025-11-23,960.04,2
TXN105077,Bhaktapur - Suryabinayak,Bhaktapur,2025-10-14,6494.08,15
TXN105078,Kathmandu - New Road,Kathmandu,2025-06-06,3644.62,7
TXN105079,Kathmandu - Kupondole,Kathmandu,2025-04-25,672.44,2
TXN105080,Butwal - Traffic Chowk,Butwal,2025-12-06,7814.07,13
TXN105081,Butwal - Traffic Chowk,Butwal,2025-11-01,10799.009999999998,9
TXN105082,Bhaktapur - Suryabinayak,Bhaktapur,2025-06-05,10628.619999999999,6
TXN105083,Lalitpur - Pulchowk,Lalitpur,2025-10-28,3528.7599999999998,5
TXN105084,Kathmandu - New Road,Kathmandu,2025-10-10,736.87,2
TXN105085,Chitwan - Bharatpur,Chitwan,2025-04-06,10275.75,13
TXN105086,Bhaktapur - Suryabinayak,Bhaktapur,2025-06-15,1532.41,1
TXN105087,Kathmandu - Kupondole,Kathmandu,2025-09-22,1560.43,4
TXN105088,Kathmandu - New Road,Kathmandu,2025-01-14,5951.14,9
TXN105089,Kathmandu - New Road,Kathmandu,2025-08-11,7212.45,13
TXN105090,Kathmandu - New Road,Kathmandu,2025-06-16,5728.87,8
TXN105091,Lalitpur - Pulchowk,Lalitpur,2025-12-14,1649.1399999999999,6
TXN105092,Kathmandu - Kupondole,Kathmandu,2025-11-28,8598.810000000001,6
TXN105093,Lalitpur - Pulchowk,Lalitpur,2025-04-20,10256.82,11
TXN105094,Biratnagar - Main Road,Biratnagar,2025-03-19,4076.58,7
TXN105095,Kathmandu - Kupondole,Kathmandu,2025-09-08,2145.12,8
TXN105096,Kathmandu - Kupondole,Kathmandu,2025-05-19,6384.63,15
TXN105097,Kathmandu - New Road,Kathmandu,2025-10-07,10861.5,16
TXN105098,Kathmandu - Kupondole,Kathmandu,2025-04-13,6092.0,12
TXN105099,Kathmandu - Kupondole,Kathmandu,2025-06-05,1928.36,2
TXN105100,Bhaktapur - Suryabinayak,Bhaktapur,2025-03-24,1930.16,4
TXN105101,Butwal - Traffic Chowk,Butwal,2025-03-03,7158.41,6
TXN105102,Pokhara - Lakeside,Pokhara,2025-10-30,7497.0,13
TXN105103,Bhaktapur - Suryabinayak,Bhaktapur,2025-11-21,4464.75,9
TXN105104,Butwal - Traffic Chowk,Butwal,2025-06-15,1655.24,7
TXN105105,Pokhara - Lakeside,Pokhara,2025-11-23,2782.75,5
TXN105106,Pokhara - Lakeside,Pokhara,2025-07-14,8119.72,7
TXN105107,Butwal - Traffic Chowk,Butwal,2025-09-03,8352.69,10
TXN105108,Chitwan - Bharatpur,Chitwan,2025-09-21,5882.17,5
TXN105109,Bhaktapur - Suryabinayak,Bhaktapur,2025-04-27,767.0,2
TXN105110,Butwal - Traffic Chowk,Butwal,2025-04-10,7607.299999999999,12
TXN105111,Kathmandu - New Road,Kathmandu,2025-11-04,2380.04,3
TXN105112,Bhaktapur - Suryabinayak,Bhaktapur,2025-06-30,2614.98,11
TXN105113,Biratnagar - Main Road,Biratnagar,2025-02-12,2874.1000000000004,2
TXN105114,Kathmandu - New Road,Kathmandu,2025-01-22,4997.07,8
TXN105115,Butwal - Traffic Chowk,Butwal,2025-12-11,14026.730000000001,13
TXN105116,Chitwan - Bharatpur,Chitwan,2025-05-30,6663.4400000000005,12
TXN105117,Kathmandu - Kupondole,Kathmandu,2025-09-17,8431.13,11
TXN105118,Butwal - Traffic Chowk,Butwal,2025-10-11,2847.21,4
TXN105119,Pokhara - Lakeside,Pokhara,2025-01-05,3990.02,5
TXN105120,Kathmandu - New Road,Kathmandu,2025-02-28,13318.02,10
TXN105121,Kathmandu - New Road,Kathmandu,2025-02-10,10037.55,9
TXN105122,Butwal - Traffic Chowk,Butwal,2025-04-09,23426.64,11
TXN105123,Kathmandu - New Road,Kathmandu,2025-04-19,10920.689999999999,11
TXN105124,Bhaktapur - Suryabinayak,Bhaktapur,2025-05-04,1140.98,4
TXN105125,Bhaktapur - Suryabinayak,Bhaktapur,2025-09-20,4038.1899999999996,5
TXN105126,Chitwan - Bharatpur,Chitwan,2025-12-22,9871.21,12
TXN105127,Biratnagar - Main Road,Biratnagar,2025-07-21,14093.5,9
TXN105128,Kathmandu - Kupondole,Kathmandu,2025-04-11,10394.480000000001,8
TXN105129,Bhaktapur - Suryabinayak,Bhaktapur,2025-10-19,4248.14,9
TXN105130,Biratnagar - Main Road,Biratnagar,2025-11-15,5097.860000000001,8
TXN105131,Kathmandu - New Road,Kathmandu,2025-11-30,4650.32,7
TXN105132,Lalitpur - Pulchowk,Lalitpur,2025-01-05,10293.740000000002,12
TXN105133,Lalitpur - Pulchowk,Lalitpur,2025-11-19,7802.24,7
TXN105134,Kathmandu - New Road,Kathmandu,2025-11-20,4483.15,7
TXN105135,Pokhara - Lakeside,Pokhara,2025-07-06,419.56,2
TXN105136,Kathmandu - Kupondole,Kathmandu,2025-05-17,2175.3199999999997,7
TXN105137,Kathmandu - New Road,Kathmandu,2025-11-08,3934.7599999999998,13
TXN105138,Kathmandu - New Road,Kathmandu,2025-10-14,2766.6800000000003,6
TXN105139,Kathmandu - Kupondole,Kathmandu,2025-03-08,3099.49,6
TXN105140,Biratnagar - Main Road,Biratnagar,2025-10-03,1035.8,4
TXN105141,Lalitpur - Pulchowk,Lalitpur,2025-04-17,260.35,1
TXN105142,Pokhara - Lakeside,Pokhara,2025-03-16,7874.55,6
TXN105143,Butwal - Traffic Chowk,Butwal,2025-07-13,10145.04,4
TXN105144,Butwal - Traffic Chowk,Butwal,2025-11-04,8525.6,9
TXN105145,Kathmandu - Kupondole,Kathmandu,2025-11-07,7564.2300000000005,12
TXN105146,Butwal - Traffic Chowk,Butwal,2025-11-26,719.02,3
TXN105147,Biratnagar - Main Road,Biratnagar,2025-12-15,5217.93,8
TXN105148,Lalitpur - Pulchowk,Lalitpur,2025-06-08,627.32,1
TXN105149,Kathmandu - Kupondole,Kathmandu,2025-11-03,2635.17,6
TXN105150,Pokhara - Lakeside,Pokhara,2025-10-30,3503.3999999999996,5
TXN105151,Kathmandu - Kupondole,Kathmandu,2025-05-02,2750.1800000000003,7
TXN105152,Lalitpur - Pulchowk,Lalitpur,2025-01-06,3918.2200000000003,10
TXN105153,Kathmandu - New Road,Kathmandu,2025-04-07,6892.68,6
TXN105154,Butwal - Traffic Chowk,Butwal,2025-01-03,1352.79,3
TXN105155,Kathmandu - New Road,Kathmandu,2025-10-23,7885.59,3
TXN105156,Bhaktapur - Suryabinayak,Bhaktapur,2025-11-22,798.24,4
TXN105157,Butwal - Traffic Chowk,Butwal,2025-09-09,2801.87,8
TXN105158,Bhaktapur - Suryabinayak,Bhaktapur,2025-04-15,17505.44,14
TXN105159,Lalitpur - Pulchowk,Lalitpur,2025-01-21,630.6600000000001,2
TXN105160,Kathmandu - Kupondole,Kathmandu,2025-10-12,928.92,2
TXN105161,Lalitpur - Pulchowk,Lalitpur,2025-07-21,2867.1400000000003,5
TXN105162,Kathmandu - Kupondole,Kathmandu,2025-02-16,9048.689999999999,13
TXN105163,Butwal - Traffic Chowk,Butwal,2025-07-18,6011.69,9
TXN105164,Biratnagar - Main Road,Biratnagar,2025-06-09,3929.4700000000003,6
TXN105165,Lalitpur - Pulchowk,Lalitpur,2025-12-30,1975.29,8
TXN105166,Bhaktapur - Suryabinayak,Bhaktapur,2025-04-11,2791.81,9
TXN105167,Bhaktapur - Suryabinayak,Bhaktapur,2025-06-16,10922.79,12
TXN105168,Biratnagar - Main Road,Biratnagar,2025-12-23,16845.989999999998,8
TXN105169,Biratnagar - Main Road,Biratnagar,2025-10-10,10330.01,13
TXN105170,Butwal - Traffic Chowk,Butwal,2025-09-20,5180.77,7
TXN105171,Pokhara - Lakeside,Pokhara,2025-03-18,1063.04,4
TXN105172,Butwal - Traffic Chowk,Butwal,2025-03-15,959.6099999999999,7
TXN105173,Bhaktapur - Suryabinayak,Bhaktapur,2025-06-23,4881.12,9
TXN105174,Bhaktapur - Suryabinayak,Bhaktapur,2025-06-26,488.58,3
TXN105175,Lalitpur - Pulchowk,Lalitpur,2025-12-07,11126.66,11
TXN105176,Lalitpur - Pulchowk,Lalitpur,2025-10-02,6540.26,13
TXN105177,Biratnagar - Main Road,Biratnagar,2025-05-12,1577.48,4
TXN105178,Kathmandu - New Road,Kathmandu,2025-11-04,5072.5199999999995,8
TXN105179,Kathmandu - New Road,Kathmandu,2025-06-28,3721.37,5
TXN105180,Kathmandu - Kupondole,Kathmandu,2025-09-09,7326.43,10
TXN105181,Kathmandu - Kupondole,Kathmandu,2025-04-02,726.66,4
TXN105182,Kathmandu - New Road,Kathmandu,2025-10-03,4585.92,14
TXN105183,Bhaktapur - Suryabinayak,Bhaktapur,2025-09-08,3733.89,15
TXN105184,Kathmandu - New Road,Kathmandu,2025-06-09,3824.6099999999997,10
TXN105185,Butwal - Traffic Chowk,Butwal,2025-10-07,5440.53,9
TXN105186,Kathmandu - Kupondole,Kathmandu,2025-08-10,1131.36,3
TXN105187,Chitwan - Bharatpur,Chitwan,2025-01-30,4134.66,13
TXN105188,Kathmandu - Kupondole,Kathmandu,2025-11-21,1732.15,4
TXN105189,Kathmandu - Kupondole,Kathmandu,2025-01-01,1623.03,3
TXN105190,Bhaktapur - Suryabinayak,Bhaktapur,2025-05-30,18236.96,12
TXN105191,Kathmandu - New Road,Kathmandu,2025-12-25,13544.77,10
TXN105192,Kathmandu - New Road,Kathmandu,2025-05-27,2447.46,4
TXN105193,Lalitpur - Pulchowk,Lalitpur,2025-10-26,4088.3599999999997,7
TXN105194,Kathmandu - New Road,Kathmandu,2025-09-30,8201.61,10
TXN105195,Lalitpur - Pulchowk,Lalitpur,2025-12-03,1553.27,4
TXN105196,Lalitpur - Pulchowk,Lalitpur,2025-06-01,2925.42,5
TXN105197,Kathmandu - Kupondole,Kathmandu,2025-12-26,5044.049999999999,8
TXN105198,Butwal - Traffic Chowk,Butwal,2025-09-04,22400.82,14
TXN105199,Kathmandu - Kupondole,Kathmandu,2025-09-22,3013.15,9
TXN105200,Bhaktapur - Suryabinayak,Bhaktapur,2025-03-03,4020.46,13
TXN105201,Bhaktapur - Suryabinayak,Bhaktapur,2025-09-26,7526.759999999999,10
TXN105202,Bhaktapur - Suryabinayak,Bhaktapur,2025-07-07,2963.2799999999997,6
TXN105203,Lalitpur - Pulchowk,Lalitpur,2025-11-20,968.22,6
TXN105204,Kathmandu - Kupondole,Kathmandu,2025-10-15,1091.22,2
TXN105205,Lalitpur - Pulchowk,Lalitpur,2025-03-17,3620.74,8
TXN105206,Kathmandu - Kupondole,Kathmandu,2025-10-26,5054.37,8
TXN105207,Pokhara - Lakeside,Pokhara,2025-11-27,7153.4,4
TXN105208,Lalitpur - Pulchowk,Lalitpur,2025-02-07,1559.06,2
TXN105209,Kathmandu - New Road,Kathmandu,2025-01-11,8005.23,6
TXN105210,Pokhara - Lakeside,Pokhara,2025-10-25,913.58,4
TXN105211,Kathmandu - Kupondole,Kathmandu,2025-06-01,8857.56,3
TXN105212,Kathmandu - New Road,Kathmandu,2025-05-20,731.04,4
TXN105213,Kathmandu - Kupondole,Kathmandu,2025-03-27,9039.56,13
TXN105214,Chitwan - Bharatpur,Chitwan,2025-05-02,5738.25,6
TXN105215,Kathmandu - Kupondole,Kathmandu,2025-04-24,3415.72,8
TXN105216,Butwal - Traffic Chowk,Butwal,2025-10-22,14035.130000000001,10
TXN105217,Kathmandu - New Road,Kathmandu,2025-09-12,2242.19,8
TXN105218,Kathmandu - New Road,Kathmandu,2025-02-09,2393.31,2
TXN105219,Kathmandu - New Road,Kathmandu,2025-05-02,10188.44,9
TXN105220,Lalitpur - Pulchowk,Lalitpur,2025-03-20,2472.24,5
TXN105221,Kathmandu - Kupondole,Kathmandu,2025-10-25,5668.35,7
TXN105222,Biratnagar - Main Road,Biratnagar,2025-09-23,4451.099999999999,6
TXN105223,Chitwan - Bharatpur,Chitwan,2025-02-26,331.52,1
TXN105224,Lalitpur - Pulchowk,Lalitpur,2025-06-17,3102.73,5
TXN105225,Kathmandu - Kupondole,Kathmandu,2025-09-30,568.96,4
TXN105226,Biratnagar - Main Road,Biratnagar,2025-06-30,3791.2,6
TXN105227,Kathmandu - Kupondole,Kathmandu,2025-11-17,3372.3199999999997,10
TXN105228,Bhaktapur - Suryabinayak,Bhaktapur,2025-12-14,7453.01,11
TXN105229,Kathmandu - Kupondole,Kathmandu,2025-08-11,2664.69,7
TXN105230,Bhaktapur - Suryabinayak,Bhaktapur,2025-09-26,2312.31,3
TXN105231,Kathmandu - New Road,Kathmandu,2025-04-08,3056.69,1
TXN105232,Kathmandu - New Road,Kathmandu,2025-11-16,1607.94,4
TXN105233,Lalitpur - Pulchowk,Lalitpur,2025-03-11,340.34,1
TXN105234,Pokhara - Lakeside,Pokhara,2025-10-14,4094.69,10
TXN105235,Kathmandu - Kupondole,Kathmandu,2025-08-01,1298.82,6
TXN105236,Butwal - Traffic Chowk,Butwal,2025-10-23,1724.48,8
TXN105237,Kathmandu - New Road,Kathmandu,2025-12-08,274.92,2
TXN105238,Bhaktapur - Suryabinayak,Bhaktapur,2025-09-27,760.4,4
TXN105239,Butwal - Traffic Chowk,Butwal,2025-11-16,1185.56,4
TXN105240,Chitwan - Bharatpur,Chitwan,2025-11-18,148.04,1
TXN105241,Butwal - Traffic Chowk,Butwal,2025-09-28,1288.26,3
TXN105242,Chitwan - Bharatpur,Chitwan,2025-01-12,10243.61,14
TXN105243,Biratnagar - Main Road,Biratnagar,2025-06-08,2164.38,6
TXN105244,Bhaktapur - Suryabinayak,Bhaktapur,2025-08-02,2361.49,8
TXN105245,Lalitpur - Pulchowk,Lalitpur,2025-10-23,2575.0299999999997,11
TXN105246,Kathmandu - Kupondole,Kathmandu,2025-10-04,4456.81,4
TXN105247,Butwal - Traffic Chowk,Butwal,2025-06-11,8148.87,10
TXN105248,Bhaktapur - Suryabinayak,Bhaktapur,2025-04-28,5674.89,13
TXN105249,Butwal - Traffic Chowk,Butwal,2025-07-05,4887.2300000000005,10
TXN105250,Kathmandu - New Road,Kathmandu,2025-03-11,9701.230000000001,11
TXN105251,Butwal - Traffic Chowk,Butwal,2025-12-27,3914.48,12
TXN105252,Pokhara - Lakeside,Pokhara,2025-05-03,8556.69,10
TXN105253,Bhaktapur - Suryabinayak,Bhaktapur,2025-10-26,16506.25,18
TXN105254,Pokhara - Lakeside,Pokhara,2025-12-12,7201.28,10
TXN105255,Kathmandu - Kupondole,Kathmandu,2025-06-18,12593.74,16
TXN105256,Bhaktapur - Suryabinayak,Bhaktapur,2025-03-24,4344.23,13
TXN105257,Pokhara - Lakeside,Pokhara,2025-12-02,602.52,2
TXN105258,Pokhara - Lakeside,Pokhara,2025-04-02,747.0,3
TXN105259,Bhaktapur - Suryabinayak,Bhaktapur,2025-09-10,831.98,2
TXN105260,Bhaktapur - Suryabinayak,Bhaktapur,2025-01-19,1892.33,5
TXN105261,Pokhara - Lakeside,Pokhara,2025-09-20,5267.029999999999,6
TXN105262,Lalitpur - Pulchowk,Lalitpur,2025-11-14,1877.96,7
TXN105263,Kathmandu - New Road,Kathmandu,2025-01-26,2394.09,5
TXN105264,Pokhara - Lakeside,Pokhara,2025-04-30,8488.0,6
TXN105265,Bhaktapur - Suryabinayak,Bhaktapur,2025-06-30,11591.48,12
TXN105266,Lalitpur - Pulchowk,Lalitpur,2025-05-22,1807.99,7
TXN105267,Biratnagar - Main Road,Biratnagar,2025-11-19,2324.43,3
TXN105268,Bhaktapur - Suryabinayak,Bhaktapur,2025-11-14,1754.18,2
TXN105269,Kathmandu - Kupondole,Kathmandu,2025-10-18,12185.2,9
TXN105270,Kathmandu - Kupondole,Kathmandu,2025-08-26,2167.48,3
TXN105271,Kathmandu - New Road,Kathmandu,2025-11-02,2939.84,5
TXN105272,Kathmandu - Kupondole,Kathmandu,2025-09-05,9211.14,12
TXN105273,Pokhara - Lakeside,Pokhara,2025-08-10,2563.21,6
TXN105274,Bhaktapur - Suryabinayak,Bhaktapur,2025-11-11,1196.32,4
TXN105275,Pokhara - Lakeside,Pokhara,2025-08-28,4214.74,6
TXN105276,Bhaktapur - Suryabinayak,Bhaktapur,2025-02-14,893.16,3
TXN105277,Kathmandu - Kupondole,Kathmandu,2025-09-12,2468.1400000000003,11
TXN105278,Kathmandu - Kupondole,Kathmandu,2025-08-05,2532.99,3
TXN105279,Bhaktapur - Suryabinayak,Bhaktapur,2025-12-14,3820.2,9
TXN105280,Pokhara - Lakeside,Pokhara,2025-10-13,4430.83,10
TXN105281,Bhaktapur - Suryabinayak,Bhaktapur,2025-03-17,5096.14,8
TXN105282,Kathmandu - New Road,Kathmandu,2025-03-09,1990.02,5
TXN105283,Kathmandu - Kupondole,Kathmandu,2025-12-13,4596.38,5
TXN105284,Kathmandu - New Road,Kathmandu,2025-04-21,2823.54,1
TXN105285,Lalitpur - Pulchowk,Lalitpur,2025-09-12,6266.52,4
TXN105286,Bhaktapur - Suryabinayak,Bhaktapur,2025-04-09,11601.44,12
TXN105287,Butwal - Traffic Chowk,Butwal,2025-10-19,5703.7699999999995,7
TXN105288,Pokhara - Lakeside,Pokhara,2025-01-29,2850.52,5
TXN105289,Bhaktapur - Suryabinayak,Bhaktapur,2025-09-18,10002.68,4
TXN105290,Lalitpur - Pulchowk,Lalitpur,2025-06-24,6908.94,15
TXN105291,Kathmandu - New Road,Kathmandu,2025-10-22,9655.09,7
TXN105292,Kathmandu - Kupondole,Kathmandu,2025-04-08,98.3,1
TXN105293,Chitwan - Bharatpur,Chitwan,2025-03-15,1308.88,4
TXN105294,Kathmandu - Kupondole,Kathmandu,2025-10-15,1220.37,3
TXN105295,Bhaktapur - Suryabinayak,Bhaktapur,2025-09-30,3101.94,11
TXN105296,Bhaktapur - Suryabinayak,Bhaktapur,2025-09-04,1514.8600000000001,6
TXN105297,Kathmandu - New Road,Kathmandu,2025-03-16,299.78,2
TXN105298,Chitwan - Bharatpur,Chitwan,2025-11-02,2066.22,3
TXN105299,Bhaktapur - Suryabinayak,Bhaktapur,2025-10-03,10858.35,12
TXN105300,Kathmandu - New Road,Kathmandu,2025-10-10,7891.75,7
TXN105301,Biratnagar - Main Road,Biratnagar,2025-06-20,2072.7,1
TXN105302,Pokhara - Lakeside,Pokhara,2025-04-07,6281.26,2
TXN105303,Lalitpur - Pulchowk,Lalitpur,2025-10-24,3307.29,12
TXN105304,Chitwan - Bharatpur,Chitwan,2025-02-16,1316.43,3
TXN105305,Kathmandu - New Road,Kathmandu,2025-10-02,7553.62,9
TXN105306,Kathmandu - New Road,Kathmandu,2025-09-27,999.53,3
TXN105307,Kathmandu - New Road,Kathmandu,2025-04-12,1267.05,3
TXN105308,Kathmandu - Kupondole,Kathmandu,2025-05-28,14271.830000000002,8
TXN105309,Bhaktapur - Suryabinayak,Bhaktapur,2025-11-06,3348.54,12
TXN105310,Butwal - Traffic Chowk,Butwal,2025-08-04,6061.68,8
TXN105311,Bhaktapur - Suryabinayak,Bhaktapur,2025-11-16,278.36,1
TXN105312,Kathmandu - Kupondole,Kathmandu,2025-01-05,5417.02,12
TXN105313,Bhaktapur - Suryabinayak,Bhaktapur,2025-09-30,24972.7,16
TXN105314,Pokhara - Lakeside,Pokhara,2025-11-15,3031.72,4
TXN105315,Bhaktapur - Suryabinayak,Bhaktapur,2025-02-28,2431.08,3
TXN105316,Kathmandu - New Road,Kathmandu,2025-10-17,14052.060000000001,10
TXN105317,Lalitpur - Pulchowk,Lalitpur,2025-10-06,2461.46,5
TXN105318,Butwal - Traffic Chowk,Butwal,2025-03-31,11880.32,8
TXN105319,Butwal - Traffic Chowk,Butwal,2025-02-02,4311.3,2
TXN105320,Lalitpur - Pulchowk,Lalitpur,2025-02-19,3845.94,13
TXN105321,Kathmandu - Kupondole,Kathmandu,2025-06-12,301.92,2
TXN105322,Chitwan - Bharatpur,Chitwan,2025-11-28,20093.85,12
TXN105323,Biratnagar - Main Road,Biratnagar,2025-12-30,12540.8,8
TXN105324,Kathmandu - Kupondole,Kathmandu,2025-09-12,11752.26,8
TXN105325,Biratnagar - Main Road,Biratnagar,2025-11-28,3247.53,7
TXN105326,Pokhara - Lakeside,Pokhara,2025-02-10,9396.12,11
TXN105327,Chitwan - Bharatpur,Chitwan,2025-11-02,4012.62,9
TXN105328,Chitwan - Bharatpur,Chitwan,2025-10-11,1524.69,3
TXN105329,Butwal - Traffic Chowk,Butwal,2025-11-24,6934.9,4
TXN105330,Kathmandu - New Road,Kathmandu,2025-02-12,1207.4,2
TXN105331,Butwal - Traffic Chowk,Butwal,2025-09-06,4260.17,11
TXN105332,Bhaktapur - Suryabinayak,Bhaktapur,2025-11-21,10474.75,5
TXN105333,Butwal - Traffic Chowk,Butwal,2025-07-11,6970.59,3
TXN105334,Lalitpur - Pulchowk,Lalitpur,2025-09-17,9535.21,7
TXN105335,Lalitpur - Pulchowk,Lalitpur,2025-12-08,4937.97,10
TXN105336,Kathmandu - Kupondole,Kathmandu,2025-09-24,12528.54,12
TXN105337,Bhaktapur - Suryabinayak,Bhaktapur,2025-10-09,4723.45,8
TXN105338,Kathmandu - New Road,Kathmandu,2025-02-23,1080.03,2
TXN105339,Kathmandu - New Road,Kathmandu,2025-04-22,13943.49,14
TXN105340,Kathmandu - Kupondole,Kathmandu,2025-09-23,7014.320000000001,8
TXN105341,Butwal - Traffic Chowk,Butwal,2025-10-18,4331.12,9
TXN105342,Kathmandu - Kupondole,Kathmandu,2025-08-12,1100.83,4
TXN105343,Pokhara - Lakeside,Pokhara,2025-09-20,6726.25,11
TXN105344,Pokhara - Lakeside,Pokhara,2025-09-12,4744.12,11
TXN105345,Bhaktapur - Suryabinayak,Bhaktapur,2025-05-20,900.0699999999999,4
TXN105346,Bhaktapur - Suryabinayak,Bhaktapur,2025-07-30,2965.51,1
TXN105347,Lalitpur - Pulchowk,Lalitpur,2025-04-06,10101.060000000001,14
TXN105348,Butwal - Traffic Chowk,Butwal,2025-12-20,9089.58,8
TXN105349,Lalitpur - Pulchowk,Lalitpur,2025-04-18,7065.97,11
TXN105350,Chitwan - Bharatpur,Chitwan,2025-07-04,1855.73,5
TXN105351,Chitwan - Bharatpur,Chitwan,2025-05-30,421.89,1
TXN105352,Pokhara - Lakeside,Pokhara,2025-09-21,4333.820000000001,8
TXN105353,Bhaktapur - Suryabinayak,Bhaktapur,2025-03-11,612.56,4
TXN105354,Kathmandu - Kupondole,Kathmandu,2025-12-23,7320.84,16
TXN105355,Kathmandu - Kupondole,Kathmandu,2025-08-24,3114.65,15
TXN105356,Butwal - Traffic Chowk,Butwal,2025-09-28,2303.69,7
TXN105357,Lalitpur - Pulchowk,Lalitpur,2025-12-05,3842.47,10
TXN105358,Kathmandu - New Road,Kathmandu,2025-08-30,6104.0,14
TXN105359,Kathmandu - Kupondole,Kathmandu,2025-08-03,9184.48,6
TXN105360,Bhaktapur - Suryabinayak,Bhaktapur,2025-10-08,14242.869999999999,16
TXN105361,Butwal - Traffic Chowk,Butwal,2025-02-08,2359.63,6
TXN105362,Butwal - Traffic Chowk,Butwal,2025-11-16,269.42,2
TXN105363,Kathmandu - Kupondole,Kathmandu,2025-02-22,2262.03,3
TXN105364,Pokhara - Lakeside,Pokhara,2025-09-19,1756.46,8
TXN105365,Kathmandu - New Road,Kathmandu,2025-07-17,13323.64,8
TXN105366,Butwal - Traffic Chowk,Butwal,2025-11-15,11087.24,4
TXN105367,Kathmandu - Kupondole,Kathmandu,2025-09-09,7317.09,9
TXN105368,Bhaktapur - Suryabinayak,Bhaktapur,2025-10-08,12306.66,11
TXN105369,Butwal - Traffic Chowk,Butwal,2025-11-14,4713.66,9
TXN105370,Bhaktapur - Suryabinayak,Bhaktapur,2025-10-09,1619.44,6
TXN105371,Kathmandu - Kupondole,Kathmandu,2025-09-20,4433.32,9
TXN105372,Pokhara - Lakeside,Pokhara,2025-09-08,6810.45,13
TXN105373,Biratnagar - Main Road,Biratnagar,2025-09-19,9407.130000000001,15
TXN105374,Kathmandu - Kupondole,Kathmandu,2025-11-01,2536.29,9
TXN105375,Kathmandu - New Road,Kathmandu,2025-07-25,2099.81,4
TXN105376,Butwal - Traffic Chowk,Butwal,2025-11-20,8905.630000000001,12
TXN105377,Bhaktapur - Suryabinayak,Bhaktapur,2025-04-17,926.47,2
TXN105378,Bhaktapur - Suryabinayak,Bhaktapur,2025-01-01,11802.84,7
TXN105379,Bhaktapur - Suryabinayak,Bhaktapur,2025-08-19,1866.98,8
TXN105380,Pokhara - Lakeside,Pokhara,2025-08-11,4321.63,6
TXN105381,Kathmandu - Kupondole,Kathmandu,2025-05-07,2314.53,3
TXN105382,Kathmandu - Kupondole,Kathmandu,2025-04-23,4130.9,8
TXN105383,Butwal - Traffic Chowk,Butwal,2025-07-07,4191.86,7
TXN105384,Bhaktapur - Suryabinayak,Bhaktapur,2025-03-16,5520.79,9
TXN105385,Biratnagar - Main Road,Biratnagar,2025-01-07,6142.32,4
TXN105386,Lalitpur - Pulchowk,Lalitpur,2025-09-02,1081.72,3
TXN105387,Pokhara - Lakeside,Pokhara,2025-10-23,3295.49,8
TXN105388,Butwal - Traffic Chowk,Butwal,2025-12-02,5976.6,6
TXN105389,Butwal - Traffic Chowk,Butwal,2025-09-02,5215.799999999999,16
TXN105390,Pokhara - Lakeside,Pokhara,2025-04-19,7165.16,11
TXN105391,Kathmandu - Kupondole,Kathmandu,2025-01-31,10581.9,10
TXN105392,Kathmandu - New Road,Kathmandu,2025-08-13,1744.44,2
TXN105393,Butwal - Traffic Chowk,Butwal,2025-03-15,3074.59,9
TXN105394,Pokhara - Lakeside,Pokhara,2025-11-29,3496.0299999999997,7
TXN105395,Butwal - Traffic Chowk,Butwal,2025-12-07,14437.090000000002,15
TXN105396,Butwal - Traffic Chowk,Butwal,2025-03-27,70.41,1
TXN105397,Bhaktapur - Suryabinayak,Bhaktapur,2025-09-15,11468.460000000001,12
TXN105398,Kathmandu - Kupondole,Kathmandu,2025-05-08,4768.26,10
TXN105399,Kathmandu - Kupondole,Kathmandu,2025-10-24,7073.4800000000005,12
TXN105400,Butwal - Traffic Chowk,Butwal,2025-08-10,9111.08,8
TXN105401,Bhaktapur - Suryabinayak,Bhaktapur,2025-09-15,4245.07,7
TXN105402,Pokhara - Lakeside,Pokhara,2025-04-08,3050.69,5
TXN105403,Biratnagar - Main Road,Biratnagar,2025-08-31,7930.209999999999,4
TXN105404,Bhaktapur - Suryabinayak,Bhaktapur,2025-03-18,2103.35,8
TXN105405,Kathmandu - Kupondole,Kathmandu,2025-11-30,16884.18,13
TXN105406,Kathmandu - New Road,Kathmandu,2025-04-27,8043.4,11
TXN105407,Bhaktapur - Suryabinayak,Bhaktapur,2025-02-02,4458.55,14
TXN105408,Butwal - Traffic Chowk,Butwal,2025-08-11,11380.66,12
TXN105409,Biratnagar - Main Road,Biratnagar,2025-11-02,575.68,1
TXN105410,Kathmandu - New Road,Kathmandu,2025-10-27,2469.48,8
TXN105411,Kathmandu - New Road,Kathmandu,2025-07-02,6416.27,11
TXN105412,Bhaktapur - Suryabinayak,Bhaktapur,2025-03-17,5163.29,8
TXN105413,Kathmandu - Kupondole,Kathmandu,2025-02-15,2946.21,3
TXN105414,Chitwan - Bharatpur,Chitwan,2025-01-08,349.62,1
TXN105415,Pokhara - Lakeside,Pokhara,2025-02-20,3450.64,4
TXN105416,Kathmandu - Kupondole,Kathmandu,2025-11-17,3854.68,4
TXN105417,Butwal - Traffic Chowk,Butwal,2025-10-12,12861.02,10
TXN105418,Kathmandu - Kupondole,Kathmandu,2025-09-18,6421.19,14
TXN105419,Kathmandu - New Road,Kathmandu,2025-08-17,4783.17,7
TXN105420,Kathmandu - New Road,Kathmandu,2025-01-06,11730.460000000001,9
TXN105421,Butwal - Traffic Chowk,Butwal,2025-08-02,2761.86,6
TXN105422,Biratnagar - Main Road,Biratnagar,2025-11-10,1576.57,4
TXN105423,Butwal - Traffic Chowk,Butwal,2025-09-02,11362.69,14
TXN105424,Bhaktapur - Suryabinayak,Bhaktapur,2025-12-29,2850.2999999999997,5
TXN105425,Biratnagar - Main Road,Biratnagar,2025-09-28,3209.22,7
TXN105426,Kathmandu - Kupondole,Kathmandu,2025-10-03,9536.93,11
TXN105427,Pokhara - Lakeside,Pokhara,2025-09-23,639.76,1
TXN105428,Kathmandu - New Road,Kathmandu,2025-09-19,1119.6,4
TXN105429,Butwal - Traffic Chowk,Butwal,2025-03-09,5647.360000000001,10
TXN105430,Lalitpur - Pulchowk,Lalitpur,2025-06-23,189.78,2
TXN105431,Butwal - Traffic Chowk,Butwal,2025-10-08,875.24,4
TXN105432,Bhaktapur - Suryabinayak,Bhaktapur,2025-11-23,949.76,6
TXN105433,Lalitpur - Pulchowk,Lalitpur,2025-10-20,2697.45,3
TXN105434,Kathmandu - Kupondole,Kathmandu,2025-08-02,324.1,2
TXN105435,Bhaktapur - Suryabinayak,Bhaktapur,2025-09-16,5221.35,8
TXN105436,Biratnagar - Main Road,Biratnagar,2025-09-08,5753.18,2
TXN105437,Pokhara - Lakeside,Pokhara,2025-11-22,977.96,6
TXN105438,Bhaktapur - Suryabinayak,Bhaktapur,2025-10-15,21795.85,14
TXN105439,Kathmandu - New Road,Kathmandu,2025-01-28,1731.36,4
TXN105440,Pokhara - Lakeside,Pokhara,2025-04-21,2989.57,7
TXN105441,Kathmandu - Kupondole,Kathmandu,2025-09-28,672.1899999999999,4
TXN105442,Butwal - Traffic Chowk,Butwal,2025-11-24,5000.71,11
TXN105443,Butwal - Traffic Chowk,Butwal,2025-12-09,3506.34,9
TXN105444,Kathmandu - New Road,Kathmandu,2025-09-09,440.2,4
TXN105445,Kathmandu - New Road,Kathmandu,2025-06-27,682.46,3
TXN105446,Bhaktapur - Suryabinayak,Bhaktapur,2025-06-27,1042.28,4
TXN105447,Bhaktapur - Suryabinayak,Bhaktapur,2025-03-17,2257.6,4
TXN105448,Lalitpur - Pulchowk,Lalitpur,2025-03-07,472.46,2
TXN105449,Kathmandu - Kupondole,Kathmandu,2025-04-29,2550.31,7
TXN105450,Lalitpur - Pulchowk,Lalitpur,2025-11-29,4076.4799999999996,8
TXN105451,Butwal - Traffic Chowk,Butwal,2025-05-06,275.76,3
TXN105452,Pokhara - Lakeside,Pokhara,2025-06-16,7860.550000000001,9
TXN105453,Kathmandu - New Road,Kathmandu,2025-04-13,6561.48,12
TXN105454,Butwal - Traffic Chowk,Butwal,2025-10-05,15069.35,11
TXN105455,Kathmandu - Kupondole,Kathmandu,2025-09-02,775.83,3
TXN105456,Kathmandu - Kupondole,Kathmandu,2025-05-04,3707.3100000000004,7
TXN105457,Lalitpur - Pulchowk,Lalitpur,2025-10-05,8567.85,3
TXN105458,Pokhara - Lakeside,Pokhara,2025-10-01,1434.3600000000001,2
TXN105459,Lalitpur - Pulchowk,Lalitpur,2025-02-15,3535.08,7
TXN105460,Biratnagar - Main Road,Biratnagar,2025-05-14,6410.89,8
TXN105461,Kathmandu - New Road,Kathmandu,2025-07-11,10410.45,11
TXN105462,Kathmandu - Kupondole,Kathmandu,2025-10-05,12074.6,9
TXN105463,Pokhara - Lakeside,Pokhara,2025-01-20,8015.57,11
TXN105464,Butwal - Traffic Chowk,Butwal,2025-09-02,11849.730000000001,13
TXN105465,Bhaktapur - Suryabinayak,Bhaktapur,2025-11-08,6006.01,3
TXN105466,Lalitpur - Pulchowk,Lalitpur,2025-07-21,5039.34,6
TXN105467,Kathmandu - Kupondole,Kathmandu,2025-03-06,4925.62,8
TXN105468,Bhaktapur - Suryabinayak,Bhaktapur,2025-09-10,5626.75,10
TXN105469,Lalitpur - Pulchowk,Lalitpur,2025-10-25,527.24,2
TXN105470,Butwal - Traffic Chowk,Butwal,2025-03-25,813.93,3
TXN105471,Butwal - Traffic Chowk,Butwal,2025-11-23,11824.85,5
TXN105472,Butwal - Traffic Chowk,Butwal,2025-12-01,707.64,2
TXN105473,Pokhara - Lakeside,Pokhara,2025-04-25,2290.0,4
TXN105474,Butwal - Traffic Chowk,Butwal,2025-12-13,413.49,3
TXN105475,Chitwan - Bharatpur,Chitwan,2025-09-08,4750.469999999999,5
TXN105476,Lalitpur - Pulchowk,Lalitpur,2025-10-28,13584.59,13
TXN105477,Butwal - Traffic Chowk,Butwal,2025-10-28,4144.09,14
TXN105478,Lalitpur - Pulchowk,Lalitpur,2025-11-30,13329.43,5
TXN105479,Kathmandu - New Road,Kathmandu,2025-10-16,400.94,2
TXN105480,Kathmandu - New Road,Kathmandu,2025-02-20,207.56,2
TXN105481,Pokhara - Lakeside,Pokhara,2025-10-14,951.66,3
TXN105482,Kathmandu - Kupondole,Kathmandu,2025-04-06,17536.47,15
TXN105483,Butwal - Traffic Chowk,Butwal,2025-04-22,4821.09,9
TXN105484,Kathmandu - New Road,Kathmandu,2025-05-19,1708.1999999999998,4
TXN105485,Biratnagar - Main Road,Biratnagar,2025-04-01,7706.25,6
TXN105486,Kathmandu - New Road,Kathmandu,2025-12-10,2327.33,4
TXN105487,Kathmandu - New Road,Kathmandu,2025-01-14,3332.88,7
TXN105488,Pokhara - Lakeside,Pokhara,2025-02-17,6420.58,5
TXN105489,Kathmandu - New Road,Kathmandu,2025-07-27,1862.7,10
TXN105490,Bhaktapur - Suryabinayak,Bhaktapur,2025-12-11,168.16,1
TXN105491,Chitwan - Bharatpur,Chitwan,2025-12-04,1005.45,3
TXN105492,Kathmandu - Kupondole,Kathmandu,2025-09-02,29352.75,18
TXN105493,Kathmandu - Kupondole,Kathmandu,2025-02-22,2355.7,6
TXN105494,Bhaktapur - Suryabinayak,Bhaktapur,2025-09-02,12786.94,7
TXN105495,Butwal - Traffic Chowk,Butwal,2025-11-16,9488.73,14
TXN105496,Kathmandu - Kupondole,Kathmandu,2025-09-14,682.64,4
TXN105497,Bhaktapur - Suryabinayak,Bhaktapur,2025-09-12,13137.64,8
TXN105498,Butwal - Traffic Chowk,Butwal,2025-10-27,2281.08,3
TXN105499,Bhaktapur - Suryabinayak,Bhaktapur,2025-11-04,4476.45,6
TXN105500,Butwal - Traffic Chowk,Butwal,2025-04-05,1220.92,8
TXN105501,Lalitpur - Pulchowk,Lalitpur,2025-09-07,10600.53,5
TXN105502,Butwal - Traffic Chowk,Butwal,2025-10-01,9089.2,10
TXN105503,Bhaktapur - Suryabinayak,Bhaktapur,2025-07-26,5059.65,12
TXN105504,Pokhara - Lakeside,Pokhara,2025-10-01,5427.86,10
TXN105505,Butwal - Traffic Chowk,Butwal,2025-03-24,16205.699999999999,19
TXN105506,Bhaktapur - Suryabinayak,Bhaktapur,2025-09-11,3216.83,10
TXN105507,Bhaktapur - Suryabinayak,Bhaktapur,2025-04-14,3721.92,10
TXN105508,Kathmandu - New Road,Kathmandu,2025-12-28,783.22,4
TXN105509,Kathmandu - Kupondole,Kathmandu,2025-11-05,17028.019999999997,13
TXN105510,Kathmandu - New Road,Kathmandu,2025-09-09,4895.24,13
TXN105511,Kathmandu - New Road,Kathmandu,2025-07-12,5416.82,10
TXN105512,Butwal - Traffic Chowk,Butwal,2025-11-24,5680.45,8
TXN105513,Bhaktapur - Suryabinayak,Bhaktapur,2025-10-10,5188.650000000001,9
TXN105514,Pokhara - Lakeside,Pokhara,2025-12-19,2241.9700000000003,9
TXN105515,Lalitpur - Pulchowk,Lalitpur,2025-10-24,6155.41,11
TXN105516,Bhaktapur - Suryabinayak,Bhaktapur,2025-11-10,12685.019999999999,12
TXN105517,Butwal - Traffic Chowk,Butwal,2025-06-24,4449.4400000000005,12
TXN105518,Bhaktapur - Suryabinayak,Bhaktapur,2025-08-10,6244.58,11
TXN105519,Bhaktapur - Suryabinayak,Bhaktapur,2025-02-04,9690.789999999999,13
TXN105520,Kathmandu - New Road,Kathmandu,2025-10-26,7789.26,8
TXN105521,Kathmandu - Kupondole,Kathmandu,2025-01-21,11640.1,11
TXN105522,Butwal - Traffic Chowk,Butwal,2025-09-13,8502.6,11
TXN105523,Biratnagar - Main Road,Biratnagar,2025-12-08,18108.02,13
TXN105524,Biratnagar - Main Road,Biratnagar,2025-04-11,8118.57,12
TXN105525,Kathmandu - Kupondole,Kathmandu,2025-12-25,1595.8,4
TXN105526,Butwal - Traffic Chowk,Butwal,2025-04-19,12186.839999999998,13
TXN105527,Biratnagar - Main Road,Biratnagar,2025-10-05,7177.52,10
TXN105528,Bhaktapur - Suryabinayak,Bhaktapur,2025-04-12,13995.02,7
TXN105529,Butwal - Traffic Chowk,Butwal,2025-06-02,763.8,4
TXN105530,Bhaktapur - Suryabinayak,Bhaktapur,2025-09-02,4893.35,7
TXN105531,Kathmandu - Kupondole,Kathmandu,2025-09-14,132.52,1
TXN105532,Pokhara - Lakeside,Pokhara,2025-11-14,1408.5700000000002,3
TXN105533,Bhaktapur - Suryabinayak,Bhaktapur,2025-04-14,14029.560000000001,13
TXN105534,Kathmandu - New Road,Kathmandu,2025-04-06,1632.56,5
TXN105535,Butwal - Traffic Chowk,Butwal,2025-05-15,1458.94,7
TXN105536,Bhaktapur - Suryabinayak,Bhaktapur,2025-04-03,9007.72,10
TXN105537,Bhaktapur - Suryabinayak,Bhaktapur,2025-08-02,2501.58,7
TXN105538,Bhaktapur - Suryabinayak,Bhaktapur,2025-12-15,4330.19,12
TXN105539,Pokhara - Lakeside,Pokhara,2025-02-15,1904.12,4
TXN105540,Butwal - Traffic Chowk,Butwal,2025-06-30,13076.24,6
TXN105541,Butwal - Traffic Chowk,Butwal,2025-11-20,12586.53,12
TXN105542,Lalitpur - Pulchowk,Lalitpur,2025-07-30,1742.88,6
TXN105543,Butwal - Traffic Chowk,Butwal,2025-10-11,915.1800000000001,6
TXN105544,Chitwan - Bharatpur,Chitwan,2025-10-26,5005.58,17
TXN105545,Pokhara - Lakeside,Pokhara,2025-12-29,3368.12,12
TXN105546,Kathmandu - Kupondole,Kathmandu,2025-12-25,3585.35,8
TXN105547,Kathmandu - Kupondole,Kathmandu,2025-06-14,5021.030000000001,10
TXN105548,Pokhara - Lakeside,Pokhara,2025-09-09,7463.84,8
TXN105549,Kathmandu - New Road,Kathmandu,2025-02-15,4902.61,11
TXN105550,Bhaktapur - Suryabinayak,Bhaktapur,2025-04-23,6280.58,9
TXN105551,Kathmandu - Kupondole,Kathmandu,2025-05-22,15810.280000000002,14
TXN105552,Kathmandu - Kupondole,Kathmandu,2025-10-07,18479.48,11
TXN105553,Bhaktapur - Suryabinayak,Bhaktapur,2025-04-18,9583.82,8
TXN105554,Chitwan - Bharatpur,Chitwan,2025-04-21,4758.56,11
TXN105555,Bhaktapur - Suryabinayak,Bhaktapur,2025-06-10,2089.23,2
TXN105556,Bhaktapur - Suryabinayak,Bhaktapur,2025-04-10,1392.6,5
TXN105557,Biratnagar - Main Road,Biratnagar,2025-10-02,2616.36,3
TXN105558,Pokhara - Lakeside,Pokhara,2025-04-28,3395.01,6
TXN105559,Kathmandu - Kupondole,Kathmandu,2025-11-18,11652.54,12
TXN105560,Lalitpur - Pulchowk,Lalitpur,2025-11-05,4836.39,9
TXN105561,Butwal - Traffic Chowk,Butwal,2025-08-19,1069.98,3
TXN105562,Lalitpur - Pulchowk,Lalitpur,2025-10-20,1397.42,5
TXN105563,Kathmandu - New Road,Kathmandu,2025-07-21,6477.72,6
TXN105564,Pokhara - Lakeside,Pokhara,2025-04-07,2962.58,6
TXN105565,Bhaktapur - Suryabinayak,Bhaktapur,2025-09-30,6398.28,14
TXN105566,Bhaktapur - Suryabinayak,Bhaktapur,2025-09-14,4222.7,5
TXN105567,Kathmandu - Kupondole,Kathmandu,2025-01-24,4353.65,13
TXN105568,Chitwan - Bharatpur,Chitwan,2025-07-16,10350.779999999999,14
TXN105569,Butwal - Traffic Chowk,Butwal,2025-07-02,10694.67,9
TXN105570,Kathmandu - New Road,Kathmandu,2025-11-20,4153.639999999999,9
TXN105571,Biratnagar - Main Road,Biratnagar,2025-12-01,2116.52,6
TXN105572,Chitwan - Bharatpur,Chitwan,2025-09-11,3969.3900000000003,9
TXN105573,Pokhara - Lakeside,Pokhara,2025-02-09,7667.87,9
TXN105574,Pokhara - Lakeside,Pokhara,2025-02-22,1165.12,4
TXN105575,Bhaktapur - Suryabinayak,Bhaktapur,2025-11-18,17861.78,16
TXN105576,Kathmandu - Kupondole,Kathmandu,2025-10-16,3671.33,5
TXN105577,Chitwan - Bharatpur,Chitwan,2025-12-23,7496.419999999999,7
TXN105578,Bhaktapur - Suryabinayak,Bhaktapur,2025-04-02,1967.6999999999998,4
TXN105579,Lalitpur - Pulchowk,Lalitpur,2025-04-15,4929.01,5
TXN105580,Kathmandu - Kupondole,Kathmandu,2025-01-27,937.48,4
TXN105581,Chitwan - Bharatpur,Chitwan,2025-10-06,70.62,1
TXN105582,Butwal - Traffic Chowk,Butwal,2025-01-31,7870.16,11
TXN105583,Butwal - Traffic Chowk,Butwal,2025-07-16,890.26,2
TXN105584,Biratnagar - Main Road,Biratnagar,2025-10-22,804.03,5
TXN105585,Lalitpur - Pulchowk,Lalitpur,2025-07-14,1907.64,4
TXN105586,Kathmandu - New Road,Kathmandu,2025-12-03,4210.32,10
TXN105587,Bhaktapur - Suryabinayak,Bhaktapur,2025-11-12,13012.11,13
TXN105588,Butwal - Traffic Chowk,Butwal,2025-12-17,2921.26,6
TXN105589,Kathmandu - New Road,Kathmandu,2025-09-16,4677.48,10
TXN105590,Kathmandu - Kupondole,Kathmandu,2025-04-14,2417.39,9
TXN105591,Bhaktapur - Suryabinayak,Bhaktapur,2025-10-04,3145.08,3
TXN105592,Pokhara - Lakeside,Pokhara,2025-09-20,4066.5699999999997,12
TXN105593,Bhaktapur - Suryabinayak,Bhaktapur,2025-04-25,3331.96,4
TXN105594,Biratnagar - Main Road,Biratnagar,2025-10-22,6425.38,12
TXN105595,Bhaktapur - Suryabinayak,Bhaktapur,2025-12-21,316.34,2
TXN105596,Kathmandu - New Road,Kathmandu,2025-04-15,2933.87,5
TXN105597,Biratnagar - Main Road,Biratnagar,2025-01-18,2761.73,9
TXN105598,Biratnagar - Main Road,Biratnagar,2025-09-20,1180.68,5
TXN105599,Bhaktapur - Suryabinayak,Bhaktapur,2025-04-25,16921.36,13
TXN105600,Lalitpur - Pulchowk,Lalitpur,2025-03-08,8798.66,9
TXN105601,Bhaktapur - Suryabinayak,Bhaktapur,2025-12-14,1048.0,4
TXN105602,Pokhara - Lakeside,Pokhara,2025-06-26,4154.41,12
TXN105603,Butwal - Traffic Chowk,Butwal,2025-01-18,1852.49,7
TXN105604,Bhaktapur - Suryabinayak,Bhaktapur,2025-09-11,9338.57,9
TXN105605,Biratnagar - Main Road,Biratnagar,2025-01-10,3785.6899999999996,9
TXN105606,Kathmandu - Kupondole,Kathmandu,2025-11-02,5204.16,12
TXN105607,Bhaktapur - Suryabinayak,Bhaktapur,2025-09-01,4807.95,4
TXN105608,Bhaktapur - Suryabinayak,Bhaktapur,2025-08-08,16855.62,11
TXN105609,Bhaktapur - Suryabinayak,Bhaktapur,2025-11-17,18135.62,14
TXN105610,Lalitpur - Pulchowk,Lalitpur,2025-10-25,18866.26,12
TXN105611,Pokhara - Lakeside,Pokhara,2025-11-15,12392.250000000002,8
TXN105612,Bhaktapur - Suryabinayak,Bhaktapur,2025-12-14,9630.220000000001,14
TXN105613,Biratnagar - Main Road,Biratnagar,2025-09-26,2879.66,7
TXN105614,Butwal - Traffic Chowk,Butwal,2025-04-08,1896.0,6
TXN105615,Chitwan - Bharatpur,Chitwan,2025-11-12,1391.44,4
TXN105616,Kathmandu - Kupondole,Kathmandu,2025-02-22,2626.84,6
TXN105617,Butwal - Traffic Chowk,Butwal,2025-05-19,4972.4,11
TXN105618,Bhaktapur - Suryabinayak,Bhaktapur,2025-10-15,18440.0,7
TXN105619,Butwal - Traffic Chowk,Butwal,2025-01-02,10987.68,8
TXN105620,Kathmandu - New Road,Kathmandu,2025-01-20,4175.1,6
TXN105621,Butwal - Traffic Chowk,Butwal,2025-10-16,5516.78,8
TXN105622,Kathmandu - New Road,Kathmandu,2025-11-18,7342.129999999999,6
TXN105623,Chitwan - Bharatpur,Chitwan,2025-06-02,6324.99,9
TXN105624,Kathmandu - New Road,Kathmandu,2025-02-06,4169.91,7
TXN105625,Kathmandu - New Road,Kathmandu,2025-08-24,2888.36,6
TXN105626,Kathmandu - Kupondole,Kathmandu,2025-10-26,6032.389999999999,2
TXN105627,Kathmandu - New Road,Kathmandu,2025-06-15,4462.05,14
TXN105628,Kathmandu - New Road,Kathmandu,2025-05-16,2102.39,7
TXN105629,Bhaktapur - Suryabinayak,Bhaktapur,2025-01-13,2574.54,10
TXN105630,Kathmandu - New Road,Kathmandu,2025-11-27,4303.030000000001,9
TXN105631,Butwal - Traffic Chowk,Butwal,2025-02-21,321.6,4
TXN105632,Butwal - Traffic Chowk,Butwal,2025-04-26,276.6,2
TXN105633,Lalitpur - Pulchowk,Lalitpur,2025-10-12,1329.79,3
TXN105634,Butwal - Traffic Chowk,Butwal,2025-11-22,2597.82,1
TXN105635,Bhaktapur - Suryabinayak,Bhaktapur,2025-01-13,2713.37,9
TXN105636,Bhaktapur - Suryabinayak,Bhaktapur,2025-03-18,16797.949999999997,7
TXN105637,Butwal - Traffic Chowk,Butwal,2025-01-13,5004.32,12
TXN105638,Butwal - Traffic Chowk,Butwal,2025-02-27,8644.99,6
TXN105639,Biratnagar - Main Road,Biratnagar,2025-01-04,1869.96,4
TXN105640,Biratnagar - Main Road,Biratnagar,2025-07-05,2143.4700000000003,3
TXN105641,Kathmandu - New Road,Kathmandu,2025-01-18,2642.98,10
TXN105642,Kathmandu - Kupondole,Kathmandu,2025-01-23,481.2,4
TXN105643,Kathmandu - New Road,Kathmandu,2025-11-10,4613.01,9
TXN105644,Kathmandu - New Road,Kathmandu,2025-02-13,1414.47,7
TXN105645,Pokhara - Lakeside,Pokhara,2025-11-06,1633.96,8
TXN105646,Butwal - Traffic Chowk,Butwal,2025-04-04,2587.48,7
TXN105647,Kathmandu - Kupondole,Kathmandu,2025-11-21,10687.38,8
TXN105648,Lalitpur - Pulchowk,Lalitpur,2025-01-21,8729.599999999999,12
TXN105649,Chitwan - Bharatpur,Chitwan,2025-05-13,5202.08,14
TXN105650,Kathmandu - Kupondole,Kathmandu,2025-07-30,1461.23,3
TXN105651,Pokhara - Lakeside,Pokhara,2025-08-25,985.79,2
TXN105652,Chitwan - Bharatpur,Chitwan,2025-10-22,7134.79,9
TXN105653,Chitwan - Bharatpur,Chitwan,2025-05-25,12236.939999999999,11
TXN105654,Butwal - Traffic Chowk,Butwal,2025-10-05,6289.21,11
TXN105655,Lalitpur - Pulchowk,Lalitpur,2025-05-04,178.42,2
TXN105656,Butwal - Traffic Chowk,Butwal,2025-10-03,2671.99,2
TXN105657,Lalitpur - Pulchowk,Lalitpur,2025-10-24,2346.13,3
TXN105658,Butwal - Traffic Chowk,Butwal,2025-10-01,13483.24,4
TXN105659,Kathmandu - New Road,Kathmandu,2025-12-06,4457.95,9
TXN105660,Butwal - Traffic Chowk,Butwal,2025-04-10,2458.98,10
TXN105661,Bhaktapur - Suryabinayak,Bhaktapur,2025-09-24,4936.0,9
TXN105662,Bhaktapur - Suryabinayak,Bhaktapur,2025-03-26,10310.490000000002,6
TXN105663,Butwal - Traffic Chowk,Butwal,2025-10-13,2842.96,6
TXN105664,Butwal - Traffic Chowk,Butwal,2025-01-22,2958.1800000000003,6
TXN105665,Kathmandu - Kupondole,Kathmandu,2025-02-24,18451.519999999997,9
TXN105666,Lalitpur - Pulchowk,Lalitpur,2025-07-06,8317.27,10
TXN105667,Lalitpur - Pulchowk,Lalitpur,2025-02-14,4815.360000000001,11
TXN105668,Bhaktapur - Suryabinayak,Bhaktapur,2025-07-25,3195.05,10
TXN105669,Butwal - Traffic Chowk,Butwal,2025-01-09,16592.28,11
TXN105670,Chitwan - Bharatpur,Chitwan,2025-02-25,4648.05,6
TXN105671,Biratnagar - Main Road,Biratnagar,2025-08-04,4158.1,2
TXN105672,Kathmandu - Kupondole,Kathmandu,2025-10-05,12541.54,9
TXN105673,Lalitpur - Pulchowk,Lalitpur,2025-12-07,2906.0,6
TXN105674,Lalitpur - Pulchowk,Lalitpur,2025-03-24,2692.44,2
TXN105675,Butwal - Traffic Chowk,Butwal,2025-03-21,1969.2600000000002,8
TXN105676,Pokhara - Lakeside,Pokhara,2025-10-25,432.43,3
TXN105677,Kathmandu - Kupondole,Kathmandu,2025-09-30,13646.16,8
TXN105678,Biratnagar - Main Road,Biratnagar,2025-12-29,661.82,2
TXN105679,Kathmandu - Kupondole,Kathmandu,2025-09-26,660.22,2
TXN105680,Chitwan - Bharatpur,Chitwan,2025-09-16,9097.87,11
TXN105681,Pokhara - Lakeside,Pokhara,2025-06-20,3681.5,9
TXN105682,Chitwan - Bharatpur,Chitwan,2025-05-15,14776.130000000001,11
TXN105683,Chitwan - Bharatpur,Chitwan,2025-04-26,963.75,4
TXN105684,Butwal - Traffic Chowk,Butwal,2025-08-11,16486.059999999998,7
TXN105685,Biratnagar - Main Road,Biratnagar,2025-10-20,6765.6,14
TXN105686,Bhaktapur - Suryabinayak,Bhaktapur,2025-12-26,313.44,1
TXN105687,Pokhara - Lakeside,Pokhara,2025-02-24,2552.2799999999997,7
TXN105688,Butwal - Traffic Chowk,Butwal,2025-01-18,1599.81,7
TXN105689,Butwal - Traffic Chowk,Butwal,2025-05-17,411.65,5
TXN105690,Biratnagar - Main Road,Biratnagar,2025-09-08,9121.77,7
TXN105691,Bhaktapur - Suryabinayak,Bhaktapur,2025-07-26,4752.58,9
TXN105692,Kathmandu - Kupondole,Kathmandu,2025-03-12,8564.75,9
TXN105693,Lalitpur - Pulchowk,Lalitpur,2025-12-24,5715.849999999999,10
TXN105694,Bhaktapur - Suryabinayak,Bhaktapur,2025-02-20,2989.83,10
TXN105695,Butwal - Traffic Chowk,Butwal,2025-10-13,9628.65,10
TXN105696,Pokhara - Lakeside,Pokhara,2025-12-22,2112.51,11
TXN105697,Kathmandu - Kupondole,Kathmandu,2025-09-07,9265.470000000001,10
TXN105698,Lalitpur - Pulchowk,Lalitpur,2025-11-21,15783.45,9
TXN105699,Kathmandu - New Road,Kathmandu,2025-03-14,4927.6,5
TXN105700,Chitwan - Bharatpur,Chitwan,2025-10-03,2773.6099999999997,7
TXN105701,Butwal - Traffic Chowk,Butwal,2025-11-02,820.71,3
TXN105702,Chitwan - Bharatpur,Chitwan,2025-01-02,7123.63,9
TXN105703,Butwal - Traffic Chowk,Butwal,2025-10-20,10329.36,13
TXN105704,Kathmandu - New Road,Kathmandu,2025-05-11,3621.83,14
TXN105705,Bhaktapur - Suryabinayak,Bhaktapur,2025-10-07,348.26,1
TXN105706,Kathmandu - Kupondole,Kathmandu,2025-10-03,4577.01,7
TXN105707,Pokhara - Lakeside,Pokhara,2025-04-08,6790.58,9
TXN105708,Butwal - Traffic Chowk,Butwal,2025-09-11,11045.339999999998,13
TXN105709,Lalitpur - Pulchowk,Lalitpur,2025-05-27,9920.71,10
TXN105710,Kathmandu - New Road,Kathmandu,2025-11-26,5666.48,5
TXN105711,Kathmandu - Kupondole,Kathmandu,2025-11-06,1038.16,2
TXN105712,Pokhara - Lakeside,Pokhara,2025-05-12,8994.45,7
TXN105713,Kathmandu - New Road,Kathmandu,2025-10-14,3015.52,8
TXN105714,Kathmandu - New Road,Kathmandu,2025-06-03,1513.26,3
TXN105715,Lalitpur - Pulchowk,Lalitpur,2025-11-13,4861.0599999999995,15
TXN105716,Kathmandu - New Road,Kathmandu,2025-05-01,2135.2,8
TXN105717,Kathmandu - New Road,Kathmandu,2025-10-08,3653.7200000000003,10
TXN105718,Bhaktapur - Suryabinayak,Bhaktapur,2025-10-08,1165.98,4
TXN105719,Lalitpur - Pulchowk,Lalitpur,2025-06-27,3728.47,10
TXN105720,Kathmandu - New Road,Kathmandu,2025-02-22,4978.17,8
TXN105721,Biratnagar - Main Road,Biratnagar,2025-02-20,17423.03,11
TXN105722,Butwal - Traffic Chowk,Butwal,2025-08-17,1787.8,10
TXN105723,Kathmandu - Kupondole,Kathmandu,2025-12-18,5713.77,11
TXN105724,Kathmandu - New Road,Kathmandu,2025-08-09,7845.16,4
TXN105725,Lalitpur - Pulchowk,Lalitpur,2025-05-06,2452.17,8
TXN105726,Butwal - Traffic Chowk,Butwal,2025-05-14,5762.27,9
TXN105727,Kathmandu - Kupondole,Kathmandu,2025-02-02,4897.049999999999,7
TXN105728,Kathmandu - New Road,Kathmandu,2025-10-01,125.44,2
TXN105729,Butwal - Traffic Chowk,Butwal,2025-09-17,3095.92,5
TXN105730,Biratnagar - Main Road,Biratnagar,2025-01-26,1054.83,5
TXN105731,Bhaktapur - Suryabinayak,Bhaktapur,2025-03-24,2131.17,3
TXN105732,Kathmandu - Kupondole,Kathmandu,2025-09-04,6899.860000000001,8
TXN105733,Kathmandu - Kupondole,Kathmandu,2025-12-13,5425.51,7
TXN105734,Pokhara - Lakeside,Pokhara,2025-11-26,5689.5,9
TXN105735,Bhaktapur - Suryabinayak,Bhaktapur,2025-12-27,9739.51,17
TXN105736,Kathmandu - New Road,Kathmandu,2025-05-03,2520.14,6
TXN105737,Kathmandu - New Road,Kathmandu,2025-04-03,458.28,2
TXN105738,Bhaktapur - Suryabinayak,Bhaktapur,2025-10-08,530.58,2
TXN105739,Butwal - Traffic Chowk,Butwal,2025-01-17,2891.76,8
TXN105740,Lalitpur - Pulchowk,Lalitpur,2025-11-25,246.85,1
TXN105741,Lalitpur - Pulchowk,Lalitpur,2025-08-14,12416.18,15
TXN105742,Chitwan - Bharatpur,Chitwan,2025-11-22,4612.4400000000005,6
TXN105743,Kathmandu - New Road,Kathmandu,2025-01-24,4147.2300000000005,10
TXN105744,Butwal - Traffic Chowk,Butwal,2025-10-22,5413.3,2
TXN105745,Kathmandu - New Road,Kathmandu,2025-12-30,3830.56,4
TXN105746,Kathmandu - Kupondole,Kathmandu,2025-04-14,20096.989999999998,12
TXN105747,Butwal - Traffic Chowk,Butwal,2025-09-07,2361.08,9
TXN105748,Bhaktapur - Suryabinayak,Bhaktapur,2025-08-13,1493.31,4
TXN105749,Kathmandu - Kupondole,Kathmandu,2025-09-17,16321.43,15
TXN105750,Lalitpur - Pulchowk,Lalitpur,2025-04-29,11952.19,12
TXN105751,Lalitpur - Pulchowk,Lalitpur,2025-07-13,4664.52,10
TXN105752,Kathmandu - Kupondole,Kathmandu,2025-10-02,622.86,3
TXN105753,Chitwan - Bharatpur,Chitwan,2025-07-31,1689.86,1
TXN105754,Kathmandu - New Road,Kathmandu,2025-12-14,12633.79,11
TXN105755,Biratnagar - Main Road,Biratnagar,2025-09-15,333.18,1
TXN105756,Kathmandu - Kupondole,Kathmandu,2025-12-04,11652.11,11
TXN105757,Kathmandu - Kupondole,Kathmandu,2025-09-07,1939.1599999999999,5
TXN105758,Kathmandu - New Road,Kathmandu,2025-11-11,2662.1,9
TXN105759,Bhaktapur - Suryabinayak,Bhaktapur,2025-12-04,14313.38,16
TXN105760,Kathmandu - Kupondole,Kathmandu,2025-09-08,11078.23,11
TXN105761,Lalitpur - Pulchowk,Lalitpur,2025-06-17,5187.5,7
TXN105762,Bhaktapur - Suryabinayak,Bhaktapur,2025-08-23,12405.09,10
TXN105763,Lalitpur - Pulchowk,Lalitpur,2025-10-15,14677.61,17
TXN105764,Kathmandu - Kupondole,Kathmandu,2025-09-01,5032.13,3
TXN105765,Kathmandu - New Road,Kathmandu,2025-10-05,9724.4,8
TXN105766,Butwal - Traffic Chowk,Butwal,2025-12-17,1916.23,4
TXN105767,Lalitpur - Pulchowk,Lalitpur,2025-07-06,1635.31,7
TXN105768,Kathmandu - New Road,Kathmandu,2025-11-18,6403.46,12
TXN105769,Kathmandu - Kupondole,Kathmandu,2025-05-21,1161.9,5
TXN105770,Bhaktapur - Suryabinayak,Bhaktapur,2025-05-13,657.41,3
TXN105771,Butwal - Traffic Chowk,Butwal,2025-01-02,3648.84,5
TXN105772,Kathmandu - New Road,Kathmandu,2025-10-11,6125.46,3
TXN105773,Bhaktapur - Suryabinayak,Bhaktapur,2025-10-29,1484.76,7
TXN105774,Butwal - Traffic Chowk,Butwal,2025-12-01,3519.3500000000004,12
TXN105775,Biratnagar - Main Road,Biratnagar,2025-10-10,645.3199999999999,4
TXN105776,Bhaktapur - Suryabinayak,Bhaktapur,2025-08-14,8222.23,12
TXN105777,Lalitpur - Pulchowk,Lalitpur,2025-12-04,6983.76,11
TXN105778,Bhaktapur - Suryabinayak,Bhaktapur,2025-07-17,3722.65,4
TXN105779,Biratnagar - Main Road,Biratnagar,2025-05-25,21747.89,11
TXN105780,Kathmandu - Kupondole,Kathmandu,2025-07-29,6364.02,11
TXN105781,Bhaktapur - Suryabinayak,Bhaktapur,2025-10-20,3030.09,10
TXN105782,Kathmandu - Kupondole,Kathmandu,2025-03-03,7643.24,10
TXN105783,Chitwan - Bharatpur,Chitwan,2025-09-15,2077.34,6
TXN105784,Biratnagar - Main Road,Biratnagar,2025-02-05,543.47,1
TXN105785,Kathmandu - Kupondole,Kathmandu,2025-01-14,6643.44,3
TXN105786,Kathmandu - Kupondole,Kathmandu,2025-09-30,3629.2799999999997,10
TXN105787,Kathmandu - New Road,Kathmandu,2025-09-03,4035.2900000000004,15
TXN105788,Kathmandu - Kupondole,Kathmandu,2025-03-22,2704.36,8
TXN105789,Kathmandu - New Road,Kathmandu,2025-03-20,327.5,1
TXN105790,Chitwan - Bharatpur,Chitwan,2025-11-01,238.63,1
TXN105791,Pokhara - Lakeside,Pokhara,2025-11-04,1070.43,1
TXN105792,Kathmandu - Kupondole,Kathmandu,2025-08-23,18198.489999999998,14
TXN105793,Kathmandu - Kupondole,Kathmandu,2025-07-05,4314.58,12
TXN105794,Butwal - Traffic Chowk,Butwal,2025-12-15,9639.15,5
TXN105795,Lalitpur - Pulchowk,Lalitpur,2025-06-21,5261.09,5
TXN105796,Bhaktapur - Suryabinayak,Bhaktapur,2025-12-07,2142.04,4
TXN105797,Kathmandu - Kupondole,Kathmandu,2025-11-23,5603.88,4
TXN105798,Kathmandu - New Road,Kathmandu,2025-03-13,410.24,4
TXN105799,Chitwan - Bharatpur,Chitwan,2025-11-05,1339.4,2
TXN105800,Bhaktapur - Suryabinayak,Bhaktapur,2025-06-20,6571.21,12
TXN105801,Butwal - Traffic Chowk,Butwal,2025-03-06,1701.99,9
TXN105802,Bhaktapur - Suryabinayak,Bhaktapur,2025-09-20,5056.81,12
TXN105803,Pokhara - Lakeside,Pokhara,2025-06-20,7933.400000000001,16
TXN105804,Kathmandu - Kupondole,Kathmandu,2025-02-03,518.56,2
TXN105805,Kathmandu - Kupondole,Kathmandu,2025-10-27,3043.09,10
TXN105806,Chitwan - Bharatpur,Chitwan,2025-08-04,970.5,8
TXN105807,Butwal - Traffic Chowk,Butwal,2025-04-23,745.42,2
TXN105808,Kathmandu - Kupondole,Kathmandu,2025-01-28,1244.8,5
TXN105809,Kathmandu - Kupondole,Kathmandu,2025-01-11,7739.07,11
TXN105810,Bhaktapur - Suryabinayak,Bhaktapur,2025-10-01,11135.220000000001,9
TXN105811,Bhaktapur - Suryabinayak,Bhaktapur,2025-10-07,20514.519999999997,13
TXN105812,Butwal - Traffic Chowk,Butwal,2025-09-21,9812.59,7
TXN105813,Lalitpur - Pulchowk,Lalitpur,2025-10-14,1360.99,5
TXN105814,Pokhara - Lakeside,Pokhara,2025-07-03,1657.26,2
TXN105815,Lalitpur - Pulchowk,Lalitpur,2025-10-12,4548.66,9
TXN105816,Kathmandu - Kupondole,Kathmandu,2025-06-24,4168.93,7
TXN105817,Kathmandu - Kupondole,Kathmandu,2025-11-14,4793.700000000001,13
TXN105818,Kathmandu - New Road,Kathmandu,2025-03-31,10725.32,13
TXN105819,Lalitpur - Pulchowk,Lalitpur,2025-04-15,5656.900000000001,11
TXN105820,Chitwan - Bharatpur,Chitwan,2025-02-20,13594.869999999999,7
TXN105821,Kathmandu - New Road,Kathmandu,2025-09-03,6838.39,7
TXN105822,Pokhara - Lakeside,Pokhara,2025-06-10,19014.68,15
TXN105823,Bhaktapur - Suryabinayak,Bhaktapur,2025-11-25,2950.16,9
TXN105824,Bhaktapur - Suryabinayak,Bhaktapur,2025-02-10,2031.09,6
TXN105825,Pokhara - Lakeside,Pokhara,2025-01-03,3257.84,6
TXN105826,Pokhara - Lakeside,Pokhara,2025-05-24,96.9,1
TXN105827,Kathmandu - New Road,Kathmandu,2025-11-06,7923.73,11
TXN105828,Bhaktapur - Suryabinayak,Bhaktapur,2025-09-10,9708.63,10
TXN105829,Butwal - Traffic Chowk,Butwal,2025-04-13,9781.29,9
TXN105830,Bhaktapur - Suryabinayak,Bhaktapur,2025-10-03,1442.24,4
TXN105831,Butwal - Traffic Chowk,Butwal,2025-07-26,5035.3,4
TXN105832,Biratnagar - Main Road,Biratnagar,2025-02-12,20590.95,11
TXN105833,Butwal - Traffic Chowk,Butwal,2025-01-17,1707.96,4
TXN105834,Bhaktapur - Suryabinayak,Bhaktapur,2025-12-04,9282.73,10
TXN105835,Lalitpur - Pulchowk,Lalitpur,2025-05-14,1390.08,7
TXN105836,Kathmandu - New Road,Kathmandu,2025-11-07,2148.21,6
TXN105837,Bhaktapur - Suryabinayak,Bhaktapur,2025-12-14,6771.96,7
TXN105838,Butwal - Traffic Chowk,Butwal,2025-09-22,9474.17,5
TXN105839,Kathmandu - New Road,Kathmandu,2025-11-29,2684.96,10
TXN105840,Bhaktapur - Suryabinayak,Bhaktapur,2025-06-12,3710.06,6
TXN105841,Bhaktapur - Suryabinayak,Bhaktapur,2025-12-25,3777.44,4
TXN105842,Pokhara - Lakeside,Pokhara,2025-11-11,3693.25,7
TXN105843,Lalitpur - Pulchowk,Lalitpur,2025-09-01,2381.42,9
TXN105844,Butwal - Traffic Chowk,Butwal,2025-09-08,4074.8,8
TXN105845,Pokhara - Lakeside,Pokhara,2025-07-09,6070.06,5
TXN105846,Bhaktapur - Suryabinayak,Bhaktapur,2025-10-08,397.02,1
TXN105847,Biratnagar - Main Road,Biratnagar,2025-10-26,3058.1800000000003,7
TXN105848,Butwal - Traffic Chowk,Butwal,2025-01-03,6221.52,9
TXN105849,Pokhara - Lakeside,Pokhara,2025-11-07,272.43,2
TXN105850,Kathmandu - Kupondole,Kathmandu,2025-05-17,3459.5,12
TXN105851,Bhaktapur - Suryabinayak,Bhaktapur,2025-10-07,566.08,1
TXN105852,Kathmandu - Kupondole,Kathmandu,2025-10-09,2346.48,4
TXN105853,Bhaktapur - Suryabinayak,Bhaktapur,2025-04-27,6691.04,11
TXN105854,Pokhara - Lakeside,Pokhara,2025-07-16,5862.7300000000005,7
TXN105855,Kathmandu - Kupondole,Kathmandu,2025-05-12,10567.14,9
TXN105856,Kathmandu - Kupondole,Kathmandu,2025-08-03,2282.0,10
TXN105857,Bhaktapur - Suryabinayak,Bhaktapur,2025-11-09,908.16,2
TXN105858,Pokhara - Lakeside,Pokhara,2025-11-27,5756.1,6
TXN105859,Bhaktapur - Suryabinayak,Bhaktapur,2025-12-17,10603.5,13
TXN105860,Lalitpur - Pulchowk,Lalitpur,2025-08-31,3401.06,7
TXN105861,Bhaktapur - Suryabinayak,Bhaktapur,2025-08-24,5206.55,8
TXN105862,Bhaktapur - Suryabinayak,Bhaktapur,2025-06-01,5144.0,12
TXN105863,Butwal - Traffic Chowk,Butwal,2025-02-20,1182.57,3
TXN105864,Kathmandu - Kupondole,Kathmandu,2025-10-20,2912.98,8
TXN105865,Pokhara - Lakeside,Pokhara,2025-01-16,4358.049999999999,10
TXN105866,Kathmandu - New Road,Kathmandu,2025-07-06,1445.3,3
TXN105867,Bhaktapur - Suryabinayak,Bhaktapur,2025-09-20,9509.1,8
TXN105868,Pokhara - Lakeside,Pokhara,2025-07-03,1936.58,9
TXN105869,Kathmandu - New Road,Kathmandu,2025-02-14,7360.0,18
TXN105870,Butwal - Traffic Chowk,Butwal,2025-06-27,1721.38,2
TXN105871,Lalitpur - Pulchowk,Lalitpur,2025-07-15,280.68,2
TXN105872,Bhaktapur - Suryabinayak,Bhaktapur,2025-01-30,5403.400000000001,7
TXN105873,Kathmandu - Kupondole,Kathmandu,2025-06-29,8021.94,13
TXN105874,Bhaktapur - Suryabinayak,Bhaktapur,2025-03-20,16924.12,12
TXN105875,Lalitpur - Pulchowk,Lalitpur,2025-05-18,1017.11,8
TXN105876,Lalitpur - Pulchowk,Lalitpur,2025-12-03,4963.55,7
TXN105877,Butwal - Traffic Chowk,Butwal,2025-10-22,2441.04,14
TXN105878,Chitwan - Bharatpur,Chitwan,2025-07-08,5604.87,8
TXN105879,Bhaktapur - Suryabinayak,Bhaktapur,2025-08-16,10861.83,16
TXN105880,Kathmandu - New Road,Kathmandu,2025-09-17,2671.63,6
TXN105881,Kathmandu - New Road,Kathmandu,2025-12-27,3531.1899999999996,9
TXN105882,Biratnagar - Main Road,Biratnagar,2025-10-19,12006.58,18
TXN105883,Butwal - Traffic Chowk,Butwal,2025-12-12,5486.67,6
TXN105884,Kathmandu - New Road,Kathmandu,2025-09-30,1374.48,3
TXN105885,Kathmandu - New Road,Kathmandu,2025-01-08,741.1800000000001,3
TXN105886,Lalitpur - Pulchowk,Lalitpur,2025-03-17,2847.11,3
TXN105887,Bhaktapur - Suryabinayak,Bhaktapur,2025-09-11,1207.1,4
TXN105888,Kathmandu - New Road,Kathmandu,2025-03-16,11005.44,10
TXN105889,Kathmandu - New Road,Kathmandu,2025-09-17,2737.05,10
TXN105890,Pokhara - Lakeside,Pokhara,2025-12-26,4899.66,3
TXN105891,Butwal - Traffic Chowk,Butwal,2025-10-01,3317.12,2
TXN105892,Biratnagar - Main Road,Biratnagar,2025-12-02,3243.4,4
TXN105893,Kathmandu - New Road,Kathmandu,2025-09-15,7767.030000000001,11
TXN105894,Butwal - Traffic Chowk,Butwal,2025-04-08,1203.0700000000002,6
TXN105895,Bhaktapur - Suryabinayak,Bhaktapur,2025-09-25,9695.72,12
TXN105896,Chitwan - Bharatpur,Chitwan,2025-09-23,7023.42,8
TXN105897,Kathmandu - New Road,Kathmandu,2025-12-20,5932.09,12
TXN105898,Bhaktapur - Suryabinayak,Bhaktapur,2025-09-23,409.08,3
TXN105899,Butwal - Traffic Chowk,Butwal,2025-12-21,1278.92,3
TXN105900,Bhaktapur - Suryabinayak,Bhaktapur,2025-12-23,916.58,2
TXN105901,Pokhara - Lakeside,Pokhara,2025-04-28,3668.2799999999997,6
TXN105902,Butwal - Traffic Chowk,Butwal,2025-09-30,19307.04,12
TXN105903,Pokhara - Lakeside,Pokhara,2025-10-16,7946.45,8
TXN105904,Chitwan - Bharatpur,Chitwan,2025-10-31,1891.62,6
TXN105905,Butwal - Traffic Chowk,Butwal,2025-02-16,6346.929999999999,9
TXN105906,Kathmandu - New Road,Kathmandu,2025-04-28,2237.01,3
TXN105907,Kathmandu - Kupondole,Kathmandu,2025-02-09,4864.889999999999,8
TXN105908,Bhaktapur - Suryabinayak,Bhaktapur,2025-12-31,1254.96,3
TXN105909,Kathmandu - Kupondole,Kathmandu,2025-10-20,312.55,1
TXN105910,Kathmandu - Kupondole,Kathmandu,2025-04-29,6179.72,5
TXN105911,Butwal - Traffic Chowk,Butwal,2025-01-04,9450.02,6
TXN105912,Lalitpur - Pulchowk,Lalitpur,2025-05-29,2616.67,5
TXN105913,Butwal - Traffic Chowk,Butwal,2025-09-27,1177.1100000000001,3
TXN105914,Kathmandu - New Road,Kathmandu,2025-10-14,5217.44,12
TXN105915,Kathmandu - Kupondole,Kathmandu,2025-08-13,9603.49,9
TXN105916,Butwal - Traffic Chowk,Butwal,2025-10-15,2918.3199999999997,10
TXN105917,Butwal - Traffic Chowk,Butwal,2025-11-23,1431.57,3
TXN105918,Bhaktapur - Suryabinayak,Bhaktapur,2025-11-19,562.75,1
TXN105919,Pokhara - Lakeside,Pokhara,2025-07-11,1305.84,3
TXN105920,Pokhara - Lakeside,Pokhara,2025-12-29,452.47,1
TXN105921,Bhaktapur - Suryabinayak,Bhaktapur,2025-04-01,3961.92,13
TXN105922,Kathmandu - Kupondole,Kathmandu,2025-01-03,11913.74,14
TXN105923,Lalitpur - Pulchowk,Lalitpur,2025-02-10,1443.4099999999999,3
TXN105924,Butwal - Traffic Chowk,Butwal,2025-01-14,5203.360000000001,5
TXN105925,Pokhara - Lakeside,Pokhara,2025-03-11,836.88,3
TXN105926,Bhaktapur - Suryabinayak,Bhaktapur,2025-02-18,3974.19,10
TXN105927,Pokhara - Lakeside,Pokhara,2025-09-18,4954.42,6
TXN105928,Chitwan - Bharatpur,Chitwan,2025-10-26,2271.6,7
TXN105929,Biratnagar - Main Road,Biratnagar,2025-11-22,219.41,1
TXN105930,Butwal - Traffic Chowk,Butwal,2025-11-12,2422.71,9
TXN105931,Bhaktapur - Suryabinayak,Bhaktapur,2025-04-30,963.3,2
TXN105932,Bhaktapur - Suryabinayak,Bhaktapur,2025-11-28,7139.2,4
TXN105933,Bhaktapur - Suryabinayak,Bhaktapur,2025-02-19,3952.5699999999997,3
TXN105934,Chitwan - Bharatpur,Chitwan,2025-11-16,1361.94,3
TXN105935,Kathmandu - Kupondole,Kathmandu,2025-10-31,4029.9800000000005,7
TXN105936,Kathmandu - Kupondole,Kathmandu,2025-01-16,7855.94,11
TXN105937,Butwal - Traffic Chowk,Butwal,2025-04-20,1188.48,4
TXN105938,Bhaktapur - Suryabinayak,Bhaktapur,2025-03-08,1799.6100000000001,8
TXN105939,Kathmandu - New Road,Kathmandu,2025-09-23,9649.75,11
TXN105940,Lalitpur - Pulchowk,Lalitpur,2025-07-17,1585.06,7
TXN105941,Lalitpur - Pulchowk,Lalitpur,2025-11-10,1880.98,4
TXN105942,Biratnagar - Main Road,Biratnagar,2025-11-18,8547.36,10
TXN105943,Bhaktapur - Suryabinayak,Bhaktapur,2025-09-02,9847.66,17
TXN105944,Lalitpur - Pulchowk,Lalitpur,2025-12-20,8445.57,9
TXN105945,Bhaktapur - Suryabinayak,Bhaktapur,2025-04-23,7570.45,12
TXN105946,Butwal - Traffic Chowk,Butwal,2025-06-14,1574.66,2
TXN105947,Bhaktapur - Suryabinayak,Bhaktapur,2025-04-05,4852.02,7
TXN105948,Butwal - Traffic Chowk,Butwal,2025-09-17,2780.7200000000003,4
TXN105949,Kathmandu - Kupondole,Kathmandu,2025-11-24,1702.35,6
TXN105950,Kathmandu - Kupondole,Kathmandu,2025-06-19,13012.0,13
TXN105951,Butwal - Traffic Chowk,Butwal,2025-01-21,884.04,3
TXN105952,Kathmandu - New Road,Kathmandu,2025-05-01,3840.86,10
TXN105953,Bhaktapur - Suryabinayak,Bhaktapur,2025-09-30,7139.26,8
TXN105954,Bhaktapur - Suryabinayak,Bhaktapur,2025-11-13,181.0,2
TXN105955,Biratnagar - Main Road,Biratnagar,2025-11-30,1135.16,2
TXN105956,Kathmandu - Kupondole,Kathmandu,2025-09-29,8139.46,9
TXN105957,Biratnagar - Main Road,Biratnagar,2025-09-10,18877.84,12
TXN105958,Kathmandu - New Road,Kathmandu,2025-11-10,6493.71,14
TXN105959,Kathmandu - New Road,Kathmandu,2025-07-06,2652.78,2
TXN105960,Kathmandu - Kupondole,Kathmandu,2025-11-19,7454.120000000001,7
TXN105961,Kathmandu - Kupondole,Kathmandu,2025-11-24,5150.8099999999995,8
TXN105962,Butwal - Traffic Chowk,Butwal,2025-12-17,8320.14,11
TXN105963,Butwal - Traffic Chowk,Butwal,2025-01-14,29100.51,18
TXN105964,Kathmandu - New Road,Kathmandu,2025-12-02,5047.22,8
TXN105965,Pokhara - Lakeside,Pokhara,2025-11-21,98.04,1
TXN105966,Biratnagar - Main Road,Biratnagar,2025-09-22,324.65,1
TXN105967,Kathmandu - Kupondole,Kathmandu,2025-11-28,2378.94,4
TXN105968,Lalitpur - Pulchowk,Lalitpur,2025-11-10,1824.23,9
TXN105969,Bhaktapur - Suryabinayak,Bhaktapur,2025-11-19,5122.43,11
TXN105970,Pokhara - Lakeside,Pokhara,2025-04-02,10635.28,9
TXN105971,Butwal - Traffic Chowk,Butwal,2025-10-30,691.76,4
TXN105972,Butwal - Traffic Chowk,Butwal,2025-03-11,7216.32,5
TXN105973,Butwal - Traffic Chowk,Butwal,2025-04-15,2677.82,6
TXN105974,Chitwan - Bharatpur,Chitwan,2025-03-25,696.94,4
TXN105975,Pokhara - Lakeside,Pokhara,2025-07-19,3402.18,4
TXN105976,Pokhara - Lakeside,Pokhara,2025-10-05,2498.58,3
TXN105977,Butwal - Traffic Chowk,Butwal,2025-11-09,1573.07,6
TXN105978,Kathmandu - New Road,Kathmandu,2025-04-15,12988.880000000001,12
TXN105979,Kathmandu - New Road,Kathmandu,2025-02-05,21672.4,15
TXN105980,Bhaktapur - Suryabinayak,Bhaktapur,2025-11-08,5025.280000000001,7
TXN105981,Bhaktapur - Suryabinayak,Bhaktapur,2025-12-27,21523.569999999996,11
TXN105982,Bhaktapur - Suryabinayak,Bhaktapur,2025-04-17,8710.26,8
TXN105983,Kathmandu - Kupondole,Kathmandu,2025-12-05,2522.1,6
TXN105984,Bhaktapur - Suryabinayak,Bhaktapur,2025-08-03,3955.38,4
TXN105985,Bhaktapur - Suryabinayak,Bhaktapur,2025-10-05,12158.31,11
TXN105986,Kathmandu - Kupondole,Kathmandu,2025-12-28,13707.52,4
TXN105987,Bhaktapur - Suryabinayak,Bhaktapur,2025-10-04,3826.2299999999996,8
TXN105988,Chitwan - Bharatpur,Chitwan,2025-05-20,4080.62,6
TXN105989,Bhaktapur - Suryabinayak,Bhaktapur,2025-11-20,7253.18,12
TXN105990,Kathmandu - Kupondole,Kathmandu,2025-02-14,1854.27,3
TXN105991,Bhaktapur - Suryabinayak,Bhaktapur,2025-10-14,8601.51,8
TXN105992,Kathmandu - New Road,Kathmandu,2025-03-22,7687.03,18
TXN105993,Bhaktapur - Suryabinayak,Bhaktapur,2025-03-21,723.03,3
TXN105994,Kathmandu - New Road,Kathmandu,2025-03-20,2812.6800000000003,5
TXN105995,Lalitpur - Pulchowk,Lalitpur,2025-09-01,1060.21,1
TXN105996,Butwal - Traffic Chowk,Butwal,2025-02-14,2058.8,4
TXN105997,Pokhara - Lakeside,Pokhara,2025-12-27,6200.86,13
TXN105998,Lalitpur - Pulchowk,Lalitpur,2025-07-25,6124.62,12
TXN105999,Chitwan - Bharatpur,Chitwan,2025-09-08,15478.62,11
